Id,Name,2021-08-25 10:08:15,2021-08-26 10:06:01,2021-08-27 10:11:09,2021-08-28 10:01:54,2021-08-29 10:07:46,2021-08-30 10:04:11,2021-08-31 10:06:53
5888672,ADATA XPG EMIX H30 + SOLOX F30,"119,000","119,000","119,000","119,000","119,000","119,000","119,000"
14778497,AJAZZ AX365 7.1 채널 게이밍 해드셋,"해외구매_25,300|정품_36,000","정품_36,000|해외구매_29,900","해외구매_29,900|정품_36,000","해외구매_29,900|정품_36,000","정품_36,000|해외구매_27,257","정품_36,000|해외구매_29,900","정품_36,000|해외구매_29,900"
14778488,AJAZZ AX365 7.1 채널 게이밍 해드셋,"정품_36,000|해외구매_25,300","정품_36,000|해외구매_29,900",0,0,0,0,"해외구매_29,900|정품_36,000"
12665285,ANYZEN AZ-3355 스테레오 게이밍 헤드셋,"11,060","11,060","11,060",0,"11,060","11,060","11,060"
10651296,ANYZEN AZ-380 게이밍 헤드셋,"9,900","9,900",0,0,0,0,0
12665087,ANYZEN AZ-580 스테레오 게이밍 헤드셋,"11,040","11,040","11,040","11,040","11,040","11,040","11,040"
13484066,ASUS ASUS ROG DELTA S,"정품_249,000|해외구매_293,150","정품_259,000|해외구매_293,100","정품_259,000|해외구매_293,100","정품_259,000|해외구매_293,100","정품_259,000|해외구매_293,100","정품_259,000|해외구매_293,100","정품_259,000|해외구매_293,100"
2692054,ASUS Cerberus 게이밍 헤드셋,"정품_72,100",0,0,0,0,0,0
4922078,ASUS ROG Centurion True 7.1,"정품_299,000","정품_299,000","정품_299,000","정품_299,000","정품_299,000","정품_299,000","정품_299,000"
6624229,ASUS ROG DELTA,"해외구매_186,990|정품_239,000","해외구매_186,990|정품_239,000","해외구매_186,990|정품_239,000","해외구매_186,990|정품_239,000","해외구매_186,990|정품_239,000","해외구매_186,990|정품_239,000","해외구매_186,990|정품_239,000"
7207030,ASUS ROG DELTA CORE,"정품_128,900","정품_128,900","정품_128,900","정품_128,900","정품_128,900","정품_128,900","정품_128,900"
5801543,ASUS ROG STRIX FUSION 300,"정품_139,000","정품_139,000","정품_139,000","정품_139,000","정품_139,000","정품_139,000","정품_139,000"
8216701,ASUS ROG STRIX FUSION 300 PINK,"169,000","169,000","169,000","169,000","169,000","169,000","169,000"
13913654,ASUS ROG STRIX FUSION 300 PINK CROWN,"169,000","169,000","169,000","169,000","169,000","169,000","169,000"
7284919,ASUS ROG STRIX FUSION 700,"정품_299,000|해외구매_223,950","정품_299,000|해외구매_223,700","정품_299,000|해외구매_223,470","정품_299,000|해외구매_223,460","정품_299,000|해외구매_223,220","정품_299,000|해외구매_223,170","정품_299,000|해외구매_222,990"
7207225,ASUS ROG STRIX FUSION WIRELESS,"정품_149,000|해외구매_104,230","정품_149,000|해외구매_104,230","정품_149,000|해외구매_100,220","정품_149,000|해외구매_103,390","정품_149,000|해외구매_103,390","정품_149,000|해외구매_103,390","정품_149,000|해외구매_103,390"
11847379,ASUS ROG STRIX GO 2.4,"정품_239,000|해외구매_253,520","정품_249,000|해외구매_253,520","정품_249,000|해외구매_253,520","정품_249,000|해외구매_250,420","정품_249,000|해외구매_250,420","정품_249,000|해외구매_253,520","정품_249,000|해외구매_253,520"
15101150,ASUS ROG STRIX GO 2.4 Electro Punk,0,0,"해외구매_129,090|정품_259,000","해외구매_129,090|정품_258,950","해외구매_129,090|정품_258,950","해외구매_129,090|정품_259,000","정품_258,950|해외구매_129,090"
15101114,ASUS ROG STRIX GO 2.4 Electro Punk,0,0,"정품_259,000|해외구매_129,090","정품_258,950|해외구매_129,090",0,0,"해외구매_129,090|정품_258,950"
14962085,ASUS ROG STRIX GO CORE Moonlight White,"109,000","109,000","109,000","108,950","108,950","99,190","99,190"
12621641,ASUS ROG THETA 7.1,"해외구매_378,940","해외구매_378,940","해외구매_378,940","해외구매_378,940","해외구매_378,940","해외구매_378,940","해외구매_378,940"
10365117,ASUS ROG THETA 7.1채널,"정품_359,000","정품_359,000","정품_358,010","정품_359,000","정품_358,010","정품_358,010","정품_358,010"
3431208,ASUS STRIX 7.1채널,"해외구매_256,500","해외구매_256,500","해외구매_256,500","해외구매_256,500","해외구매_256,500",0,0
11470149,ASUS TUF Gaming H7 Wireless,"128,950","128,700","128,640","128,950","128,700","129,000","129,000"
10685517,ASUS TUF H3,"55,000","55,000","55,000","52,300","52,300","52,300","52,900"
14966087,ASUS TUF H3 WIRELESS,일시품절,"107,100","119,000","118,950","118,950","119,000","119,000"
1238727,Actto BKS-38 아이스크림 게이밍 헤드셋,0,"9,190","9,190","9,190","9,190","9,190","9,190"
2037683,Actto BKS-50,0,0,0,0,0,"7,490","7,490"
7117405,Actto BKS-78 USB 게이밍 헤드셋,"19,980","19,980","19,980","19,980",0,0,0
3282119,Actto GBKS-01,"11,540",0,0,0,0,0,0
14087807,Actto GBKS-12,"25,820","25,800","25,780","25,780","25,650","25,900","25,860"
14607980,Actto 브라이트 블루투스 헤드셋 BTH-08,"24,900","24,900","24,900","24,900","24,900","24,900","24,900"
5260655,Actto 팝팝 키즈 BKS-74,"22,630","22,330","22,330","23,230","23,230","22,930","22,930"
6560046,Audeze Mobius,"548,990","548,990","548,990","548,990","548,990","548,990","548,990"
14904944,Audeze Penrose,"정품_429,000|해외구매_492,330","해외구매_492,330|정품_429,000","해외구매_492,330|정품_429,000","해외구매_492,330|정품_428,950","해외구매_492,330|정품_428,700","해외구매_492,330|정품_428,460",0
14904935,Audeze Penrose,"정품_429,000|해외구매_492,330","정품_429,000|해외구매_492,330","정품_429,000|해외구매_492,330","정품_428,950|해외구매_492,330","정품_428,700|해외구매_492,330","정품_428,460|해외구매_492,330","해외구매_492,330|정품_428,280"
14904917,Audeze Penrose X,"정품_429,000|해외구매_497,390","정품_429,000|해외구매_497,150","해외구매_496,910|정품_429,000","해외구매_496,670|정품_428,950","해외구매_496,430|정품_428,700","해외구매_496,380|정품_428,460",0
14904911,Audeze Penrose X,"정품_429,000|해외구매_497,390","정품_429,000|해외구매_497,150","정품_429,000|해외구매_496,910","정품_428,950|해외구매_496,670","정품_428,700|해외구매_496,430","정품_428,460|해외구매_496,380","해외구매_496,190|정품_428,280"
14335184,BOYA BY-HP2,"해외구매_65,950|정품_122,450","해외구매_65,950|정품_122,450","해외구매_65,950|정품_122,450","해외구매_65,950|정품_121,750","해외구매_65,950|정품_122,450","해외구매_65,950|정품_122,450",0
13967537,BOYA BY-HP2,0,0,0,0,0,0,"해외구매_65,950|정품_121,750"
5448981,Britz KG20 가상 7.1채널 게이밍,"47,000","47,000","47,000","47,000","47,000","47,000","47,000"
11777194,Britz KG30,"55,000","55,000","55,000","55,000","55,000","55,000","55,000"
14273279,Britz 가상 7.1 채널 헤드셋 거치대 세트 BHST-K550,"34,500","34,500","34,500","34,500","34,500","34,500","34,370"
14272883,Britz 가상 7.1 채널 헤드셋 거치대 세트 BHST-K830,"43,240","43,240","43,240","43,240","43,240","43,240","43,240"
14273699,Britz 가상 7.1채널 헤드셋 거치대 세트 BHST-K33GH,"35,900","35,900","35,900","35,900","35,900","35,900","35,590"
12683798,Britz 브리츠인터내셔널 BA-MPK1 게이밍 헤드셋,"36,900","36,900","36,900","36,900","36,900","36,900","36,900"
12433733,Britz 브리츠인터내셔널 BZ-HK40,"76,500","76,500","76,500","76,500","76,500","76,500","76,500"
3216182,Britz 브리츠인터내셔널 G2 헤카테,"39,000","39,000","39,000","37,050","37,050","38,500","39,000"
6443249,Britz 브리츠인터내셔널 HS20 게이밍 헤드셋,"142,360","142,360","142,360","142,360","142,360","142,360","142,360"
6212432,Britz 브리츠인터내셔널 K150GH,0,"34,900","34,900","34,900",0,0,0
6222386,Britz 브리츠인터내셔널 K250GHV 가상 7.1채널 진동 LED 게이밍 헤드셋,"45,000","45,000","43,580","45,000","45,000","45,000","45,000"
6985690,Britz 브리츠인터내셔널 K33GH,"정품_17,900|2개, 정품_60,900","정품_17,900|2개, 정품_60,900","정품_17,900|2개, 정품_60,900","정품_17,900|2개, 정품_60,900","정품_17,900|2개, 정품_60,900","정품_17,900|2개, 정품_60,900","정품_17,900|2개, 정품_60,900"
4874516,Britz 브리츠인터내셔널 K35GH,"19,800","19,800","19,800","19,800","19,800","19,800","19,800"
10494042,Britz 브리츠인터내셔널 K360GH,"39,500","39,500","39,500","39,500","39,500","39,500","39,500"
10494114,Britz 브리츠인터내셔널 K380GH,"43,000","43,000","43,000","43,000","43,000","43,000","43,000"
6985324,Britz 브리츠인터내셔널 K38GH,"22,150","22,150","22,150","22,150","22,150","22,150","22,150"
7036246,Britz 브리츠인터내셔널 K460GH,"60,210","60,210","60,210","60,210","60,210","60,210","60,210"
1985862,Britz 브리츠인터내셔널 K550,"16,900","16,900","16,900","16,900","16,900","16,900","16,900"
12834641,Britz 브리츠인터내셔널 K71GH 가상 7.1채널 RGB 게이밍 헤드셋,"29,800","29,800","29,800","29,800","29,510","29,800","29,800"
12616313,Britz 브리츠인터내셔널 K820,"27,000","27,000","27,000","27,000","27,000","27,000","27,000"
2010541,Britz 브리츠인터내셔널 K830,"29,000","29,000","29,000","29,000","29,000","29,000","29,000"
12775880,Britz 브리츠인터내셔널 KG20 ENC PLUS 가상 7.1채널 게이밍 헤드셋,"47,000","47,000","47,000","47,000","47,000","47,000","47,000"
6696574,Britz 브리츠인터내셔널 KG40,"83,660","83,660","83,660","83,660","83,660","83,660","83,660"
9658488,Britz 브리츠인터내셔널 KG50,"79,000","79,000","79,000","79,000","79,000","79,000","79,000"
8098264,Britz 브리츠인터내셔널 KG95X 리얼 5.2 멀티채널 진동 게이밍 헤드셋,"89,000","89,000","89,000","89,000","89,000","89,000","89,000"
1642765,CAMAC CMK-1090MV,"5,000","5,000","5,000","5,000","5,000","5,000","5,000"
1283241,CAMAC CMK-1102MV,"3,490","3,490","3,490","3,490","3,490","3,490","3,490"
4749339,CAMAC CMK-1300 USB,"9,490","9,470","9,470","9,470","9,470","9,470","9,470"
838897,CAMAC CMK-502MV,"2,300","2,300","2,300","2,300","2,300","2,300","2,300"
898184,CAMAC CMK-503MV,"2,740","2,740","2,740","2,740","2,740","2,740","2,740"
5270260,CJ ENM ENTUS CJDM-LV200,"24,480","24,480","24,480","24,480","24,480","24,480","24,480"
5591654,CJ ENM ENTUS CJOGN-LV300 7.1채널 진동 LED,"35,500","35,500","35,500","35,500","35,500","35,500","35,500"
9867114,CJ ENM ENTUS GH17D 듀얼유닛 카본 가상 7.1채널 LED 진동 게이밍 헤드셋,"26,500","26,500","26,500","26,500","26,500","26,500","26,500"
6836719,CJ ENM ENTUS H3 스테레오,"13,900",0,0,0,0,0,0
6870865,CJ ENM ENTUS H5 스테레오,"16,060",0,0,0,0,0,0
6530732,CJ ENM ENTUS LV400 CAMO LED 가상 7.1채널 진동,"24,500","24,500","24,500","24,500","24,500","24,500","24,500"
9876009,CJ ENM ENTUS LV450 가상 7.1채널 RGB 진동 게이밍 헤드셋,"24,500","24,500","24,500","24,500","24,500","24,500","24,500"
6380023,COBY X79 게이밍 헤드셋,"17,920",0,0,0,0,0,0
2885391,CORSAIR H1500 게이밍 헤드셋,"정품_116,500","정품_116,500","정품_116,500","정품_116,500","정품_116,500","정품_116,500","정품_116,500"
8379099,CORSAIR HS35 스테레오,"정품_69,000","정품_69,000","정품_69,000","정품_69,000","정품_68,900","정품_68,900","정품_69,000"
9721875,CORSAIR HS45 SURROUND,"정품_77,050|해외구매_55,180","정품_77,050|해외구매_55,180","정품_77,050|해외구매_55,180","정품_77,050|해외구매_55,180","정품_77,050|해외구매_55,180","정품_77,050|해외구매_55,180","정품_78,900|해외구매_57,820"
5675621,CORSAIR HS50,"정품_79,900","정품_79,900","정품_79,900","정품_79,900","정품_79,900","정품_79,900","정품_79,900"
10189260,CORSAIR HS50 PRO,"정품_79,800|해외구매_58,100","정품_79,800|해외구매_58,100","정품_79,800|해외구매_58,100","정품_79,800|해외구매_58,100","정품_79,800|해외구매_58,100","정품_79,800|해외구매_58,100","정품_79,800|해외구매_58,100"
12572522,CORSAIR HS60 HAPTIC 스테레오 게이밍 헤드셋,"정품_169,000|해외구매_145,950","정품_169,000|해외구매_145,720","정품_169,000|해외구매_145,720","정품_169,000|해외구매_145,710","정품_169,000|해외구매_145,470","정품_168,900|해외구매_145,420","정품_169,000|해외구매_145,230"
9718476,CORSAIR HS60 PRO SURROUND,"정품_98,900|해외구매_71,350","정품_98,900|해외구매_71,350","정품_98,900|해외구매_71,350","정품_99,000|해외구매_73,770","정품_99,000|해외구매_73,770","정품_98,900|해외구매_73,770","정품_99,000|해외구매_73,770"
5911761,CORSAIR HS60 SURROUND,"정품_98,900","정품_98,900","정품_98,900","정품_98,900","정품_98,900","정품_98,900","정품_98,900"
12913094,CORSAIR HS70 BLUETOOTH,"정품_147,000|해외구매_115,560","정품_147,000|해외구매_115,560","정품_147,000|해외구매_139,950","정품_147,000|해외구매_139,950","정품_147,000|해외구매_139,950","정품_147,000|해외구매_139,950","정품_147,000|해외구매_139,950"
10063479,CORSAIR HS70 PRO WIRELESS,"120,700","120,700","120,700","129,000","129,000","129,000","129,000"
6294139,CORSAIR HS70 SE WIRELESS 7.1채널,"정품_129,000|해외구매_290,900","정품_129,000|해외구매_290,900","정품_129,000|해외구매_290,900","정품_129,000|해외구매_290,900","정품_129,000|해외구매_290,900","정품_129,000|해외구매_290,900","정품_129,000|해외구매_290,900"
6206127,CORSAIR HS70 WIRELESS 7.1채널,"정품_129,000","정품_129,000","정품_129,000","정품_129,000","정품_129,000","정품_129,000","정품_129,000"
13888646,CORSAIR HS75 XB Wireless,"정품_201,900|해외구매_184,840","정품_201,900|해외구매_184,840","정품_201,900|해외구매_184,840","정품_201,900|해외구매_184,840","정품_201,900|해외구매_184,840","정품_201,900|해외구매_184,840","정품_201,900|해외구매_184,840"
15050054,CORSAIR HS80 RGB WIRELESS,가격비교예정,가격비교예정,가격비교예정,가격비교예정,가격비교예정,가격비교예정,가격비교예정
9618975,CORSAIR VIRTUOSO RGB WIRELESS,"259,000","259,000","259,000","259,000","258,900","258,900","259,000"
13104968,CORSAIR VIRTUOSO RGB WIRELESS Pearl,"259,000","259,000","259,000","259,000","258,900","258,890","259,000"
9619119,CORSAIR VIRTUOSO RGB WIRELESS SE,"정품_296,100|해외구매_228,290","정품_296,100|해외구매_240,890","정품_296,100|해외구매_240,890","정품_296,100|해외구매_240,890","정품_296,100|해외구매_240,890","정품_296,100|해외구매_240,890","정품_293,139|해외구매_240,890"
15050411,CORSAIR VIRTUOSO RGB WIRELESS XT,"해외구매_407,460|정품_가격비교예정","정품_가격비교예정|해외구매_407,460","해외구매_407,460|정품_가격비교예정","해외구매_407,460|정품_가격비교예정","정품_가격비교예정|해외구매_407,460","정품_가격비교예정|해외구매_407,460","정품_가격비교예정|해외구매_404,800"
15050357,CORSAIR VIRTUOSO RGB WIRELESS XT,0,0,0,0,0,0,"해외구매_404,800|정품_가격비교예정"
12591152,CORSAIR VIRTUOSO SE Espresso,"정품_299,000|해외구매_261,590","정품_299,000|해외구매_261,590","정품_299,000|해외구매_261,590","정품_299,000|해외구매_261,590","정품_299,000|해외구매_261,590","정품_299,000|해외구매_261,590","정품_299,000|해외구매_261,590"
9593673,CORSAIR VOID ELITE SURROUND,"정품_99,000|해외구매_74,900","정품_99,000|해외구매_74,900","정품_99,000|해외구매_84,180","정품_99,000|해외구매_84,180","정품_99,000|해외구매_84,180","정품_99,000|해외구매_84,160","정품_99,000|해외구매_84,160"
12670133,CORSAIR VOID ELITE 스테레오 게이밍 헤드셋,"정품_95,000","정품_95,000","정품_95,000|해외구매_47,710","정품_95,000|해외구매_49,090","정품_95,000|해외구매_49,090","정품_95,000|해외구매_49,090","정품_95,000|해외구매_49,090"
5486794,CORSAIR VOID PRO ELITE SURROUND,"정품_99,000","정품_99,000","정품_99,000","정품_99,000","정품_99,000","정품_99,000","정품_99,000"
5600985,CORSAIR VOID PRO RGB USB,"병행수입_359,600|정품_245,100","병행수입_359,600|정품_245,100","병행수입_359,600|정품_245,100","병행수입_359,600|정품_245,100","병행수입_359,600|정품_245,100","병행수입_359,600|정품_245,100","병행수입_359,600|정품_245,100"
5486613,CORSAIR VOID PRO RGB WIRELESS,"정품_143,000|병행수입_181,910","정품_143,000|병행수입_181,910","정품_143,000|병행수입_181,910","정품_143,000|병행수입_181,910","정품_143,000|병행수입_181,910","정품_143,000|병행수입_181,910","정품_143,000|병행수입_181,910"
5486347,CORSAIR VOID PRO RGB WIRELESS SE,"정품_330,530|해외구매_일시품절","정품_330,530|해외구매_일시품절","정품_330,530|해외구매_일시품절","정품_330,530|해외구매_일시품절","정품_330,530|해외구매_일시품절","정품_330,530|해외구매_일시품절","정품_330,530|해외구매_일시품절"
10193070,CORSAIR VOID RGB ELITE USB,"화이트, 정품_118,900|카본 블랙, 정품_94,800|해외구매_73,600","화이트, 정품_119,000|카본 블랙, 정품_94,500|해외구매_73,600","화이트, 정품_119,000|카본 블랙, 정품_94,500|해외구매_73,600","화이트, 정품_119,000|카본 블랙, 정품_94,500|해외구매_73,600","화이트, 정품_118,900|카본 블랙, 정품_94,500|해외구매_73,600","화이트, 정품_118,900|카본 블랙, 정품_94,500|해외구매_73,600","화이트, 정품_119,000|카본 블랙, 정품_94,500|해외구매_73,600"
9963978,CORSAIR VOID RGB ELITE WIRELESS,"카본 블랙, 정품_139,500|화이트, 정품_143,000|해외구매_83,000","카본 블랙, 정품_139,500|화이트, 정품_143,000|해외구매_83,000","카본 블랙, 정품_139,500|화이트, 정품_143,000|해외구매_83,000","카본 블랙, 정품_139,500|화이트, 정품_143,000|해외구매_83,000","카본 블랙, 정품_139,500|화이트, 정품_142,900|해외구매_83,000","카본 블랙, 정품_139,500|화이트, 정품_142,900|해외구매_83,000","카본 블랙, 정품_138,105|화이트, 정품_143,000|해외구매_83,000"
5304389,CORSAIR VOID Surround Hybrid Stereo,"정품_112,000","정품_112,000","정품_112,000","정품_112,000","정품_112,000","정품_112,000","정품_112,000"
3520700,CORSAIR VOID USB Dolby 7.1채널,"정품_133,400","정품_133,400","정품_133,400","정품_133,400","정품_133,400","정품_133,400","정품_133,400"
13246667,COUGAR HX330 게이밍 헤드셋,"49,000","49,000","49,000","49,000","49,000","49,000","49,000"
8548172,COUGAR IMMERSA PRO TI,"정품_128,000","정품_128,000","정품_128,000","정품_127,950","정품_127,950","정품_127,950","정품_128,000"
13649336,COUGAR IMMERSA TI EX,"85,560","85,560","85,560","83,660","85,420","85,420","85,420"
4226911,COUGAR Immersa,"정품_78,840","정품_78,840","정품_78,840","정품_78,840","정품_78,840","정품_78,840","정품_78,840"
5344713,COUGAR Immersa Pro 가상 7.1채널,"133,000","133,000","133,000","133,000","133,000","133,000","133,000"
7865968,COUGAR Immersa TI,"정품_79,000|해외구매_94,800","정품_79,000|해외구매_94,800","정품_77,050|해외구매_76,340","정품_77,040|해외구매_76,340","정품_76,920|해외구매_76,340","정품_76,920|해외구매_76,340","정품_76,920|해외구매_76,340"
6164662,COUGAR PHONTUM,"72,000","72,000","72,000","72,000","72,000","72,000","72,000"
7277551,COUGAR PHONTUM ESSENTIAL,"58,000","58,000","58,000","58,000","58,000","58,000","58,000"
10339740,COUGAR PHONTUM S,"72,080","72,080","72,080","72,080","72,080","72,080","72,080"
10341108,COUGAR PHONTUM S PINK,"73,270","73,270","73,270","73,270","73,270","73,270","73,270"
5764963,COX CH10 스테레오 게이밍 헤드셋,"94,000","94,000","94,000","94,000","94,000","94,000","94,000"
6208960,COX CH20 스테레오 게이밍 헤드셋,"95,000","95,000","95,000","95,000","95,000","95,000","95,000"
13078178,COX CH25 컴포트핏 스테레오 게이밍 헤드셋,"10,370","10,370","10,370","10,500","10,500","10,500","10,420"
13078607,COX CH33 가상 7.1채널 게이밍 헤드셋,"21,100","21,100","21,100","21,100","21,100","21,100","21,100"
5611298,COX CH35 일루젼 7.1채널 레인보우 큐브 LED 게이밍 헤드셋,"29,000","29,000","29,000","29,000","29,000","29,000","29,000"
6396996,COX CH42 초경량 7.1채널 LED 노이즈 캔슬링 마이크 3D 게이밍 헤드셋,"29,200","29,200","29,200","29,200","29,200","29,200","29,200"
14364227,COX CH43 가상 7.1 ENC EQ RGB 초경량 게이밍 헤드셋,"24,500","24,500","24,500","24,500","24,250","24,000","24,500"
9479856,COX CH50 CORAL 가상 7.1채널 RGB LED 진동 게이밍 헤드셋,"38,900","38,900","38,900","38,900","38,900","38,900","38,900"
7959565,COX CH50 IMPACT 가상 7.1채널 RGB LED 진동 게이밍 헤드셋,"28,490","28,490","28,490","28,490","28,490","28,490","28,490"
5755174,COX CH50 가상 7.1채널 RGB 게이밍 헤드셋,"40,900","40,900","40,900","40,900","40,900","40,900","40,900"
8088961,COX CH55 가상 7.1채널 초경량 진동 RGB 노이즈 캔슬링 게이밍 헤드셋,"39,500","39,500","39,500","39,500","39,500","39,500","39,500"
5888790,COX CH60 리얼 7.1채널 진동 RGB LED,"59,900","59,900","59,880","59,880","59,900","59,880","59,880"
10965105,COX CH60 사운드플러스 리얼 7.1채널 진동 RGB LED 게이밍 헤드셋,"59,900","59,900","59,900","59,900","59,900","59,900","59,900"
9412881,COX SCARLET 가상 7.1채널 RGB 노이즈 캔슬링 마이크 진동 초경량 게이밍 헤드셋,"34,480","34,480","34,480","34,480","34,480","34,480","34,080"
10008009,COX TOCO 무선 가상 7.1채널 초경량 RGB 노이즈 캔슬링 게이밍 헤드셋,"84,400","84,370","84,250","84,140","84,010","83,900","83,890"
13507823,COX WCH220 가상 7.1채널 게이밍 헤드셋,"82,200","82,200","82,200","82,200","82,200","82,200","82,200"
6448109,COX ZH12 7.1채널 LED 노이즈 캔슬링 마이크 3D 게이밍 헤드셋,"49,800","49,800","49,800","49,800","49,800","121,900","121,900"
6530042,COX ZH301 7.1채널 진동 LED 노이즈 캔슬링 마이크 3D 게이밍 헤드셋,"60,480","60,480","60,480","60,480","60,480","60,480","60,480"
10699854,Creative SXFI AIR,"198,950","198,950","198,950","198,950","198,950","198,950","198,950"
14200781,Creative SXFI AIR C,"해외구매_184,150","해외구매_184,150","해외구매_184,150","해외구매_184,150","해외구매_184,150","해외구매_184,150","해외구매_184,150"
14201183,Creative SXFI Gamer,"해외구매_138,620","해외구매_138,620","해외구매_137,520","해외구매_137,520","해외구매_137,520","해외구매_137,520","해외구매_137,520"
15090071,Creative 사운드 블라스터 JAM V2,0,"해외구매_57,230|정품_59,000","정품_58,980|해외구매_61,120","해외구매_61,120|정품_58,980","정품_59,000|해외구매_61,120","해외구매_61,120|정품_59,000",0
15090065,Creative 사운드 블라스터 JAM V2,0,0,"정품_58,980|해외구매_61,120","정품_58,980|해외구매_61,120","정품_59,000|해외구매_61,120","정품_59,000|해외구매_61,120","해외구매_61,120|정품_58,980"
10240278,Creative 사운드 블라스터X H3,"정품_49,000","정품_49,000","정품_48,980","정품_48,980","정품_48,980","정품_48,980","정품_48,980"
3853356,Creative 사운드 블라스터X H5,0,"정품_198,000","정품_198,000","정품_198,000","정품_198,000","정품_198,000","정품_198,000"
9888399,Creative 사운드 블라스터X H6,"99,000","99,000","99,000","99,000","99,000","99,000","99,000"
9830055,DELL Pro Stereo Headset UC150,0,0,"64,520","64,520","64,520","64,520","64,520"
13903628,DROP X SENNHEISER PC38X 게이밍 헤드셋,"해외구매_277,400|정품_243,000","해외구매_283,200|정품_243,000","해외구매_283,200|정품_243,000","해외구매_283,200|정품_243,000","해외구매_283,200|정품_243,000","해외구매_283,200|정품_242,950",0
13903625,DROP X SENNHEISER PC38X 게이밍 헤드셋,"정품_243,000|해외구매_277,400",0,"정품_243,000|해외구매_283,200","정품_243,000|해외구매_283,200","정품_243,000|해외구매_283,200","정품_242,950|해외구매_283,200","정품_233,280|해외구매_283,200"
2405168,EPOS 젠하이저 GAME ONE 게이밍 헤드셋,"정품_186,330|해외구매_278,010","정품_186,330|해외구매_278,010","정품_186,330|해외구매_278,010","정품_186,330|해외구매_272,970","정품_186,330|해외구매_272,970","정품_186,330|해외구매_278,010","정품_186,330|해외구매_278,010"
2405262,EPOS 젠하이저 GAME ZERO 게이밍 헤드셋,"정품_200,350|해외구매_180,310","정품_200,350|해외구매_180,310","정품_200,350|해외구매_180,310","정품_200,350|해외구매_180,310","정품_200,350|해외구매_180,310",0,"정품_200,350|해외구매_180,310"
4703850,EPOS 젠하이저 GSP 300 게이밍 헤드셋,"정품_95,950|해외구매_111,990","정품_95,950|해외구매_111,990","정품_95,650|해외구매_111,990","정품_95,950|해외구매_111,990","정품_95,650|해외구매_111,990","정품_95,650|해외구매_111,990","정품_95,650|해외구매_111,990"
11674475,EPOS 젠하이저 GSP 302 게이밍 헤드셋,"정품_87,110|해외구매_117,810","정품_87,110|해외구매_117,810","정품_87,110|해외구매_117,810","정품_87,120|해외구매_117,810","정품_87,110|해외구매_117,810","정품_87,110|해외구매_117,810","정품_87,110|해외구매_117,810"
4703907,EPOS 젠하이저 GSP 350 게이밍 헤드셋,"정품_139,000|해외구매_139,000","정품_138,600|해외구매_139,000","정품_138,600|해외구매_139,000","정품_138,600|해외구매_139,000","정품_138,600|해외구매_139,000","정품_136,800|해외구매_139,000","정품_135,000|해외구매_139,000"
10114806,EPOS 젠하이저 GSP 370 무선 게이밍 헤드셋,"189,000","189,000","189,000","189,000","189,000","189,000","206,620"
6294749,EPOS 젠하이저 GSP 500 게이밍 헤드셋,"정품_191,000","정품_191,000","정품_191,000","정품_191,000","정품_191,000","정품_191,000","정품_191,000"
6608626,EPOS 젠하이저 GSP 550 게이밍 헤드셋,"정품_250,680|해외구매_398,500","정품_250,630|해외구매_398,500","정품_250,390|해외구매_398,500","정품_250,150|해외구매_398,500","정품_249,900|해외구매_398,500",0,"정품_249,480|해외구매_398,500"
7596784,EPOS 젠하이저 GSP 550 게이밍 헤드셋,0,0,0,0,0,"정품_249,670|해외구매_398,500",0
5968195,EPOS 젠하이저 GSP 600 게이밍 헤드셋,"정품_198,870|해외구매_202,800","정품_198,870|해외구매_202,800","정품_192,910|해외구매_202,800","정품_194,660|해외구매_202,800","정품_194,410|해외구매_202,800","정품_194,170|해외구매_202,800","정품_193,990|해외구매_202,800"
12925418,EPOS 젠하이저 GSP 601 게이밍 헤드셋,"195,020","195,020","195,020","195,020","195,020","195,020","195,020"
12925421,EPOS 젠하이저 GSP 602 게이밍 헤드셋,"정품_199,000|해외구매_792,700","정품_199,000|해외구매_792,700","정품_199,000|해외구매_792,700","정품_199,000|해외구매_792,700","정품_199,000|해외구매_792,700","정품_199,000|해외구매_792,700","정품_199,000|해외구매_792,700"
8940944,EPOS 젠하이저 GSP 670 게이밍 헤드셋,"273,520","273,290","273,290","273,160","273,100","272,990","272,990"
12602552,EPOS 젠하이저 PC 2 CHAT,0,0,0,0,0,0,"정품_24,890"
13127051,EPOS 젠하이저 PC 7 USB,"43,900","43,900","43,900","43,900","43,900","43,900","43,900"
14165903,EPOS 젠하이저 게이밍헤드셋 H3,"정품_151,000|해외구매_182,010","해외구매_182,010|정품_151,000","해외구매_182,010|정품_151,000","해외구매_182,010|정품_151,000","해외구매_182,020|정품_151,000","정품_151,000|해외구매_182,020",0
14165849,EPOS 젠하이저 게이밍헤드셋 H3,"정품_151,000|해외구매_182,010","정품_151,000|해외구매_182,010","정품_151,000|해외구매_182,010","정품_151,000|해외구매_182,010","정품_151,000|해외구매_182,020","정품_151,000|해외구매_182,020","해외구매_182,020|정품_151,000"
10582494,FANTECH HG11 CAPTAIN 7.1채널,"32,620","32,470","31,850","31,770","31,640","31,560","31,130"
10463910,FLY with SK엠앤서비스 SK-GH100 게이밍 헤드셋,"16,610","16,610","15,300","15,300","15,300","15,300","15,300"
14501507,G GOON GTH-290,"28,880","28,880","28,880","28,880","28,880","28,880","28,880"
13413179,G GOON PLH-V88 USB 7.1 게이밍 헤드셋,"17,800",0,0,0,0,0,0
3689663,G.SKILL RIPJAWS SV710 가상 7.1채널,"정품_42,400","정품_42,400","정품_42,400","정품_42,400","정품_42,400","정품_42,400","정품_42,400"
13471217,GIGABYTE AORUS H1 가상 7.1채널 RGB 게이밍 헤드셋,"64,840","64,840","64,840","64,840","64,840","64,840","64,840"
5655318,GIGABYTE AORUS H5 RGB,일시품절,0,0,0,0,0,0
14499011,HP H120G LED 디지털 게이밍 헤드셋,"정품_16,900|해외구매_16,900","해외구매_16,900|정품_16,900","해외구매_16,900|정품_16,900","정품_16,900|해외구매_16,900","해외구매_16,900|정품_16,900","정품_16,900|해외구매_16,900","해외구매_16,900|정품_16,900"
10715451,HP H200GS LED 가상 7.1채널 게이밍 헤드셋,"22,900","22,900","22,900","22,900","22,900","22,900","22,900"
10715625,HP H200S 스테레오 게이밍 헤드셋,"16,900","16,900","16,900","16,900","16,900",0,0
10621482,HP H220 LED 스테레오 게이밍 헤드셋,"16,880","16,880","16,880","16,880","16,880","16,880",0
10621671,HP H220GS LED 가상 7.1채널 게이밍 헤드셋,"18,860","18,860","18,860","18,860","18,860","18,860","18,860"
10621590,HP H220S 스테레오 게이밍 헤드셋,"12,900","12,900","12,900","12,900","12,900","12,900","12,900"
10969212,HP H360GS RGB LED 가상 7.1채널 게이밍 헤드셋,"26,460","26,460","26,460","26,460","26,460","26,460","26,460"
10969239,HP H500GS RGB LED 가상 7.1채널 게이밍 헤드셋,"32,380","32,380","32,380","32,380","32,380","32,380","32,380"
14438219,HP T1A66AA,"28,990","28,990","28,990","28,990","28,990","28,990","28,990"
13052009,HP X1000 가상 7.1채널 게이밍 헤드셋,0,"109,000","109,000",0,0,0,0
14129600,HP 오멘 블래스트 게이밍 헤드셋 1A858AA,"해외구매_139,610|정품_99,000","해외구매_134,830|정품_99,000","해외구매_134,830|정품_99,000","해외구매_134,830|정품_99,000","해외구매_134,830|정품_99,000","해외구매_134,830|정품_99,000",0
14099228,HP 오멘 블래스트 게이밍 헤드셋 1A858AA,0,0,0,0,0,0,"해외구매_134,830|정품_99,000"
14434427,JBL QUANTUM 200,"정품_54,850|해외구매_57,880","정품_54,850|해외구매_57,880","정품_54,850|해외구매_57,880","정품_54,850|해외구매_89,100","정품_54,850|해외구매_89,050","정품_54,840|해외구매_89,050","정품_54,850|해외구매_89,100"
13958969,JBL QUANTUM 200,0,0,0,0,0,0,"정품_54,850|해외구매_89,100"
14413013,JBL QUANTUM 600,"정품_147,670|해외구매_131,330","정품_147,570|해외구매_131,330","정품_147,520|해외구매_131,330","정품_146,480|해외구매_166,430","정품_146,330|해외구매_131,330","정품_146,280|해외구매_131,330","정품_146,120|해외구매_166,430"
13961102,JBL QUANTUM 600,0,0,0,0,0,0,"정품_146,120|해외구매_166,430"
11593766,JBL Quantum 100,"정품_54,870|해외구매_44,320","정품_54,870|해외구매_44,320","정품_54,870|해외구매_44,320","정품_54,870|해외구매_44,320","정품_54,870|해외구매_44,320","정품_54,860|해외구매_44,320","정품_54,870|해외구매_44,320"
11596577,JBL Quantum 300,"정품_74,000|해외구매_75,510","정품_74,000|해외구매_75,510","정품_74,000|해외구매_75,510","정품_74,000|해외구매_75,510","정품_74,000|해외구매_75,510","정품_74,000|해외구매_75,510","정품_74,000|해외구매_75,510"
11606444,JBL Quantum 400,"정품_139,000|해외구매_89,430","정품_139,000|해외구매_89,190","정품_139,000|해외구매_88,950","정품_139,000|해외구매_88,780","정품_139,000|해외구매_88,780","정품_139,000|해외구매_88,780","정품_139,000|해외구매_88,780"
11606393,JBL Quantum 800,"정품_212,970|해외구매_223,550","정품_212,970|해외구매_223,550","정품_212,970|해외구매_223,550","정품_212,970|해외구매_223,550","정품_212,970|해외구매_223,550","정품_212,960|해외구매_223,550","정품_212,970|해외구매_223,550"
11597000,JBL Quantum ONE,"정품_231,570|해외구매_275,300","정품_231,570|해외구매_275,240","정품_231,570|해외구매_275,000","정품_231,570|해외구매_274,760","정품_231,570|해외구매_274,520","정품_231,560|해외구매_274,290","정품_231,570|해외구매_279,520"
14829959,JLAB GO Work Wireless,"정품_63,830|해외구매_76,070","정품_63,830|해외구매_76,460","정품_69,800|해외구매_76,460","해외구매_76,030|정품_69,800","해외구매_76,030|정품_69,800","해외구매_76,030|정품_69,800",0
14829947,JLAB GO Work Wireless,"정품_63,830|해외구매_76,070","정품_63,830|해외구매_76,460","정품_69,800|해외구매_76,460","정품_69,800|해외구매_76,030","정품_69,800|해외구매_76,030","정품_69,800|해외구매_76,030","해외구매_76,030|정품_63,830"
3318808,KOTION G2000,"정품_15,710","정품_15,710","정품_15,710","정품_15,710","정품_15,710","정품_15,710","정품_15,710"
6362146,KOTION G2000 PLUS,0,0,0,"19,000","19,000","19,000","19,000"
4710366,LKG For LG LH-900,"9,900","9,900","9,900","9,900","9,900","9,900","9,900"
5195029,LKG For LG LH-950,"11,900","12,690","12,670","12,500",0,0,0
6103297,MAXTILL TRON G1000 가상 7.1채널 게이밍헤드셋,"27,410","27,410","27,410",0,0,0,0
6142654,MAXTILL TRON G5100 SV 가상 7.1채널 RGB 게이밍 헤드셋,"37,780","37,780","37,780","37,760","36,380","36,240","37,750"
13949867,MAXTILL TRON G900 가상7.1 채널 RGB LED 게이밍 헤드셋,"37,900","37,900","37,900","37,900","37,900","37,900","34,250"
14408981,MPOW EG3 PRO 가상 7.1 채널 게이밍 헤드셋,"해외구매_34,770","해외구매_34,770","해외구매_34,770","해외구매_34,770","해외구매_34,770","해외구매_34,770","해외구매_34,770"
12982988,MPOW M5 Pro,0,0,"해외구매_38,730","해외구매_38,730","해외구매_38,730","해외구매_38,730","해외구매_38,730"
14000177,MSI GH20,"22,880","22,880","22,880","22,880","22,880","22,880","43,500"
9671085,MSI GH50,"47,690","47,690","47,690","47,690","47,690","47,690","47,690"
12693194,MSI GH61,"정품_77,370|해외구매_150,610","정품_77,370|해외구매_150,610","정품_77,370|해외구매_150,610","정품_77,370|해외구매_150,610","정품_77,370|해외구매_150,610","정품_77,370|해외구매_150,610","정품_77,370|해외구매_150,610"
11265486,MadCatz F.R.E.Q.2,"39,990","39,990","39,990","39,990","39,990","39,990","39,990"
11304504,MadCatz F.R.E.Q.4,"59,990","59,990","59,990","59,990","59,990","59,990","59,990"
435076,Microsoft LifeChat LX-3000,"정품_29,500","정품_29,500","정품_29,500","정품_29,500","정품_27,900","정품_27,900","정품_27,900"
14071514,Microsoft LifeChat LX-6000,0,"해외구매_54,630|정품_62,680","해외구매_54,630|정품_52,000","해외구매_61,120|정품_52,000","해외구매_61,120|정품_52,000","해외구매_61,120|정품_52,000","해외구매_61,120|정품_52,000"
13622807,Microsoft Xbox Wireless TLL-00001,"해외구매_161,800","해외구매_161,800","해외구매_161,800","해외구매_161,800","해외구매_161,800","해외구매_161,800","해외구매_160,700"
14657870,Microsoft 모던 USB-A 헤드셋,"62,800","62,800","62,800","62,700","62,700","62,700","62,700"
5840212,Nubwo N1,0,"15,940","15,940","15,940","15,940",0,0
4888934,OZONE RAGE Z90,"160,860","160,860","160,860","160,860","160,860","160,860",0
14483624,QSENN AULA LB-01 게이밍 헤드셋,"11,900","11,900","11,900","11,900","11,900","11,900","11,900"
4409825,RIZUM G-FACTOR Z5000 가상 7.1채널 게이밍 헤드셋,"33,170","33,170","33,170","33,170","33,170","33,170","33,170"
6216648,RIZUM G-FACTOR Z8500 Pro 게이밍 헤드셋,"16,250","16,250","16,250","16,250","16,250","16,250","16,250"
6004531,RIZUM G-FACTOR Z9000 가상 7.1채널 RGB 게이밍 헤드셋,"24,880","24,880","24,880","24,880","24,880","24,880","24,880"
10046742,RIZUM RH100 7.1채널 진동 노이즈 캔슬링 게이밍 헤드셋,"49,000","49,000","49,000","49,000",0,0,"49,000"
11888638,RIZUM RWH101 무선 게이밍헤드셋,"129,340","129,340","129,340","129,340","129,340","129,340","129,340"
12423998,ROCCAT ELO 7.1 AIR,"정품_103,400|해외구매_106,400","정품_103,400|해외구매_106,400","정품_103,400|해외구매_110,470","정품_103,400|해외구매_110,420","정품_103,400|해외구매_110,420","정품_103,400|해외구매_110,420","정품_103,400|해외구매_110,470"
12423692,ROCCAT ELO 7.1 USB,"정품_72,000|해외구매_83,900","정품_72,000|해외구매_83,900","정품_72,000|해외구매_83,900","정품_72,000|해외구매_83,900","정품_72,000|해외구매_83,900","정품_72,000|해외구매_83,900","정품_72,000|해외구매_83,900"
12423371,ROCCAT ELO X STEREO,"정품_65,000|해외구매_97,800","정품_65,000|해외구매_97,800","정품_65,000|해외구매_97,800","정품_65,000|해외구매_97,800","정품_65,000|해외구매_97,800","정품_65,000|해외구매_97,800","정품_65,000|해외구매_97,800"
6273270,ROCCAT KHAN AIMO 7.1,"정품_110,000","정품_110,000","정품_110,000","정품_110,000","정품_110,000","정품_110,000","정품_110,000"
5659727,ROCCAT KHAN PRO,"105,000","105,000","105,000","105,000","105,000","105,000","105,000"
8120710,ROCCAT NOZ,"49,000","49,000","49,000","49,000","49,000","49,000","49,000"
6718855,ROCCAT RENGA BOOST,"정품_59,000|해외구매_70,490","정품_59,000|해외구매_70,490","정품_59,000|해외구매_70,490","정품_59,000|해외구매_70,490","정품_58,400|해외구매_70,490","정품_58,400|해외구매_70,490","정품_58,320|해외구매_70,490"
14884016,ROCCAT SYN PRO AIR RGB 무선 게이밍 헤드셋,"해외구매_264,910|정품_179,000","정품_179,000|해외구매_264,910","해외구매_264,910|정품_179,000","정품_179,000|해외구매_238,420","해외구매_238,420|정품_179,000","정품_179,000|해외구매_264,900","정품_168,260|해외구매_264,900"
14884007,ROCCAT SYN PRO AIR RGB 무선 게이밍 헤드셋,"정품_179,000|해외구매_264,910","정품_179,000|해외구매_264,910","정품_179,000|해외구매_264,910",0,0,0,"해외구매_264,900|정품_168,260"
14779625,Razer Barracuda X,"해외구매_133,000|정품_132,000","해외구매_133,000|정품_132,000","정품_132,000|해외구매_133,000","정품_132,000|해외구매_133,000","정품_132,000|해외구매_133,000","해외구매_133,000|정품_132,000",0
14779604,Razer Barracuda X,"정품_132,000|해외구매_133,000","정품_132,000|해외구매_133,000","정품_132,000|해외구매_133,000","정품_132,000|해외구매_133,000","정품_132,000|해외구매_133,000","정품_132,000|해외구매_133,000","해외구매_133,000|정품_134,000"
12045050,Razer Blackshark V2,"정품_150,000|병행수입_95,360|해외구매_104,900","정품_150,000|병행수입_95,360|해외구매_104,900","정품_150,000|병행수입_95,360|해외구매_104,900","정품_150,000|병행수입_95,360|해외구매_104,900","정품_150,000|병행수입_95,360|해외구매_104,900","정품_150,000|병행수입_95,360|해외구매_104,900","정품_150,000|병행수입_95,360|해외구매_104,900"
12802940,Razer Blackshark V2 Pro 스테레오 게이밍 헤드셋,"해외구매_179,890","해외구매_186,990",0,0,0,0,0
12518300,Razer Blackshark V2 Pro 스테레오 게이밍 헤드셋,0,0,"정품_217,490|해외구매_186,990","정품_217,490|해외구매_186,990","정품_217,490|해외구매_186,990","정품_217,490|해외구매_186,990","정품_217,490|해외구매_186,990"
12045284,Razer Blackshark V2 X,"정품_80,630|해외구매_63,900","정품_80,610|해외구매_63,900","정품_79,950|해외구매_63,900","정품_81,780|해외구매_63,900","정품_81,680|해외구매_63,900","정품_81,630|해외구매_63,900","정품_81,580|해외구매_63,900"
2058130,Razer Chimaera,"정품_190,000","정품_190,000","정품_190,000","정품_190,000","정품_190,000","정품_190,000","정품_190,000"
5637278,Razer Electra V2,"정품_82,840","정품_82,840","정품_82,840","정품_82,840","정품_82,840","정품_82,840","정품_82,840"
5637337,Razer Electra V2 USB,"정품_99,000","정품_99,000","정품_99,000","정품_99,000","정품_99,000","정품_99,000","정품_99,000"
13892648,Razer Kaira Pro for Xbox 무선 헤드셋,"정품_214,280|해외구매_203,990",0,0,0,0,0,0
13892492,Razer Kaira Pro for Xbox 무선 헤드셋,"정품_214,280|해외구매_203,990","정품_214,280|해외구매_203,990","정품_214,280|해외구매_203,990","정품_214,280|해외구매_203,990","정품_214,280|해외구매_203,990","정품_214,280|해외구매_203,990","정품_214,280|해외구매_203,990"
8106385,Razer Kraken Black,"정품_119,000|중고품_84,700","정품_119,000|중고품_84,700","정품_119,000|중고품_84,700","정품_119,000|중고품_84,700","정품_119,000|중고품_84,700","정품_119,000|중고품_84,700","정품_119,000|중고품_84,700"
7962961,Razer Kraken Green,"88,890","88,890","88,890","88,890","88,890","88,890","88,890"
8606198,Razer Kraken Mercury,"정품_118,990|해외구매_63,900","정품_118,990|해외구매_63,900","정품_118,990|해외구매_63,900","정품_118,990|해외구매_63,900","정품_118,990|해외구매_63,900","정품_118,990|해외구매_63,900","정품_118,990|해외구매_63,900"
4727016,Razer Kraken Pro V2,0,"해외구매_123,700",0,"해외구매_123,700",0,0,0
5810259,Razer Kraken Pro V2 Oval Quartz,"정품_119,000","정품_119,000","정품_119,000","정품_119,000","정품_119,000","정품_119,000","정품_119,000"
7661767,Razer Kraken Quartz Pink,"119,000","119,000","119,000","119,000","119,000","119,000","119,000"
6517117,Razer Kraken Tournament Edition,"정품_139,000","정품_139,000","정품_139,000","정품_139,000","정품_139,000","정품_139,000","정품_139,000"
10356861,Razer Kraken Ultimate,"정품_114,740|병행수입_112,500|해외구매_143,400","정품_142,600|병행수입_112,500|해외구매_143,400","정품_142,600|병행수입_112,500|해외구매_143,400","정품_142,600|병행수입_112,500|해외구매_143,400","정품_114,640|병행수입_112,500|해외구매_143,400","정품_142,600|병행수입_112,500|해외구매_143,400","정품_142,600|병행수입_112,500|해외구매_143,400"
14050652,Razer Kraken V3 X,"해외구매_97,450|정품_79,000","정품_79,000|해외구매_97,450","정품_79,000|해외구매_97,450","정품_78,990|해외구매_97,450","정품_78,990|해외구매_97,450","정품_78,990|해외구매_97,450",0
14050562,Razer Kraken V3 X,"정품_79,000|해외구매_97,450","정품_79,000|해외구매_97,450","정품_79,000|해외구매_97,450","정품_78,990|해외구매_97,450","정품_78,990|해외구매_97,450","정품_78,990|해외구매_97,450","해외구매_97,500|정품_78,990"
8605598,Razer Kraken X,"정품_69,000|병행수입_62,000|해외구매_40,990|중고품_58,940","정품_69,000|병행수입_62,000|해외구매_40,990|중고품_58,940","정품_69,000|병행수입_62,000|해외구매_40,990|중고품_58,940","정품_68,940|병행수입_62,000|해외구매_40,990|중고품_58,940","정품_68,850|병행수입_62,000|해외구매_40,990|중고품_58,940","정품_68,780|병행수입_62,000|해외구매_40,990|중고품_58,940","정품_67,450|병행수입_62,000|해외구매_40,990|중고품_58,940"
8605700,Razer Kraken X For Console,"정품_67,800","정품_67,800","정품_67,800","정품_67,800","정품_67,800","정품_67,800","정품_67,790"
10356945,Razer Kraken X USB,"정품_74,970|해외구매_52,200","정품_74,970|해외구매_52,200","정품_74,940|해외구매_52,200","정품_74,720|해외구매_52,200","정품_71,500|해외구매_52,200","정품_72,980|해외구매_52,200","정품_72,910|해외구매_52,200"
10296267,Razer Kraken 키티 에디션,"198,570","198,570","198,570","198,570","198,570","198,570","198,570"
1691945,Razer Megalodon,"정품_225,000","정품_225,000","정품_225,000","정품_225,000","정품_225,000","정품_225,000","정품_225,000"
10151910,Razer Nari Ultimate OverWatch Lucio 에디션,"304,000","304,000","304,000","304,000","304,000","304,000","304,000"
6607042,Razer Nari wireless,정품_일시품절,정품_일시품절,정품_일시품절,정품_일시품절,정품_일시품절,정품_일시품절,정품_일시품절
14785661,Razer Opus X Mercury,"정품_138,950|해외구매_147,190","정품_138,950|해외구매_146,960","정품_138,950|해외구매_146,720","해외구매_146,480|정품_138,830","정품_138,580|해외구매_146,230","해외구매_146,000|정품_138,350","정품_138,340|해외구매_145,250"
14785655,Razer Opus X Mercury,0,0,0,0,0,0,"해외구매_145,250|정품_138,340"
14785643,Razer Opus X Quartz,"해외구매_147,190|정품_138,950","정품_138,950|해외구매_146,960","정품_138,950|해외구매_146,720","해외구매_146,480|정품_138,830","정품_138,580|해외구매_146,230","정품_138,340|해외구매_146,000","정품_138,160|해외구매_145,250"
14785634,Razer Opus X Quartz,0,0,0,0,0,0,"해외구매_145,250|정품_138,160"
5573896,Razer Thresher 7.1채널,"정품_319,200","정품_319,200","정품_319,200","정품_319,200","정품_319,200","정품_319,200","정품_319,200"
5573943,Razer Thresher Ultimate,"정품_350,000","정품_350,000","정품_350,000|해외구매_270,490","정품_350,000|해외구매_270,490","정품_350,000|해외구매_270,490","정품_350,000|해외구매_270,490","정품_350,000|해외구매_270,490"
5390978,Razer Tiamat 2.2 V2,"정품_189,000|해외구매_173,380","정품_189,000|해외구매_173,380","정품_189,000|해외구매_173,380","정품_189,000|해외구매_173,380","정품_189,000|해외구매_173,380","정품_189,000|해외구매_173,380","정품_189,000|해외구매_173,380"
11497307,Redragon Helios H710,"60,200","60,200",0,"60,200","60,200","60,200","60,200"
2408591,SMN SMN-3102,0,0,0,0,0,"3,220","3,220"
14057900,SONY PS5 펄스 3D CFI-ZWH1G,"정품_96,250|해외구매_121,600","정품_96,200|해외구매_121,600","해외구매_121,600|정품_97,870","정품_97,870|해외구매_121,190","해외구매_121,190|정품_97,870","정품_97,870|해외구매_116,560",0
14057882,SONY PS5 펄스 3D CFI-ZWH1G,"정품_96,250|해외구매_121,600","정품_96,200|해외구매_121,600","정품_97,870|해외구매_121,600","정품_97,870|해외구매_121,190","정품_97,870|해외구매_121,190","정품_97,870|해외구매_116,560","해외구매_116,560|정품_97,870"
5143513,SonicGearLab 아마겟돈 Pulse 6,"13,970","13,970","13,970","13,970","13,970",0,0
6378258,SonicGearLab 알카트로즈 X-CRAFT HP GOLD 블루투스 게이밍 헤드셋,"33,500","33,500","33,500","33,500","33,500",0,0
14310014,SonicGearLab 알카트로즈 X-CRAFT HP-3 PRO 플러스 가상 7.1채널 게이밍 헤드셋,"23,040","23,040","23,040","23,040","23,040","23,040","23,040"
11987756,T-SONIC TH-501 스테레오 게이밍 헤드셋,"9,240","9,240","9,240","9,240","9,240","9,240","9,240"
13914467,Team Scorpion LUCA G701 가상 7.1채널 RGB 게이밍 헤드셋,"28,860","28,860","28,860","28,860","28,860","28,860","28,860"
5981879,TiROND T100 가상 7.1채널 진동 게이밍 헤드셋,"11,390",0,0,"11,390","11,390","11,390","11,390"
12950855,Tree 메신저 722MV 게이밍 헤드셋,0,0,0,0,"9,390","9,390","9,390"
12950936,Tree 뮤지엄 750MV 게이밍 헤드셋,"8,820",0,"8,820","8,820","8,820","8,820","8,820"
12950573,Tree 보이스 게이밍 헤드셋,0,0,0,0,0,0,"7,920"
12438557,Tree 제노스 850MV,"15,820","16,190","14,520","16,210","15,090","15,090","15,090"
12729530,Tree 제로존 게이밍 헤드셋,"13,050","13,050","13,050","13,050","13,050","13,050",0
12265787,WEZEL TC-L750MV,"4,160","4,160","4,160","4,160","4,160","4,160","4,160"
6494633,갤럭시 XANOVA JUTURNA 게이밍 헤드셋,"34,300","34,300","34,300","34,300","34,300","34,300","34,300"
6458675,갤럭시 XANOVA JUTURNA-U 가상 7.1채널 게이밍 헤드셋,"38,000","38,000","38,000","38,000","38,000","38,000","38,000"
8003884,갤럭시 XANOVA OCALA 게이밍 헤드셋,"27,900","27,900","27,900","27,900","27,900","27,900","27,900"
8003956,갤럭시 XANOVA OCALA-U 게이밍 헤드셋,"35,400","35,400","35,400","35,400","35,400","35,400","35,400"
14590439,고양이 귀 헤드폰 AKZ022,"해외구매_18,840","해외구매_18,840","해외구매_18,840","해외구매_21,260","해외구매_21,260","해외구매_21,260","해외구매_18,960"
14780435,다산일렉트론 BT-700U,"118,990","118,990","118,990","118,990","118,990","118,990","118,990"
5824801,다얼유 EH722 USB 7.1채널 게이밍 헤드셋,"27,900","27,900","27,900","27,900","27,900","27,900","27,900"
5824874,다얼유 EH755 USB 7.1채널 HI-FI 진동 게이밍 헤드셋,"49,900","49,900","49,900","49,900","49,900",0,"49,900"
6423432,라이트컴 COMS BT082 게이밍 헤드셋,0,0,0,0,"11,500","11,500","11,500"
14301974,라코몰 RC-PHX3,"3,890","3,890","3,890","3,890","3,890","3,890","3,890"
13192298,레노버 HS15,"33,900","33,900","33,900","33,900","33,900","33,900","33,900"
12813962,레노버 HS25 가상 7.1채널 RGB 게이밍 헤드셋,"41,500","41,500","41,500","41,500","41,500","41,500","41,500"
14297594,로브텍 인강용 피시방 어학용 귀안아픈 어린이 헤드셋,"10,610","10,610","10,610","10,610","10,610","10,610","10,610"
6520040,로지텍 ASTRO A10 (정품),0,0,"47,900",0,0,0,0
13604318,로지텍 ASTRO A20 2세대,"정품_159,000|해외구매_260,730","정품_159,000|해외구매_260,730","정품_159,000|해외구매_260,730","정품_159,000|해외구매_260,730","정품_159,000|해외구매_260,730","정품_159,000|해외구매_260,730","정품_159,000|해외구매_260,730"
8941004,로지텍 ASTRO A40 TR + MIXAMP PRO TR 4세대 (정품),"475,340","475,340","475,340","505,010","505,010","505,010","505,010"
4863521,로지텍 ASTRO A50 WIRELESS + BASE STATION (정품),"564,400","564,400","564,400","564,400","564,400","564,400","564,400"
8941742,로지텍 ASTRO A50 WIRELESS + BASE STATION 4세대 (정품),"299,000","299,000","299,000","299,000","299,000","354,290","369,980"
7507831,로지텍 G PRO HEADSET (정품),0,0,0,0,0,"253,300",0
8835716,로지텍 G PRO HEADSET 2세대 (정품),"168,990","168,990","168,990","168,990","168,990","168,990","168,990"
8835974,로지텍 G PRO X (정품),"170,590","170,590","170,590","170,590","170,590","170,590","170,590"
11969138,로지텍 G PRO X WIRELESS,"해외구매_137,760","해외구매_139,400","해외구매_139,400","해외구매_183,990","해외구매_138,000","해외구매_138,000","해외구매_193,990"
11953079,로지텍 G PRO X WIRELESS (정품),"259,000","259,000","259,000","259,000","259,000","259,000","259,000"
3371184,로지텍 G230,0,0,"벌크_45,790|병행수입_52,200|해외구매_57,610","벌크_45,790|병행수입_52,200|해외구매_57,340","벌크_45,790|병행수입_52,200|해외구매_57,340","벌크_45,790|병행수입_52,200|해외구매_57,610","벌크_45,790|병행수입_52,200|해외구매_57,610"
8209636,로지텍 G233,"벌크_59,660|병행수입_31,900|해외구매_59,900","벌크_59,630|병행수입_31,900|해외구매_59,900","벌크_59,940|병행수입_31,900|해외구매_59,900","벌크_59,840|병행수입_31,900|해외구매_59,900","벌크_59,810|병행수입_31,900|해외구매_59,900","벌크_59,690|병행수입_31,900|해외구매_59,900","벌크_59,610|병행수입_31,900|해외구매_59,900"
5312311,로지텍 G233 (정품),"89,500","89,500",0,0,0,0,0
7323247,로지텍 G331,"정품_68,000|병행수입_62,550|해외구매_66,330","정품_68,000|병행수입_62,430|해외구매_66,330","정품_68,000|병행수입_62,310|해외구매_66,330","정품_68,000|병행수입_62,190|해외구매_66,330","정품_68,000|병행수입_62,060|해외구매_66,330","정품_68,000|병행수입_61,950|해외구매_66,330","정품_68,000|병행수입_61,850|해외구매_66,330"
14916278,로지텍 G335,"해외구매_80,460|정품_68,980","정품_69,000|해외구매_80,460","해외구매_80,460|정품_69,000","해외구매_80,460|정품_69,000","정품_69,000|해외구매_80,460","정품_74,200|해외구매_80,460",0
14916248,로지텍 G335,"정품_68,980|해외구매_80,460","정품_69,000|해외구매_80,460","정품_69,000|해외구매_80,460","정품_69,000|해외구매_80,460","정품_69,000|해외구매_80,460","정품_74,200|해외구매_80,460","해외구매_80,460|정품_74,200"
3370948,로지텍 G430,"벌크_87,000|병행수입_56,800|해외구매_57,770","벌크_87,000|병행수입_56,800|해외구매_57,770","벌크_87,000|병행수입_56,800|해외구매_57,770","벌크_87,000|병행수입_56,800|해외구매_57,770","벌크_87,000|병행수입_56,800|해외구매_57,770","벌크_87,000|병행수입_56,800|해외구매_57,770","벌크_87,000|병행수입_56,800|해외구매_57,770"
2099801,로지텍 G430 (정품),"83,200","87,500","87,500","87,500","87,500","87,500","106,930"
7531849,로지텍 G431,"병행수입_67,070|해외구매_64,310","병행수입_67,070|해외구매_64,310","병행수입_67,070|해외구매_64,310","병행수입_67,070|해외구매_64,310","병행수입_67,070|해외구매_64,310","병행수입_67,070|해외구매_64,310","병행수입_67,070|해외구매_64,310"
7323130,로지텍 G431 (정품),"92,250","92,250","92,250","92,250","92,250","92,250","92,250"
12951404,로지텍 G432,"해외구매_72,000|병행수입_55,900","해외구매_71,440|병행수입_55,900","해외구매_71,440|병행수입_55,900","해외구매_71,440|병행수입_55,900","해외구매_71,440|병행수입_55,900","해외구매_71,440|병행수입_55,900","해외구매_71,440|병행수입_55,900"
7611673,로지텍 G433,0,"병행수입_82,970|벌크_108,990|해외구매_92,000","병행수입_82,850|벌크_108,990|해외구매_92,000",0,0,0,0
5309956,로지텍 G433 (정품),"86,910","86,770","86,670","86,620","86,620","86,620","86,620"
4854345,로지텍 G533,"벌크_111,190|병행수입_111,200|해외구매_101,620","벌크_111,190|병행수입_111,200|해외구매_101,620","벌크_116,370|병행수입_111,200|해외구매_101,620","벌크_116,370|병행수입_111,200|해외구매_101,620","벌크_111,190|병행수입_111,200|해외구매_101,620","벌크_116,370|병행수입_111,200|해외구매_101,620","벌크_116,370|병행수입_111,200|해외구매_101,620"
4850605,로지텍 G533 (정품),"158,950","158,950","158,950","158,950","158,950","158,950","158,950"
3459638,로지텍 G633 7.1 (정품),0,0,0,0,"198,950","198,950","198,950"
7613221,로지텍 G633 7.1채널,"병행수입_77,710","병행수입_65,290","병행수입_65,290","병행수입_65,290","병행수입_65,290","병행수입_65,290","병행수입_79,890"
12409586,로지텍 G733,"정품_139,000|병행수입_167,820|해외구매_134,070","정품_139,000|병행수입_167,810|해외구매_133,840","정품_139,000|병행수입_167,570|해외구매_133,600","정품_139,000|병행수입_167,330|해외구매_133,360","정품_139,000|병행수입_167,090|해외구매_135,150","정품_168,000|병행수입_167,040|해외구매_134,910","정품_167,990|병행수입_166,850|해외구매_134,740"
7532437,로지텍 G930,"리퍼비시_99,000|해외구매_149,310","리퍼비시_99,000|해외구매_149,310","리퍼비시_99,000|해외구매_149,310","리퍼비시_99,000|해외구매_149,310","리퍼비시_99,000|해외구매_149,310","리퍼비시_99,000|해외구매_149,310","리퍼비시_99,000|해외구매_149,310"
7319656,로지텍 G933,"해외구매_110,620|병행수입_161,000","해외구매_110,620|병행수입_161,000","해외구매_111,120|병행수입_161,000","해외구매_119,210|병행수입_161,000","해외구매_119,210|병행수입_161,000",0,0
5248211,로지텍 G933,0,0,0,0,0,"해외구매_119,210|병행수입_161,000","해외구매_119,210|병행수입_161,000"
7532869,로지텍 G933s,"병행수입_203,990|해외구매_106,200","병행수입_203,990|해외구매_106,200","병행수입_203,990|해외구매_106,200","병행수입_203,990|해외구매_106,200","병행수입_203,990|해외구매_106,200","병행수입_203,990|해외구매_106,200","병행수입_203,990|해외구매_106,200"
7319461,로지텍 G933s (정품),"169,000","216,450","216,450","216,450","216,400","228,150","228,090"
1580720,로지텍 H150 (정품),"14,300","14,300","14,300","14,300","14,300","14,300","14,300"
3279544,로지텍 H151 (정품),"15,900","15,900","15,900","15,380","15,380","15,900","15,900"
8178202,로지텍 H340,"병행수입_22,000|해외구매_32,990","병행수입_22,000|해외구매_32,990","병행수입_22,000|해외구매_32,990","병행수입_22,000|해외구매_32,990","병행수입_22,000|해외구매_32,990","병행수입_22,000|해외구매_32,990",0
1995771,로지텍 H340 (정품),"41,420","41,420","41,420","41,420","41,420","41,420","41,420"
2619949,로지텍 H540,"리퍼비시_54,670|벌크_25,250|병행수입_34,500|해외구매_64,330","리퍼비시_54,670|벌크_25,250|병행수입_34,500|해외구매_64,330","리퍼비시_54,670|벌크_25,250|병행수입_34,500|해외구매_64,330","리퍼비시_54,670|벌크_27,450|병행수입_34,500|해외구매_64,330","리퍼비시_54,670|벌크_27,450|병행수입_34,500|해외구매_64,330","리퍼비시_54,670|벌크_27,450|병행수입_34,500|해외구매_64,330","리퍼비시_54,670|벌크_27,450|병행수입_34,500|해외구매_64,330"
2004606,로지텍 H540 (정품),0,0,0,0,0,0,"44,900"
10478793,로지텍 H570e,"정품_55,580|해외구매_65,890","정품_55,460|해외구매_65,890","정품_55,350|해외구매_65,890","정품_55,250|해외구매_72,520","정품_55,220|해외구매_72,520","정품_55,110|해외구매_72,520","정품_56,090|해외구매_72,520"
2859534,로지텍 H600,"벌크_64,990|병행수입_81,510|해외구매_64,990","벌크_64,990|병행수입_81,510|해외구매_64,990","벌크_64,990|병행수입_81,510|해외구매_64,990","벌크_64,990|병행수입_81,510|해외구매_64,990","벌크_64,990|병행수입_81,510|해외구매_64,990","벌크_64,990|병행수입_81,510|해외구매_64,990","벌크_72,980|병행수입_81,510|해외구매_65,480"
3371011,로지텍 H800,"병행수입_846,670|해외구매_118,120","병행수입_846,670|해외구매_118,120","병행수입_846,670|해외구매_118,120","병행수입_846,670|해외구매_118,120","병행수입_846,670|해외구매_118,120","병행수입_846,670|해외구매_118,120","병행수입_846,670|해외구매_118,120"
956973,로지텍 PC-860 (정품),0,"10,000","10,000","10,000","10,000","10,000","10,000"
14510444,로지텍 Zone Wired 헤드셋,"해외구매_132,650|정품_132,000","해외구매_132,650|정품_132,000","해외구매_132,650|정품_132,000","해외구매_132,650|정품_132,000","해외구매_132,650|정품_132,000","해외구매_132,650|정품_132,000","정품_132,000|해외구매_132,650"
13702541,로지텍 Zone Wired 헤드셋,0,0,0,0,0,0,"해외구매_132,650|정품_132,000"
10534509,로지텍 Zone Wireless (정품),"236,500","236,500","236,500","236,500","236,500","236,500","236,500"
10534608,로지텍 Zone Wireless Plus (정품),"405,650","405,650",0,0,0,"405,650","405,650"
14335109,롤랜드 RH-300V,"정품_370,000|해외구매_205,790","정품_370,000|해외구매_205,550","정품_370,000|해외구매_205,310","정품_370,000|해외구매_205,070","정품_370,000|해외구매_204,820","정품_370,000|해외구매_204,590",0
13968818,롤랜드 RH-300V,0,0,0,0,0,0,"정품_370,000|해외구매_204,350"
14250701,리틀타익스 어린이 전용 헤드폰,"14,050","14,200","14,020","14,150","13,990","13,840","13,730"
6270513,마이크로닉스 MANIC HS-210 멀티플레이 게이밍 헤드셋,"29,800","29,800","29,800","29,800","29,800","29,800","29,800"
12093401,마이크로닉스 MANIC HS-301 가상 7.1채널 RGB LED,"18,130","18,130","18,130","18,130","18,130","18,130","18,130"
6500486,마이크로닉스 MANIC HS-320 가상 7.1채널 RGB,"114,000","114,000","114,000","114,000","114,000","114,000","114,000"
11953532,마이크로닉스 MANIC HS-370 7.1채널 노이즈캔슬링마이크 게이밍 헤드셋,"19,900","19,900","19,900","19,900","19,900","19,900","19,900"
11953721,마이크로닉스 MANIC HS-420 가상 7.1채널 게이밍 헤드셋,"27,250","27,250","27,250","27,250","27,250","27,250","27,250"
7334605,마이크로닉스 MANIC HS-510 가상 7.1채널 RGB 게이밍 헤드셋,"29,000","29,000","29,000","29,000","29,000","29,000","28,750"
11954192,마이크로닉스 MANIC HS-530 7.1채널 진동 노이즈캔슬링마이크 게이밍 헤드셋,"36,900","36,900","36,900","36,880","36,520","36,500","36,890"
9950079,마이크로닉스 MANIC HS-600 가상 7.1채널 게이밍 헤드셋,"39,650","39,270","39,780","39,780","39,780","39,780","39,780"
10998555,맥스엘리트 CRUX RGB HS-170 게이밍 헤드셋,"37,380","37,380","37,380","36,540","36,540","36,540","35,700"
6172481,몬스타기어 데빌스킬 GUTS PRO 7.1채널 하이앤드 진동 게이밍 헤드셋,0,0,0,0,"33,000","33,000",0
6266278,몬스타기어 데빌스킬 H740 7.1채널 듀얼스피커 게이밍 헤드셋,"26,900",0,0,0,0,0,0
14899862,몬스터 AIRMARS N1 LED 게이밍 헤드셋,"28,900","28,900","28,900","28,900","28,900","28,900","28,900"
14900138,몬스터 AIRMARS N1S LED 7.1 게이밍 헤드셋,"35,900","35,900","35,900","35,900","35,900","35,900","35,900"
14900339,몬스터 AIRMARS N3 RGB 7.1 게이밍 헤드셋,"44,900","44,900","44,900","44,900","44,900","44,900","44,900"
14900546,몬스터 KNIGHT X300 게이밍 헤드셋,"35,900","35,900","35,900","35,900","35,900","35,900","35,900"
10461399,비전텍컴퍼니 Run Mus K3 게이밍 헤드셋,0,"27,900",0,0,0,0,0
12980078,사운드트랜드 카시오페이아 딥 보이스 랭귀지 ST-UDY400,"17,480","17,480","17,150","17,480",0,0,"17,150"
13792340,삼성전자 SH-UG100B 가상 7.1채널 헤드셋,"39,880","37,510","37,490","37,490","37,490","37,490","37,490"
1321574,삼성전자 SHS-100V 프리미엄,"정품_14,490","정품_14,490","정품_14,490","정품_14,490","정품_14,490","정품_14,490","정품_14,490"
1739138,삼성전자 SHS-100V/B,"14,500","14,500","14,500","14,500","14,500","14,500","14,500"
1739014,삼성전자 SHS-100V/W,"정품_14,500","정품_14,500","정품_14,500","정품_14,500","정품_14,500","정품_14,500","정품_14,500"
10325283,삼성전자 SHS-150UW,"19,900","19,900","19,900","19,900","19,900","19,900","19,900"
1761924,삼성전자 SHS-150V/W,"정품_15,500","정품_15,500","정품_15,500","정품_15,500","정품_15,500","정품_15,500","정품_15,500"
5357083,삼성전자 SHS-210BT,"18,870","18,870","18,870","18,870","18,870","18,870","18,870"
4233715,삼성전자 SHS-240V,"18,500","18,500","18,500","18,500","18,500","18,500","18,500"
1579360,삼성전자 SHS-260W,"12,800","12,800","12,800","12,800","12,800","12,800","12,800"
12621179,삼성전자 SHS-300UB,"27,850","27,850","27,850","27,850","27,850","27,850","27,850"
3343315,삼성전자 SHS-300UW,"25,900","25,900","25,900","25,900","25,900","25,900","25,900"
4393188,삼성전자 SHS-510WT,"19,150","19,150","19,150","19,150",0,"19,150","19,150"
12667106,삼성전자 SPA-KHG1USB 가상 7.1채널 RGB 게이밍 헤드셋,"39,470","39,470","39,470","39,470","39,470","39,470","39,470"
12644198,삼성전자 SPA-MHA1XNB,"24,570","24,570","24,570","24,570","24,570","24,570","24,570"
12667268,삼성전자 SPA-MHG1USB 가상 7.1채널 RGB 게이밍 헤드셋,0,0,"55,790","55,790",0,0,"55,790"
9997167,삼성전자 SPA-MHG2USB,"45,570","45,700","45,700","45,700","45,680","45,680","45,680"
14332169,샤이닝몰 컴썸 BT-600G 가상 7.1 채널 게이밍 헤드셋,"블랙_49,800|화이트_49,800","화이트_49,800|블랙_49,800","블랙_49,800|화이트_49,800","화이트_49,800|블랙_49,800","블랙_49,800|화이트_49,800","블랙_49,800|화이트_49,800","블랙_49,800|화이트_49,800"
14332094,샤이닝몰 컴썸 BT-600G 가상 7.1 채널 게이밍 헤드셋,0,0,0,0,0,0,"화이트_49,800|블랙_49,800"
7138387,서진네트웍스 ziniQ Beatles X1 블루투스 스테레오 게이밍 헤드셋,"14,800","14,800","14,800","14,800","14,800","14,800","14,800"
7128673,서진네트웍스 ziniQ Beatles X3 블루투스 스테레오 게이밍 헤드셋,"35,300","35,170","35,060","34,940","34,810","34,690","34,600"
11790508,세컨드찬스 GEEKSTAR GH100 초경량 LED 게이밍 헤드셋,"19,000","19,000","19,000",0,0,0,0
6499562,세컨드찬스 GEEKSTAR GH60 리얼 7.1채널 진동 RGB LED 게이밍 헤드셋,0,"101,420",0,"101,420","101,420","101,420","101,420"
7250914,세컨드찬스 GEEKSTAR GH600 가상 7.1채널 게이밍 헤드셋,"32,400","32,400","32,400","32,400","32,400","32,400","32,400"
9592797,세컨드찬스 GEEKSTAR GH800 가상 7.1채널 리얼 RGB ENC 진동 게이밍 헤드셋,0,"34,410",0,0,0,0,0
9585891,세컨드찬스 GEEKSTAR GH900 가상 7.1채널 RGB 노이즈 캔슬링 마이크 진동 초경량 게이밍 헤드셋,"34,000","34,000","34,000",0,0,0,0
6835060,소믹 G951 핑크고양이 가상 7.1채널 게이밍 헤드셋,0,0,0,0,0,0,"해외구매_48,400"
4847848,소믹테크놀러지 시베리아 V10 진동게이밍 헤드셋,0,0,0,0,0,0,"25,800"
6150485,스카이디지탈 SKY S30 게이밍 헤드셋,"30,500","30,500","30,500","30,500","30,500","30,500","30,500"
5893369,스카이디지탈 메카닉 H700 가상 7.1채널 LED 게이밍 헤드셋,"38,900","38,900","38,900","38,900","38,900","38,900","38,900"
9207612,스틸시리즈 Arctis 1,"정품_69,000","정품_69,000","정품_69,000","정품_69,000","정품_69,000","정품_69,000","정품_69,000"
13613987,스틸시리즈 Arctis 1 FOR XBOX 게이밍 헤드셋,"정품_79,000",0,0,0,0,0,0
9661776,스틸시리즈 Arctis 1 Wireless,"정품_149,000|해외구매_189,800","정품_149,000|해외구매_189,800","정품_149,000|해외구매_189,800","정품_149,000|해외구매_189,800","정품_149,000|해외구매_189,800","정품_149,000|해외구매_189,800","정품_149,000|해외구매_189,800"
7525015,스틸시리즈 Arctis 3 2019 Edition,"정품_99,000|해외구매_152,100","정품_99,000|해외구매_152,100","정품_99,000|해외구매_152,100","정품_99,000|해외구매_152,100","정품_99,000|해외구매_152,100","정품_99,000|해외구매_152,100","정품_99,000|해외구매_152,100"
14941982,스틸시리즈 Arctis 3 7.1채널 Surround,0,0,0,0,0,"정품_99,000|병행수입_92,000","정품_99,000|병행수입_92,000"
6945829,스틸시리즈 Arctis 5 2019 Edition,"정품_99,000","정품_99,000","정품_99,000","정품_99,000","정품_99,000","정품_99,000","정품_99,000"
4879910,스틸시리즈 Arctis 5 7.1 Surround RGB,0,0,0,0,0,"정품_99,000",0
7078432,스틸시리즈 Arctis 7 2019 에디션,"정품_228,990|해외구매_193,940","정품_228,990|해외구매_193,990","정품_228,990|해외구매_193,760","정품_228,990|해외구매_193,750","정품_228,990|해외구매_193,810","정품_228,990|해외구매_193,750","정품_228,990|해외구매_193,880"
4880120,스틸시리즈 Arctis 7 Lag-Free Wireless,"정품_229,000","정품_229,000","정품_229,000","정품_229,000","정품_229,000","정품_229,000","정품_229,000"
13396484,스틸시리즈 Arctis 7P,"정품_328,900|해외구매_207,310",0,0,0,0,0,0
13396592,스틸시리즈 Arctis 7P,0,"정품_328,900|해외구매_207,070","정품_328,900|해외구매_206,840","정품_328,900|해외구매_206,600","정품_417,000|해외구매_206,350","정품_417,000|해외구매_206,110","정품_417,000|해외구매_205,940"
14751407,스틸시리즈 Arctis 9 Wireless,"259,000","266,830","266,830","266,830","266,830","266,830","266,830"
14449670,스틸시리즈 Arctis PRIME 게이밍 헤드셋,"124,900","124,900","124,900","124,900","124,900","124,900","149,000"
6154821,스틸시리즈 Arctis Pro 7.1채널 RGB,0,0,0,0,"정품_519,000|해외구매_212,710","정품_519,000|해외구매_212,710","정품_519,000|해외구매_212,710"
6338782,스틸시리즈 Arctis Pro Wireless,"정품_392,240","정품_401,500","정품_392,240","정품_392,240","정품_392,240","정품_401,500","정품_401,500"
6040180,스틸시리즈 Arctis Pro+ GameDAC,"정품_231,330|해외구매_138,680","정품_231,330|해외구매_138,680","정품_231,330|해외구매_150,730","정품_231,330|해외구매_150,730","정품_249,000|해외구매_150,730","정품_249,000|해외구매_150,730","정품_249,000|해외구매_150,730"
14128799,아이리버 IBH-10C,"28,710","28,590","28,470","28,350","28,220","28,100","28,020"
13217165,아이리버 IGH-510U,"17,500","17,500","17,500","17,500","17,500","17,500","17,500"
5686504,아이리버 IR-H30V CLEARCHAT,"13,880","13,880","13,880","13,880","13,880","13,880","13,880"
5687017,아이리버 IR-H70V SoundTake,0,"18,900","18,900","18,900","18,900","18,900","18,900"
4360202,아이리버 블랭크 IGH-M10V Blank 진동 LED 게이밍 헤드셋,"12,230",0,0,0,0,0,0
2654168,아이온코리아 BOSSWIZ BOSS-G1,"7,600","7,600","7,600","7,600","7,600","7,600","7,600"
13579736,아이온코리아 OMT OHU-500U 가상 7.1채널 게이밍 헤드셋,"9,470","9,470","9,470","9,470","9,470","9,470","9,470"
14302454,알티텔레콤 RT-390,"24,980","24,980","24,980","24,980","24,980","24,980","24,980"
4272894,알티텔레콤 RTH-350G,"19,040","19,020",0,0,0,0,0
14674235,앱코 B772L 가상 7.1채널 RGB 게이밍 헤드셋,"32,900","32,900","32,900","32,900","32,900","32,900","32,900"
2853211,앱코 EH100,"22,900","22,900","22,900","22,900","22,900","22,900","22,900"
13235837,앱코 EH450,"17,500","17,500","17,500","17,500","17,500","17,500","17,500"
14669576,앱코 EH500 USB 헤드셋,"23,000","23,000","23,000","23,000","23,000","23,000","23,000"
6028399,앱코 HACKER B1000R 리얼 5.2채널 RGB 진동 게이밍,"73,150","73,150","73,150","73,150","73,150","73,150","73,150"
4646833,앱코 HACKER B100U 스테레오 게이밍 헤드셋,"19,080","19,080","19,080","19,080","19,080","19,080","19,080"
4646851,앱코 HACKER B100V 스테레오 게이밍 헤드셋,"13,300","13,300","13,300","13,300","13,300","13,300","13,300"
3396520,앱코 HACKER B500 RANGER,"47,640","47,640","47,640","47,640","47,640","47,640","47,640"
5332040,앱코 HACKER B510U PRO 가상 7.1채널 RGB 진동,"37,500","37,500","37,500","37,500","37,500","37,500","37,260"
4231937,앱코 HACKER B510U 가상 7.1채널 진동 LED 게이밍,"37,500","37,500","37,500","37,500","37,500","37,500","37,500"
11251560,앱코 HACKER B660 ENC 가상 7.1채널 진동 노이즈 캔슬링 마이크 3D 게이밍 헤드셋,"30,200","30,200","30,200","30,200","30,200","30,200","30,200"
6099303,앱코 HACKER B770 PLUS 음성변조 가상 7.1채널 진동 RGB,"51,030","51,030","51,030","51,030","51,030","51,030","51,030"
5895459,앱코 HACKER B770 가상 7.1채널 RGB,"41,900","41,900","41,900","41,900","41,900","41,900","41,900"
10578081,앱코 HACKER B771 핑크 가상 7.1채널 RGB 진동 게이밍 헤드셋,"41,900","41,900","41,900","41,900","41,900","41,900","41,900"
7874002,앱코 HACKER B780 가상 7.1채널 RGB 진동 게이밍 헤드셋,"21,830","21,830","21,830","21,830","21,830","21,830","21,830"
6278601,앱코 HACKER B800U 초경량 가상 7.1채널 LED 진동 게이밍 헤드셋,"29,900","29,900","29,900","29,900","29,900","29,900","29,900"
6395869,앱코 HACKER B850U 가상 7.1채널 RGB 노이즈 캔슬링 마이크 3D 게이밍 헤드셋,"35,000","35,000","35,000","35,000","35,000","35,000","35,000"
6396243,앱코 HACKER B890U 가상 7.1채널 RGB 노이즈 캔슬링 마이크 3D 게이밍 헤드셋,"41,900","41,900","41,900","41,900","41,900","41,900","41,900"
5279043,앱코 HACKER B90,"7,090","7,090","7,090","7,090","7,090","7,090","7,090"
6173775,앱코 HACKER B900U PLUS 음성변조 가상 7.1채널 RGB,"52,500","52,500","52,500","52,500","52,500","52,500","52,500"
6191111,앱코 HACKER B900U 가상 7.1채널 진동 RGB,"41,900","41,900","41,900","41,900","41,900","41,900","41,900"
7222609,앱코 HACKER B980 리얼 7.1채널 RGB 진동 게이밍 헤드셋,"53,900","53,900","53,900","53,900","53,900","53,900","53,900"
11626571,앱코 HACKER BR01S RGB 게이밍 헤드셋,"87,900","87,900","87,900","87,900","87,900","87,900","87,900"
3004845,앱코 HACKER GHX,"47,000","47,000","47,000","47,000","47,000","47,000","47,000"
11074731,앱코 HACKER MR400 무선 가상 7.1채널 게이밍 헤드셋,"75,990","75,990","75,990","72,200","72,190","72,190","75,990"
10197243,앱코 HACKER MR510 무선 가상 7.1채널 RGB 노이즈 캔슬링 게이밍 헤드셋,"67,660","67,660","67,660","67,660","67,660","67,660","67,660"
6804031,앱코 HACKER N550 ENC 가상 7.1채널 RGB 게이밍 헤드셋,"28,500","28,500","28,500","27,070","27,070","28,270","28,500"
8355375,앱코 HACKER N560 ENC 가상 7.1채널 노이즈 캔슬링 RGB 진동 게이밍 헤드셋,"28,500","28,500","28,500","27,070","27,070","28,500","28,500"
10454679,앱코 HACKER N810 ENC 가상 7.1채널 진동 노이즈 캔슬링 마이크 3D 게이밍 헤드셋,"41,800","41,800","41,800","41,800","41,800","41,800","41,800"
12072137,앱코 HACKER N950 하드웨어 EQ 가상 7.1채널 RGB 진동 게이밍 헤드셋,"46,500","46,500","46,500","46,500","46,500","46,500","46,500"
8003203,앱코 HACKER N990 ENC 가상 7.1채널 RGB 3D 진동 초경량 게이밍 헤드셋,"36,500","36,500","36,500","36,500","36,500","36,500","36,500"
8037445,앱코 HACKER N995 ENC 가상 7.1채널 RGB 게이밍 헤드셋,"25,900","25,900","25,900","25,900","25,900","25,900","25,900"
2431932,앱코 HS80,"정품_6,400","정품_6,400","정품_6,400","정품_6,400","정품_6,400","정품_6,400","정품_6,400"
8579138,앱코 MR500 무선 가상 7.1채널 게이밍 헤드셋,"69,000","69,000","69,000","69,000","69,000","69,000","69,000"
14694722,앱코 N460 가상 7.1 ENC 초경량 RGB 게이밍 헤드셋,"19,000","19,000","19,000","19,000","19,000","19,000","19,000"
14522765,앱코 N500 가상 7.1 ENC 초경량 RGB 게이밍 헤드셋,"24,500","24,500","24,500","24,500","24,010","24,000","24,500"
12278933,앱코 N700 가상 7.1채널 RGB 게이밍 헤드셋,"32,900","32,900","32,900","32,900","32,580","32,500","32,900"
13179062,앱코 N800 가상 7.1채널 게이밍 헤드셋,"29,500","29,500","29,500","29,500","29,500","29,500","29,500"
14235632,앱코 배틀그라운드 HAZARD EDITION 가상 7.1채널 게이밍 헤드셋,"32,000","32,000","32,000","32,000","32,000","32,000","32,000"
14268485,앱코 핑크 고양이 귀 가상 7.1 채널 진동 게이밍 헤드셋 B772,"41,900","41,900","41,900","41,900","41,900","41,900","41,900"
12620894,에이데이타코리아 SEEPAK SEEH-100,0,"5,800","5,800","5,800","5,800","5,900","5,900"
14328491,엘레컴 40mm 오버헤드형 헤드셋 HS-HP30TBK,"정품_29,230|해외구매_51,680","정품_29,230|해외구매_51,680","정품_29,230|해외구매_51,680","정품_29,230|해외구매_51,040","해외구매_51,040|정품_29,230","해외구매_51,680|정품_31,600",0
14328356,엘레컴 40mm 오버헤드형 헤드셋 HS-HP30TBK,0,0,0,0,0,0,"해외구매_51,680|정품_31,600"
14329058,엘레컴 접이식 스테레오 헤드셋 HS-HP20BK,"정품_20,460|해외구매_46,100","해외구매_46,100|정품_20,460","정품_20,460|해외구매_46,100","해외구매_46,100|정품_20,460","정품_20,460|해외구매_46,100","정품_20,460|해외구매_46,100",0
14328947,엘레컴 접이식 스테레오 헤드셋 HS-HP20BK,0,0,0,0,0,0,"해외구매_46,100|정품_20,460"
14917658,엠지텍 PENTA X11 가상 7.1채널 무선 게이밍 헤드셋,"147,400","147,400","147,400","147,400","147,400","148,890","148,900"
8833268,엠지텍 PENTA X9,0,0,0,0,"71,250","71,250","73,600"
5351841,엠지텍 무선 PENTA X5 가상 7.1채널,"49,900","59,590","59,590","59,590","59,590","59,570","59,590"
12753446,오디오테크니카 ATH-G1WL,"정품_329,000","정품_329,000","정품_329,000","정품_329,000","정품_329,000","정품_329,000","정품_329,000"
5565823,위아이엠 VIRGO M58 7.1채널 진동 게이밍헤드셋,"21,900","21,900","21,900","21,900","21,900","21,900","21,900"
14270987,자브라 BIZ 2400 II Duo USB 3-1 MS,"257,990","257,990","257,990","257,990","257,990","257,990","257,990"
14270861,자브라 BIZ 2400 II Duo USB 3-1 UC,"257,990","257,990","257,990","257,990","257,990","257,990","257,990"
13643084,자브라 Evolve 20 스테레오 UC,0,0,"69,000","69,000",0,0,0
14887139,자브라 Evolve 40 STEREO MS,"A타입, 정품_133,920|C타입, 정품_133,920","A타입, 정품_144,000|C타입, 정품_144,000","A타입, 정품_144,000|C타입, 정품_144,000","A타입, 정품_144,000|C타입, 정품_144,000","C타입, 정품_144,000|A타입, 정품_144,000","C타입, 정품_144,000|A타입, 정품_144,000",0
14887130,자브라 Evolve 40 STEREO MS,0,0,0,0,0,0,"C타입, 정품_144,000|A타입, 정품_144,000"
14887127,자브라 Evolve 40 STEREO UC,"A타입, 정품_133,920|C타입, 정품_133,920","C타입, 정품_144,000|A타입, 정품_144,000","A타입, 정품_144,000|C타입, 정품_144,000","A타입, 정품_144,000|C타입, 정품_144,000","A타입, 정품_144,000|C타입, 정품_144,000","C타입, 정품_144,000|A타입, 정품_144,000","A타입, 정품_144,000|C타입, 정품_144,000"
14887121,자브라 Evolve 40 STEREO UC,0,0,0,0,0,0,"A타입, 정품_144,000|C타입, 정품_144,000"
14251628,자브라 Evolve2 30 STEREO MS USB타입A,"127,640","127,410","129,260","129,260","129,260","129,260","129,260"
14334302,자브라 Evolve2 30 STEREO MS USB타입C,"127,640","127,410","129,260","129,260","129,260","129,260","129,260"
14334476,자브라 Evolve2 30 STEREO UC USB타입A,"127,640","127,410","129,260","129,260","129,260","129,260","129,260"
14334599,자브라 Evolve2 30 STEREO UC USB타입C,"127,640","127,410","129,260","129,260","129,260","129,260","129,260"
12951986,자브라 Evolve2 40 스테레오 UC,0,"C타입, 정품_209,000|A타입, 정품_209,000","C타입, 정품_209,000|A타입, 정품_209,000","C타입, 정품_209,000|A타입, 정품_209,000","C타입, 정품_209,000|A타입, 정품_209,000",0,0
12725159,자브라 Evolve2 65 스테레오 UC,0,0,"C타입, 정품_369,000|A타입, 정품_369,000","C타입, 정품_369,000|A타입, 정품_369,000","C타입, 정품_369,000|A타입, 정품_369,000","C타입, 정품_369,000|A타입, 정품_369,000","C타입, 정품_369,000|A타입, 정품_369,000"
12725342,자브라 Evolve2 65 스테레오 UC + 충전스탠드,"C타입, 정품_449,000|A타입, 정품_449,000","C타입, 정품_449,000|A타입, 정품_449,000","C타입, 정품_449,000|A타입, 정품_449,000","C타입, 정품_449,000|A타입, 정품_449,000","C타입, 정품_449,000|A타입, 정품_449,000","C타입, 정품_449,000|A타입, 정품_449,000","C타입, 정품_449,000|A타입, 정품_449,000"
12948092,자브라 Evolve2 85 스테레오 UC,"C타입, 정품_669,000|A타입, 정품_669,000|A타입, 해외구매_891,380",0,0,"C타입, 정품_669,000|A타입, 정품_669,000|A타입, 해외구매_891,380","C타입, 정품_669,000|A타입, 정품_669,000|A타입, 해외구매_891,380","C타입, 정품_669,000|A타입, 정품_669,000|A타입, 해외구매_891,380",0
12944051,자브라 Evolve2 85 스테레오 UC + 충전스탠드,0,0,0,0,"C타입, 정품_739,000|A타입, 정품_739,000","C타입, 정품_739,000|A타입, 정품_739,000",0
4906373,자브라 이볼브 30ii 모노,"정품_92,000","정품_92,000","정품_92,000","정품_92,000","정품_92,000","정품_92,000","정품_92,000"
10639896,잘만 ZM-HPS600,0,0,0,"15,800","15,800","15,800","15,800"
2507541,제닉스 E-BLUE COBRA HEADSET,"정품_26,090","정품_26,090","정품_26,090","정품_26,090","정품_26,090","정품_26,090","정품_25,750"
4379891,제닉스 E-BLUE COBRA-X,"29,000","29,000","29,000","29,000","29,000","29,000","29,000"
11516810,제닉스 STORMX GH3 게이밍 헤드셋,"28,900","28,900","28,900","28,900","28,900","28,900","28,900"
5495388,제닉스 STORMX H2,"24,050","24,050","24,050","24,050","24,050","24,050","24,050"
5836989,제닉스 STORMX H3,"24,880","24,880","24,880","24,880","24,880","24,880","24,880"
5966890,제닉스 STORMX H4,"32,670","32,670","32,670","32,670","32,670","32,670","32,670"
4856529,제닉스 STORMX QUAKE,"62,900","62,880","62,760","62,640","62,510","62,400","62,390"
2758081,제닉스 TESORO KUVEN Pro 리얼 5.1채널,"99,000","99,000","99,000","99,000","99,000","99,000","99,000"
13359788,제닉스 TITAN WH7 가상7.1채널 무선 게이밍 헤드셋,"89,900","89,900","89,900","89,900","87,900","87,900","87,900"
4703400,젠하이저 PC 373D,"정품_238,950","정품_238,950",0,0,"정품_238,950","정품_238,950","정품_238,950"
3308576,젠하이저 X2,0,0,"정품_49,900","정품_49,900",0,0,0
7085437,젬스트 LEF G38 타이탄 가상 7.1채널 게이밍 헤드셋,"29,900","29,900","29,900","29,900","29,900","29,900",0
11951729,젬스트 LEF S40 가상 7.1채널 RGB,"31,000","31,000","31,000","31,000","31,000","31,000","31,000"
5666659,지클릭커 G-Clicker GH-SV7000 스테레오 진동 게이밍 헤드셋,"11,780","11,780","11,780","11,780","11,780","11,780","9,640"
14438030,청연MnS naVee NV89-HDS10,"28,900","28,900","28,900","28,900","28,900","28,900","28,900"
2034928,카라스 ANDANTE105,"3,350","3,350","3,350","3,350","3,350","3,350","3,350"
14402654,컴소닉 PILLAR V10 RGB 게이밍 헤드셋,"14,900","14,900","14,900","14,900","14,900","14,900","14,900"
5785920,킹스톤 HyperX Cloud Alpha,"117,750","117,750","117,750","117,750","117,750","117,750","117,750"
10409199,킹스톤 HyperX Cloud Alpha S,"124,410","124,410","124,410","124,410","124,410","124,410","124,410"
7800406,킹스톤 HyperX Cloud Flight,"정품_160,210|해외구매_184,280","정품_160,210|해외구매_184,280","정품_160,210|해외구매_184,280","정품_160,210|해외구매_184,280","정품_160,210|해외구매_184,280","정품_153,650|해외구매_184,280","정품_160,210|해외구매_184,280"
11198538,킹스톤 HyperX Cloud Flight S,"정품_235,700|해외구매_168,360","정품_235,450|해외구매_168,360","정품_235,220|해외구매_168,360","정품_234,980|해외구매_168,360","정품_236,470|해외구매_168,360","정품_236,230|해외구매_168,360","정품_236,230|해외구매_168,360"
3490502,킹스톤 HyperX Cloud II,"정품_109,000|해외구매_143,520","정품_109,000|해외구매_143,520","정품_109,000|해외구매_143,520","정품_109,000|해외구매_143,520","정품_109,000|해외구매_143,520","정품_109,000|해외구매_143,520","정품_109,000|해외구매_143,520"
13783250,킹스톤 HyperX Cloud II Wireless 가상 7.1채널 게이밍 헤드셋,"정품_199,000|해외구매_일시품절","정품_199,000|해외구매_일시품절","정품_199,000|해외구매_일시품절","정품_199,000|해외구매_일시품절","정품_199,000|해외구매_일시품절","정품_199,000|해외구매_일시품절","정품_199,000|해외구매_일시품절"
11199045,킹스톤 HyperX Cloud Orbit S,"정품_309,080|해외구매_308,380","정품_309,050|해외구매_308,380","정품_309,030|해외구매_308,380","정품_309,030|해외구매_308,380","정품_309,020|해외구매_308,380","정품_308,990|해외구매_308,380","정품_308,970|해외구매_308,380"
5201304,킹스톤 HyperX Cloud Revolver S,"정품_178,960|해외구매_165,400","정품_178,910|해외구매_165,400","정품_178,720|해외구매_165,400",0,0,0,0
4765116,킹스톤 HyperX Cloud Stinger,"정품_47,950|병행수입_50,600|해외구매_42,730","정품_47,750|병행수입_50,600|해외구매_42,730","정품_47,530|병행수입_45,500|해외구매_42,730","정품_47,160|병행수입_45,480|해외구매_42,730","정품_46,700|병행수입_45,480|해외구매_42,730","정품_46,690|병행수입_45,480|해외구매_42,730","정품_54,280|병행수입_45,480|해외구매_42,730"
11515682,킹스톤 HyperX Cloud Stinger Core 7.1,"129,000","129,000",0,0,0,0,0
11482062,킹스톤 HyperX Cloud Stinger Core Wireless,"112,880","112,880","112,880","112,880","112,880","112,880","112,880"
14021966,킹스톤 HyperX Cloud Stinger Core Wireless White,"해외구매_125,550|정품_119,000","정품_119,000|해외구매_125,550","해외구매_125,550|정품_119,000","해외구매_125,550|정품_119,000","정품_119,000|해외구매_125,550","해외구매_125,550|정품_119,000",0
14021771,킹스톤 HyperX Cloud Stinger Core Wireless White,"정품_119,000|해외구매_125,550","정품_119,000|해외구매_125,550","정품_119,000|해외구매_125,550","정품_119,000|해외구매_125,550","정품_119,000|해외구매_125,550","정품_119,000|해외구매_125,550","해외구매_125,550|정품_119,000"
11518970,킹스톤 HyperX Cloud Stinger Core for PC,"39,000","39,000","39,000","39,000","39,000","39,000","39,000"
14304206,킹스톤 HyperX Cloud Stinger S,"정품_69,000|해외구매_62,390","정품_69,000|해외구매_66,750","해외구매_66,750|정품_69,000","정품_69,000|해외구매_66,750","해외구매_66,750|정품_69,000","정품_69,000|해외구매_66,750","정품_69,000|해외구매_66,750"
14304059,킹스톤 HyperX Cloud Stinger S,0,0,0,0,0,0,"정품_69,000|해외구매_66,750"
4887193,태진씨앤아이 ADRET TJGM-1000,"15,980",0,0,0,0,0,0
14827655,터틀비치 Elite Pro 2,"블랙_151,040|화이트_148,530","블랙_151,040|화이트_148,530","블랙_151,040|화이트_148,530","블랙_151,040|화이트_148,530",0,0,0
11209383,터틀비치 Elite Pro 2,0,0,0,0,"블랙_151,040|화이트_148,530","블랙_151,040|화이트_148,530","블랙_151,040|화이트_148,530"
10918110,터틀비치 Elite Pro 2 Super Amp,"281,060","281,060","281,060","281,060","281,060","281,060","281,060"
14212187,터틀비치 RECON 500,"93,770","93,680","93,680","93,770","93,770","93,770","93,770"
14665037,터틀비치 RECON 70P 글로벌 에디션,"카모블루_40,040|레드_40,040|실버_40,040|카모그린_40,040","카모블루_40,040|레드_40,040|실버_40,040|카모그린_40,040","카모블루_40,040|레드_40,040|실버_40,040|카모그린_40,040",0,"카모블루_40,040|레드_40,040|실버_40,040|카모그린_40,040",0,0
14665031,터틀비치 RECON 70P 글로벌 에디션,0,0,0,"카모블루_40,040|레드_40,040|실버_40,040|카모그린_40,040",0,0,0
13390823,터틀비치 RECON 70P 글로벌 에디션,0,0,0,0,0,"카모블루_40,040|레드_40,040|실버_40,040|카모그린_40,040","카모블루_40,040|레드_40,040|실버_40,040|카모그린_40,040"
13434929,터틀비치 RECON CHAT,0,0,"정품_20,710|해외구매_25,300","정품_20,710|해외구매_25,300","정품_20,710|해외구매_25,300","정품_20,710|해외구매_25,300","정품_20,710|해외구매_25,300"
14312300,터틀비치 RECON CHAT XBOX,"15,470","15,470","15,470","15,470","15,470","15,470","15,470"
11978441,터틀비치 Recon 70 xbox one,"정품_42,510|해외구매_67,060",0,0,0,0,0,0
11209605,터틀비치 Recon SPARK,"46,010","46,010","46,010","46,010","46,010",0,"46,010"
10467549,터틀비치 Stealth 600,"89,900","89,900","89,900","89,900","89,900","89,900","89,900"
12642059,터틀비치 Stealth 600P Gen2,"정품_109,000","정품_109,000","정품_109,000","정품_109,000","정품_109,000","정품_109,000","정품_109,000"
12742454,터틀비치 Stealth 600X Gen2,"정품_109,000","정품_109,000","정품_109,000","정품_109,000","정품_109,000","정품_109,000","정품_109,000"
12972281,터틀비치 Stealth 700 Gen2 XBOX,"정품_179,000|해외구매_144,210","정품_173,580|해외구매_144,210","정품_179,000|해외구매_144,210","정품_179,000|해외구매_144,210","정품_179,000|해외구매_144,210","정품_179,000|해외구매_144,210","정품_179,000|해외구매_144,210"
12962192,터틀비치 Stealth 700 Gen2 플레이스테이션,"정품_179,000|해외구매_165,490","정품_173,510|해외구매_165,490","정품_179,000|해외구매_229,240","정품_179,000|해외구매_226,550","정품_179,000|해외구매_226,550","정품_179,000|해외구매_226,550","정품_179,000|해외구매_223,980"
6503521,티앤에스인터내셔널 NOX Black-Hole NX-4 가상 7.1채널 진동 LED 게이밍,"43,000","43,000","43,000","43,000","42,050","43,000","43,000"
5226637,티앤에스인터내셔널 NOX NX-2 초경량 가상 7.1채널 진동,"38,000","38,000","38,000","38,000","38,000","38,000","38,000"
6343005,티앤에스인터내셔널 NOX NX-2s 초경량 가상 7.1채널 진동 게이밍 헤드셋,"38,000","38,000","38,000","38,000","38,000","37,500","37,500"
14984126,티앤에스인터내셔널 NOX NX-3 PLUS 가상 7.1채널 RGB 게이밍 헤드셋,"36,400","36,400","36,400","36,500","36,500","36,500","36,500"
6152748,티앤에스인터내셔널 NOX NX-3 초경량 가상 7.1채널 진동게이밍 헤드셋,"33,000","33,000","33,000","33,000","33,000","33,000","33,000"
12390917,티앤에스인터내셔널 NOX NX-501,"29,500","29,500","29,500","29,500","29,500","29,500","29,500"
12391268,티앤에스인터내셔널 NOX NX-502,"32,000","32,000","32,000","32,000","32,000","32,000","32,000"
13798262,티앤에스인터내셔널 NX-2 PLUS 가상 7.1채널 RGB 게이밍 헤드셋,"38,000","38,000","38,000","38,000","38,000","38,000","38,000"
14157938,펭카 게이밍 헤드셋 K9,"본품+거치대_51,620|본품_48,850","본품+거치대_51,620|본품_48,850","본품_48,850|본품+거치대_51,620","본품+거치대_51,620|본품_48,850","본품+거치대_51,620|본품_48,850","본품+거치대_51,620|본품_48,850",0
14157665,펭카 게이밍 헤드셋 K9,"본품_48,850|본품+거치대_51,620","본품_48,850|본품+거치대_51,620","본품_48,850|본품+거치대_51,620","본품_48,850|본품+거치대_51,620","본품_48,850|본품+거치대_51,620","본품_48,850|본품+거치대_51,620","본품+거치대_51,620|본품_46,060"
13983650,포칼 CLEAR MG,"정품_2,190,000|해외구매_2,193,260","정품_2,190,000|해외구매_2,193,260","해외구매_2,193,260|정품_2,190,000","해외구매_2,193,260|정품_2,190,000","정품_2,190,000|해외구매_2,193,260","해외구매_2,193,260|정품_2,190,000",0
13983488,포칼 CLEAR MG,"정품_2,190,000|해외구매_2,193,260","정품_2,190,000|해외구매_2,193,260","정품_2,190,000|해외구매_2,193,260","정품_2,190,000|해외구매_2,193,260","정품_2,190,000|해외구매_2,193,260","정품_2,190,000|해외구매_2,193,260","해외구매_2,193,260|정품_2,190,000"
13982978,포칼 celestee,"해외구매_1,527,710|정품_1,290,000","정품_1,290,000|해외구매_1,517,710","해외구매_1,517,710|정품_1,290,000","정품_1,290,000|해외구매_1,517,710","해외구매_1,517,710|정품_1,290,000","정품_1,290,000|해외구매_1,517,710",0
13982579,포칼 celestee,"정품_1,290,000|해외구매_1,527,710","정품_1,290,000|해외구매_1,517,710","정품_1,290,000|해외구매_1,517,710","정품_1,290,000|해외구매_1,517,710","정품_1,290,000|해외구매_1,517,710","정품_1,290,000|해외구매_1,517,710","해외구매_1,517,710|정품_1,290,000"
622621,퓨전FNC FS-850,0,0,0,0,0,"4,700","4,690"
14337689,프나틱 기어 REACT+ 가상 7.1 채널 게이밍 헤드셋,"134,950","134,950","134,950","134,950","134,950","134,950","134,950"
14272295,플랜트로닉스 Blackwire 8225,"해외구매_221,350|정품_286,410","해외구매_221,350|정품_286,170","해외구매_221,350|정품_285,930","해외구매_221,350|정품_285,690","정품_285,450|해외구매_221,350","해외구매_221,350|정품_285,390",0
14272289,플랜트로닉스 Blackwire 8225,0,0,0,0,0,0,"해외구매_221,350|정품_285,210"
14229896,플랜트로닉스 Blackwire C3225,"정품_110,940|해외구매_72,090","정품_110,940|해외구매_72,090","해외구매_72,090|정품_111,900","해외구매_72,090|정품_111,660","해외구매_72,090|정품_111,410","해외구매_72,090|정품_111,170","정품_111,050|해외구매_72,090"
14229791,플랜트로닉스 Blackwire C3225,0,0,0,0,0,0,"정품_111,050|해외구매_72,090"
14270333,플랜트로닉스 Blackwire C7225,"정품_249,530|해외구매_165,930","해외구매_165,930|정품_249,350","해외구매_165,930|정품_249,110","해외구매_165,930|정품_248,870","해외구매_165,930|정품_248,630","정품_248,390|해외구매_165,930",0
14270297,플랜트로닉스 Blackwire C7225,0,0,0,0,0,0,"해외구매_165,930|정품_248,150"
14158862,플랜트로닉스 EncorePro 310,"정품_93,580|해외구매_52,830","해외구매_52,830|정품_95,720","해외구매_52,830|정품_95,710","해외구매_52,830|정품_95,480","해외구매_52,830|정품_95,470","정품_95,230|해외구매_52,830",0
14158838,플랜트로닉스 EncorePro 310,0,0,0,0,0,0,"해외구매_52,830|정품_95,230"
7479217,플랜트로닉스 HW520V,0,0,0,"정품_99,430","정품_99,430","정품_99,430",0
9906723,플랜트로닉스 Voyager 4220 UC,"정품_231,570|해외구매_189,710","정품_231,570|해외구매_189,710",0,0,"정품_231,570|해외구매_189,710","정품_231,570|해외구매_189,710","정품_231,570|해외구매_189,710"
7583053,플랜트로닉스 리그 800HD,"해외구매_159,980","해외구매_159,980","해외구매_159,980","해외구매_159,980","해외구매_159,980","해외구매_159,980","해외구매_159,980"
2630982,플랜트로닉스 오디오 326,0,0,0,0,"해외구매_45,740",0,0
14280455,플레오맥스 HS-10,"9,900","9,900","9,900","9,900","9,900","9,900","9,900"
11612363,플레오맥스 HS-9 스테레오 게이밍 헤드셋,"화이트_9,790","화이트_9,790","화이트_9,790","화이트_9,790",0,0,0
11612345,플레오맥스 PLEOMAX HS-9 스테레오 게이밍 헤드셋,"블랙_10,480","블랙_10,480","블랙_10,480","블랙_10,480","블랙_10,480","블랙_10,480","블랙_10,480"
13366811,플레오맥스 PLEOMAX PHS-G30 게이밍 헤드셋,"16,090","16,090","16,900","16,740",0,"16,900","16,900"
5523082,한성컴퓨터 GTune HS60 7.1채널 진동 LED 게이밍 헤드셋,"29,900","29,900","29,900","29,900","29,900","29,900","29,900"
13074326,한성컴퓨터 TFG CH240 가상 7.1채널 게이밍 헤드셋,"블랙_19,900|핑크_21,900|화이트_21,900","블랙_21,900|핑크_21,900|화이트_21,900","블랙_21,900|핑크_21,900|화이트_21,870","블랙_21,850|핑크_21,850|화이트_21,850","블랙_21,040|핑크_19,900|화이트_21,720","블랙_21,060|핑크_21,900|화이트_21,900","블랙_21,900|핑크_21,900|화이트_21,900"
3496658,현대제이테크 HD-9400M,"9,410",0,0,0,0,0,0
