Id,Name,2023-11-01 10:42:24,2023-11-02 10:36:46,2023-11-03 10:35:44,2023-11-04 10:34:56,2023-11-05 10:39:13,2023-11-06 10:34:48,2023-11-07 10:30:15,2023-11-08 10:29:12,2023-11-09 10:29:03,2023-11-10 10:28:08,2023-11-11 11:44:58,2023-11-12 10:33:45,2023-11-13 10:37:47,2023-11-14 10:32:59,2023-11-15 10:31:10,2023-11-16 10:33:14,2023-11-17 10:31:53,2023-11-18 10:30:14,2023-11-19 10:35:26,2023-11-20 10:32:34,2023-11-21 10:34:20,2023-11-22 10:34:16,2023-11-23 10:33:32,2023-11-24 10:28:53,2023-11-25 10:28:38,2023-11-26 10:34:32,2023-11-27 10:31:09,2023-11-28 10:32:54,2023-11-29 10:31:53,2023-11-30 10:31:54
28219409,1MORE SonoFlow SE,"정품_97,000|해외구매_103,980","정품_97,000|해외구매_103,980","정품_97,000|해외구매_103,980","정품_97,000|해외구매_96,390","정품_97,000|해외구매_100,800","정품_97,000|해외구매_100,050","정품_97,000|해외구매_100,240",0,0,0,0,0,0,0,0,0,0,0,0,0,0,0,0,0,0,0,0,0,0,0
18521456,1Mii Ankbit E600Pro,"정품_89,430|해외구매_165,120","정품_89,430|해외구매_165,120","정품_89,430|해외구매_165,120","정품_89,430|해외구매_165,120","정품_89,430|해외구매_165,120","정품_89,430|해외구매_165,120","정품_89,430|해외구매_165,120",0,0,0,0,0,0,0,0,0,0,0,0,0,0,0,0,0,0,0,0,0,0,0
17847215,1more SonoFlow,"정품_98,290|해외구매_72,020","정품_98,290|해외구매_71,920","정품_98,290|해외구매_71,820","정품_78,800|해외구매_71,770","정품_78,800|해외구매_71,710","정품_78,800|해외구매_71,600","정품_78,800|해외구매_70,490",0,0,0,0,0,0,0,0,0,0,0,0,0,0,0,0,0,0,0,0,0,0,0
10692162,AKG K361-BT,"정품_220,000|해외구매_163,400","정품_220,000|해외구매_163,400","정품_220,000|해외구매_163,400","정품_220,000|해외구매_163,400","정품_219,000|해외구매_154,250","정품_219,000|해외구매_154,250","정품_219,000|해외구매_154,250",0,0,0,0,0,0,0,0,0,0,0,0,0,0,0,0,0,0,0,0,0,0,0
10692249,AKG K371-BT,"정품_278,000","정품_278,000","정품_278,000","정품_277,000","정품_277,000","정품_278,000","정품_278,000",0,0,0,0,0,0,0,0,0,0,0,0,0,0,0,0,0,0,0,0,0,0,0
13499753,AKG N700NCM2,"정품_319,000|해외구매_653,500","정품_319,000|해외구매_653,500","정품_319,000|해외구매_653,500","정품_319,000|해외구매_653,500","정품_319,000|해외구매_653,500","정품_319,000|해외구매_653,500","정품_319,000|해외구매_653,500",0,0,0,0,0,0,0,0,0,0,0,0,0,0,0,0,0,0,0,0,0,0,0
4368046,AKG Y50 BT,"정품_267,000|해외구매_222,570","정품_267,000|해외구매_222,570","정품_267,000|해외구매_222,570","정품_267,000|해외구매_222,570","정품_267,000|해외구매_222,570","정품_267,000|해외구매_222,570","정품_279,000|해외구매_222,570",0,0,0,0,0,0,0,0,0,0,0,0,0,0,0,0,0,0,0,0,0,0,0
19511279,AKG Y600NC,"해외구매_139,090","해외구매_139,090","해외구매_139,090","해외구매_139,090","해외구매_139,090","해외구매_139,090","해외구매_139,090",0,0,0,0,0,0,0,0,0,0,0,0,0,0,0,0,0,0,0,0,0,0,0
10835670,ANKER Soundcore Life Q20 A3025,"해외구매_63,990","해외구매_63,990","해외구매_63,990","해외구매_63,990","해외구매_63,990","해외구매_63,990","해외구매_63,990",0,0,0,0,0,0,0,0,0,0,0,0,0,0,0,0,0,0,0,0,0,0,0
19745471,ANKER Soundcore Life Q20+ A3045,"해외구매_105,900","해외구매_105,900","해외구매_105,900","해외구매_105,900","해외구매_105,900","해외구매_105,900","해외구매_105,900",0,0,0,0,0,0,0,0,0,0,0,0,0,0,0,0,0,0,0,0,0,0,0
14335892,ANKER Soundcore Life Q30 A3028,"해외구매_93,480","해외구매_93,480","해외구매_92,990","해외구매_92,980","해외구매_92,980","해외구매_92,980","해외구매_92,480",0,0,0,0,0,0,0,0,0,0,0,0,0,0,0,0,0,0,0,0,0,0,0
14826584,ANKER Soundcore Life Q35 A3027,"정품_96,050|해외구매_91,900","정품_96,050|해외구매_91,900","정품_96,050|해외구매_91,900","정품_96,050|해외구매_91,900","정품_96,050|해외구매_91,900","정품_96,050|해외구매_91,900","정품_78,750|해외구매_91,900",0,0,0,0,0,0,0,0,0,0,0,0,0,0,0,0,0,0,0,0,0,0,0
17743568,ANKER Soundcore Space Q45 A3040,"정품_137,900|해외구매_94,790","정품_137,900|해외구매_94,790","정품_137,900|해외구매_94,790","정품_137,900|해외구매_94,790","정품_137,900|해외구매_103,490","정품_137,900|해외구매_101,360","정품_112,010|해외구매_101,120",0,0,0,0,0,0,0,0,0,0,0,0,0,0,0,0,0,0,0,0,0,0,0
10194783,APPLE Beats by Dr.Dre 비츠 솔로 프로 와이어리스,"해외구매_262,080","해외구매_262,080","해외구매_262,080","해외구매_262,080","해외구매_262,080","해외구매_262,080","해외구매_262,080",0,0,0,0,0,0,0,0,0,0,0,0,0,0,0,0,0,0,0,0,0,0,0
21705755,APPLE Beats by Dr.Dre 비츠 스튜디오 프로 와이어리스,"정품_391,830|공식인증점_391,830|해외구매_341,300","정품_400,060|공식인증점_400,060|해외구매_341,300","정품_400,060|공식인증점_400,060|해외구매_341,300","정품_404,100|공식인증점_404,100|해외구매_341,300","정품_400,060|공식인증점_400,060|해외구매_341,300","정품_400,060|공식인증점_400,060|해외구매_335,990","정품_400,060|공식인증점_400,060|해외구매_335,960",0,0,0,0,0,0,0,0,0,0,0,0,0,0,0,0,0,0,0,0,0,0,0
28024445,APPLE Beats by Dr.Dre 비츠 스튜디오 프로 와이어리스,"정품_391,830|공식인증점_391,830|해외구매_341,300","정품_400,060|공식인증점_400,060|해외구매_341,300","정품_400,060|공식인증점_400,060|해외구매_341,300","정품_404,100|공식인증점_404,100|해외구매_341,300","정품_400,060|공식인증점_400,060|해외구매_341,300","정품_400,060|공식인증점_400,060|해외구매_335,990","정품_400,060|공식인증점_400,060|해외구매_335,960",0,0,0,0,0,0,0,0,0,0,0,0,0,0,0,0,0,0,0,0,0,0,0
5459173,APPLE Beats by Dr.Dre 비츠 스튜디오3 와이어리스,"정품_348,990|공식인증점_349,000|해외구매_275,900","정품_348,990|공식인증점_349,000|해외구매_275,900","정품_348,990|공식인증점_349,000|해외구매_275,900","정품_348,990|공식인증점_349,000|해외구매_275,900","정품_348,990|공식인증점_349,000|해외구매_275,900","정품_348,990|공식인증점_349,000|해외구매_287,090","정품_348,990|공식인증점_349,000|해외구매_264,900",0,0,0,0,0,0,0,0,0,0,0,0,0,0,0,0,0,0,0,0,0,0,0
4658265,APPLE Beats by Dr.Dre 솔로3 와이어리스,"정품_199,000|공식인증점_199,000|해외구매_191,860","정품_199,000|공식인증점_199,000|해외구매_191,860","정품_199,000|공식인증점_199,000|해외구매_191,860","정품_199,000|공식인증점_199,000|해외구매_191,860","정품_199,000|공식인증점_269,000|해외구매_191,860","정품_199,000|공식인증점_269,000|해외구매_191,860","정품_199,000|공식인증점_269,000|해외구매_191,860",0,0,0,0,0,0,0,0,0,0,0,0,0,0,0,0,0,0,0,0,0,0,0
12877895,APPLE 에어팟 맥스,"정품_686,320|공식인증점_686,320|해외구매_662,830|리퍼_703,990","정품_692,790|공식인증점_692,800|해외구매_662,100|리퍼_703,990","정품_692,720|공식인증점_692,800|해외구매_660,660|리퍼_703,990","정품_692,720|공식인증점_692,800|해외구매_659,950|리퍼_703,990","정품_692,720|공식인증점_692,800|해외구매_659,950|리퍼_703,990","정품_692,720|공식인증점_692,800|해외구매_659,240|리퍼_703,990","정품_692,800|공식인증점_692,800|해외구매_657,800|리퍼_735,630",0,0,0,0,0,0,0,0,0,0,0,0,0,0,0,0,0,0,0,0,0,0,0
14297168,ARIKASEN A-23,"해외구매_17,720","해외구매_17,720","해외구매_17,720","해외구매_17,720","해외구매_17,720","해외구매_17,720","해외구매_18,510",0,0,0,0,0,0,0,0,0,0,0,0,0,0,0,0,0,0,0,0,0,0,0
3079806,Actto BKS-73 마에스트로,"92,930","92,930","92,930","92,930","92,930","92,930","92,930",0,0,0,0,0,0,0,0,0,0,0,0,0,0,0,0,0,0,0,0,0,0,0
5640989,Actto BTH-01 돌체,"정품_38,400","정품_38,400","정품_38,400","정품_38,400","정품_38,400","정품_38,400","정품_38,400",0,0,0,0,0,0,0,0,0,0,0,0,0,0,0,0,0,0,0,0,0,0,0
9202569,Actto BTH-03,"28,990","28,990","28,990","28,990","28,990","28,990","28,810",0,0,0,0,0,0,0,0,0,0,0,0,0,0,0,0,0,0,0,0,0,0,0
16971272,Actto BTH-11,"20,310","20,310","20,310","20,310","20,310","20,310","20,310",0,0,0,0,0,0,0,0,0,0,0,0,0,0,0,0,0,0,0,0,0,0,0
5924544,Actto 비올라 BTH-02,"정품_19,660","정품_19,660","정품_19,660","정품_19,660","정품_19,660","정품_19,660","정품_19,660",0,0,0,0,0,0,0,0,0,0,0,0,0,0,0,0,0,0,0,0,0,0,0
10926474,Actto 서라운드 BTH-05,"19,350","19,350","19,350","19,350","19,350","19,350","19,350",0,0,0,0,0,0,0,0,0,0,0,0,0,0,0,0,0,0,0,0,0,0,0
13039097,Actto 오브 BTH-06,"21,490","21,490","21,490","21,490","21,500","21,500","20,310",0,0,0,0,0,0,0,0,0,0,0,0,0,0,0,0,0,0,0,0,0,0,0
10872588,Actto 팡팡,"33,900","33,900","33,900","33,900","33,900","33,900","33,900",0,0,0,0,0,0,0,0,0,0,0,0,0,0,0,0,0,0,0,0,0,0,0
17621438,Ashdown Meters OV-1-B,"정품_345,000|해외구매_417,300","정품_345,000|해외구매_417,300","정품_345,000|해외구매_417,300","정품_345,000|해외구매_417,300","정품_345,000|해외구매_417,300","정품_345,000|해외구매_417,300","정품_345,000|해외구매_417,300",0,0,0,0,0,0,0,0,0,0,0,0,0,0,0,0,0,0,0,0,0,0,0
17621012,Ashdown Meters OV-1-B Pro,"420,000","420,000","420,000","420,000","420,000","420,000","420,000",0,0,0,0,0,0,0,0,0,0,0,0,0,0,0,0,0,0,0,0,0,0,0
10266471,B&W PX5,"정품_439,000|해외구매_530,500","정품_439,000|해외구매_530,500","정품_439,000|해외구매_530,500","정품_439,000|해외구매_530,500","정품_439,000|해외구매_530,500","정품_439,000|해외구매_530,500","정품_439,000|해외구매_530,500",0,0,0,0,0,0,0,0,0,0,0,0,0,0,0,0,0,0,0,0,0,0,0
28621997,B&W PX7 S2e,"정품_568,030|해외구매_618,600","정품_602,870|해외구매_618,600","정품_602,870|해외구매_618,600","정품_602,870|해외구매_618,600","정품_612,470|해외구매_618,600","정품_612,470|해외구매_618,600","정품_612,470|해외구매_618,600",0,0,0,0,0,0,0,0,0,0,0,0,0,0,0,0,0,0,0,0,0,0,0
10267191,B&W Px7,"정품_542,790|해외구매_325,000","정품_535,480|해외구매_325,000","정품_535,470|해외구매_325,000","정품_535,470|해외구매_325,000","정품_535,470|해외구매_325,000","정품_535,470|해외구매_325,000","정품_535,470|해외구매_325,000",0,0,0,0,0,0,0,0,0,0,0,0,0,0,0,0,0,0,0,0,0,0,0
18966050,B&W Px7 S2,"정품_549,010|해외구매_346,740","정품_561,200|해외구매_346,740","정품_561,200|해외구매_346,740","정품_561,200|해외구매_346,740","정품_561,200|해외구매_346,740","정품_561,200|해외구매_346,740","정품_561,200|해외구매_346,740",0,0,0,0,0,0,0,0,0,0,0,0,0,0,0,0,0,0,0,0,0,0,0
19889270,B&W Px8,"정품_881,430|해외구매_689,760","정품_910,790|해외구매_689,540","정품_881,430|해외구매_689,540","정품_881,430|해외구매_692,740","정품_910,800|해외구매_692,740","정품_910,800|해외구매_691,930","정품_929,330|해외구매_690,330",0,0,0,0,0,0,0,0,0,0,0,0,0,0,0,0,0,0,0,0,0,0,0
18966287,B&W Px8 McLaren Edition,"정품_971,850|해외구매_1,571,130","정품_971,850|해외구매_1,571,030","정품_971,850|해외구매_1,570,930","정품_971,850|해외구매_1,570,880","정품_971,850|해외구매_1,570,840","정품_971,850|해외구매_1,590,490","정품_971,850|해외구매_1,005,000",0,0,0,0,0,0,0,0,0,0,0,0,0,0,0,0,0,0,0,0,0,0,0
20718185,BLAUPUNKT BLP-BH311,"49,000","49,000","49,000","49,800","49,800","49,800","49,800",0,0,0,0,0,0,0,0,0,0,0,0,0,0,0,0,0,0,0,0,0,0,0
28889525,BLAUPUNKT PSG 무선 헤드폰 BLP-BH312P,"97,900","97,900","97,900","97,900","89,700","89,700","89,700",0,0,0,0,0,0,0,0,0,0,0,0,0,0,0,0,0,0,0,0,0,0,0
9457845,BOSE NC 700,"정품_389,000|해외구매_96,030","정품_401,680|해외구매_96,030","정품_401,680|해외구매_96,030","정품_401,680|해외구매_96,030","정품_401,680|해외구매_96,030","정품_401,680|해외구매_96,030","정품_464,569|해외구매_96,030",0,0,0,0,0,0,0,0,0,0,0,0,0,0,0,0,0,0,0,0,0,0,0
13103387,BOSE NC 700 UC,"정품_442,200|해외구매_600,000","정품_415,800|해외구매_600,000","정품_415,800|해외구매_600,000","정품_415,800|해외구매_600,000","정품_415,800|해외구매_600,000","정품_415,800|해외구매_600,000","정품_415,800|해외구매_600,000",0,0,0,0,0,0,0,0,0,0,0,0,0,0,0,0,0,0,0,0,0,0,0
28330307,BOSE QC,"정품_387,000|해외구매_374,620","정품_381,690|해외구매_374,620","정품_381,690|해외구매_374,620","정품_387,000|해외구매_343,090","정품_387,000|해외구매_344,570","정품_387,000|해외구매_340,790","정품_387,000|해외구매_372,490",0,0,0,0,0,0,0,0,0,0,0,0,0,0,0,0,0,0,0,0,0,0,0
4223765,BOSE QC 35,"해외구매_525,690","해외구매_528,530","해외구매_524,610","해외구매_524,610","해외구매_520,880","해외구매_520,880","해외구매_511,910",0,0,0,0,0,0,0,0,0,0,0,0,0,0,0,0,0,0,0,0,0,0,0
6338174,BOSE QC 35 II,"정품_343,900|해외구매_178,000","정품_293,900|해외구매_178,000","정품_293,900|해외구매_178,000","정품_293,900|해외구매_178,000","정품_293,900|해외구매_178,000","정품_343,900|해외구매_178,000","정품_343,900|해외구매_178,000",0,0,0,0,0,0,0,0,0,0,0,0,0,0,0,0,0,0,0,0,0,0,0
6553382,BOSE QC 35 II Limited Edition,"정품_432,990","정품_432,990","정품_432,990","정품_432,990","정품_432,990","정품_432,990","정품_432,990",0,0,0,0,0,0,0,0,0,0,0,0,0,0,0,0,0,0,0,0,0,0,0
15797471,BOSE QC 45,"정품_369,540|해외구매_185,560","정품_366,990|해외구매_185,560","정품_363,030|해외구매_185,560","정품_363,030|해외구매_185,560","정품_369,540|해외구매_185,560","정품_366,990|해외구매_185,560","정품_366,990|해외구매_185,560",0,0,0,0,0,0,0,0,0,0,0,0,0,0,0,0,0,0,0,0,0,0,0
28375604,BOSE QC Ultra Headphone,"정품_499,000|해외구매_448,320","정품_499,000|해외구매_450,740","정품_499,000|해외구매_488,470","정품_499,000|해외구매_488,470","정품_499,000|해외구매_488,470","정품_499,000|해외구매_488,470","정품_499,000|해외구매_488,470",0,0,0,0,0,0,0,0,0,0,0,0,0,0,0,0,0,0,0,0,0,0,0
28837895,BOSE QC Ultra Headphone,"정품_499,000|해외구매_448,320","정품_499,000|해외구매_450,740","정품_499,000|해외구매_488,470","정품_499,000|해외구매_488,470","정품_499,000|해외구매_488,470","정품_499,000|해외구매_488,470","정품_499,000|해외구매_488,470",0,0,0,0,0,0,0,0,0,0,0,0,0,0,0,0,0,0,0,0,0,0,0
3492730,BOSE SoundLink AE II Wireless,"해외구매_258,440","해외구매_258,440","해외구매_258,440","해외구매_258,440","해외구매_258,440","해외구매_258,440","해외구매_258,440",0,0,0,0,0,0,0,0,0,0,0,0,0,0,0,0,0,0,0,0,0,0,0
2874517,BOSE SoundLink OE Wireless,"해외구매_638,980","해외구매_638,980","해외구매_638,980","해외구매_638,980","해외구매_638,980","해외구매_638,980","해외구매_638,980",0,0,0,0,0,0,0,0,0,0,0,0,0,0,0,0,0,0,0,0,0,0,0
17436548,Bluedio H2,"해외구매_51,690","해외구매_51,690","해외구매_52,030","해외구매_52,030","해외구매_52,030","해외구매_52,030","해외구매_52,030",0,0,0,0,0,0,0,0,0,0,0,0,0,0,0,0,0,0,0,0,0,0,0
12605642,Bluedio T7,"해외구매_59,900","해외구매_59,900","해외구매_59,900","해외구매_59,900","해외구매_59,900","해외구매_59,900","해외구매_59,900",0,0,0,0,0,0,0,0,0,0,0,0,0,0,0,0,0,0,0,0,0,0,0
17373113,Bluedio T7 Plus,"해외구매_49,290","해외구매_49,290","해외구매_49,290","해외구매_49,290","해외구매_49,290","해외구매_49,290","해외구매_49,290",0,0,0,0,0,0,0,0,0,0,0,0,0,0,0,0,0,0,0,0,0,0,0
17437130,Bluedio TM,"해외구매_58,530","해외구매_58,530","해외구매_58,530","해외구매_58,530","해외구매_58,530","해외구매_58,530","해외구매_57,760",0,0,0,0,0,0,0,0,0,0,0,0,0,0,0,0,0,0,0,0,0,0,0
16451900,Britz 브리츠인터내셔널 ANC400,"87,890","87,890","87,890","87,890","87,890","87,890","87,890",0,0,0,0,0,0,0,0,0,0,0,0,0,0,0,0,0,0,0,0,0,0,0
16451585,Britz 브리츠인터내셔널 ANC600,"110,680","110,680","110,680","110,680","110,680","110,680","110,680",0,0,0,0,0,0,0,0,0,0,0,0,0,0,0,0,0,0,0,0,0,0,0
5380606,Britz 브리츠인터내셔널 BE-M190,"정품_104,500","정품_104,500","정품_104,500","정품_127,750","정품_127,750","정품_127,750","정품_127,750",0,0,0,0,0,0,0,0,0,0,0,0,0,0,0,0,0,0,0,0,0,0,0
5911700,Britz 브리츠인터내셔널 BE-M505 ANC,"정품_142,870","정품_142,870","정품_141,550","정품_141,550","정품_141,550","정품_141,550","정품_119,200",0,0,0,0,0,0,0,0,0,0,0,0,0,0,0,0,0,0,0,0,0,0,0
15697640,Britz 브리츠인터내셔널 BT3000,"51,410","51,410","51,410","50,000","50,000","51,410","51,400",0,0,0,0,0,0,0,0,0,0,0,0,0,0,0,0,0,0,0,0,0,0,0
18808145,Britz 브리츠인터내셔널 BT3500,"42,900","46,800","46,800","44,900","44,900","46,800","46,800",0,0,0,0,0,0,0,0,0,0,0,0,0,0,0,0,0,0,0,0,0,0,0
16518866,Britz 브리츠인터내셔널 BT4000 ANC,"86,560","86,440","87,000","86,360","86,360","86,360","85,650",0,0,0,0,0,0,0,0,0,0,0,0,0,0,0,0,0,0,0,0,0,0,0
27576089,Britz 브리츠인터내셔널 BT5000 ANC,"149,000","149,000","150,770","150,710","150,710","150,540","150,190",0,0,0,0,0,0,0,0,0,0,0,0,0,0,0,0,0,0,0,0,0,0,0
28237040,Britz 브리츠인터내셔널 BT6000 ANC,"248,000","248,000","248,000","248,000","248,000","248,000","248,000",0,0,0,0,0,0,0,0,0,0,0,0,0,0,0,0,0,0,0,0,0,0,0
4716367,Britz 브리츠인터내셔널 BZ-M7,"정품_17,600","정품_17,600","정품_17,600","정품_17,600","정품_17,600","정품_17,600","정품_17,600",0,0,0,0,0,0,0,0,0,0,0,0,0,0,0,0,0,0,0,0,0,0,0
5398834,Britz 브리츠인터내셔널 H770BT ANC,"정품_222,400","정품_222,400","정품_222,400","정품_222,400","정품_222,400","정품_222,400","정품_222,400",0,0,0,0,0,0,0,0,0,0,0,0,0,0,0,0,0,0,0,0,0,0,0
6465144,Britz 브리츠인터내셔널 H880BT,"78,400","78,400","78,400","78,400","78,400","78,400","78,400",0,0,0,0,0,0,0,0,0,0,0,0,0,0,0,0,0,0,0,0,0,0,0
3048178,Britz 브리츠인터내셔널 W670BT,"정품_57,000","정품_57,000","정품_54,000","정품_54,000","정품_54,000","정품_57,000","정품_57,000",0,0,0,0,0,0,0,0,0,0,0,0,0,0,0,0,0,0,0,0,0,0,0
7030912,Britz 브리츠인터내셔널 W670BT PLUS,"57,000","57,000","57,000","57,000","57,000","57,000","57,000",0,0,0,0,0,0,0,0,0,0,0,0,0,0,0,0,0,0,0,0,0,0,0
5606175,Britz 브리츠인터내셔널 W800BT,"정품_68,900","정품_68,900","정품_68,890","정품_68,890","정품_68,890","정품_68,890","정품_68,890",0,0,0,0,0,0,0,0,0,0,0,0,0,0,0,0,0,0,0,0,0,0,0
11335197,Britz 브리츠인터내셔널 W800BT Qplus,"59,520","59,500","59,390","59,340","59,280","59,170","53,130",0,0,0,0,0,0,0,0,0,0,0,0,0,0,0,0,0,0,0,0,0,0,0
7365556,Britz 브리츠인터내셔널 W820BT,"정품_104,590","정품_104,590","정품_104,590","정품_104,590","정품_104,590","정품_104,590","정품_104,590",0,0,0,0,0,0,0,0,0,0,0,0,0,0,0,0,0,0,0,0,0,0,0
5751252,Britz 브리츠인터내셔널 W830BT,"정품_122,960","정품_122,960","정품_122,970","정품_122,970","정품_122,970","정품_122,970","정품_122,970",0,0,0,0,0,0,0,0,0,0,0,0,0,0,0,0,0,0,0,0,0,0,0
5619128,Britz 브리츠인터내셔널 W855BT,"정품_143,000","정품_143,000","정품_143,000","정품_143,000","정품_143,000","정품_143,000","정품_143,000",0,0,0,0,0,0,0,0,0,0,0,0,0,0,0,0,0,0,0,0,0,0,0
20778584,CISCO Headset 730,"정품_440,370|해외구매_513,950","정품_440,370|해외구매_507,700","정품_440,370|해외구매_507,690","정품_440,370|해외구매_508,780","정품_440,370|해외구매_496,780","정품_440,370|해외구매_496,770","정품_440,370|해외구매_497,680",0,0,0,0,0,0,0,0,0,0,0,0,0,0,0,0,0,0,0,0,0,0,0
28605242,Defunc MONDO,"정품_199,000|해외구매_290,340","정품_199,000|해외구매_290,340","정품_199,000|해외구매_310,000","정품_199,000|해외구매_309,990","정품_199,000|해외구매_309,990","정품_199,000|해외구매_309,990","정품_199,000|해외구매_287,600",0,0,0,0,0,0,0,0,0,0,0,0,0,0,0,0,0,0,0,0,0,0,0
28647920,ELSECHO H7,"해외구매_24,400","해외구매_24,400","해외구매_24,400","해외구매_24,400","해외구매_24,400","해외구매_24,400","해외구매_24,400",0,0,0,0,0,0,0,0,0,0,0,0,0,0,0,0,0,0,0,0,0,0,0
28418960,ELSECHO T5,"해외구매_19,600","해외구매_19,600","해외구매_19,600","해외구매_19,600","해외구매_19,600","해외구매_19,600","해외구매_19,600",0,0,0,0,0,0,0,0,0,0,0,0,0,0,0,0,0,0,0,0,0,0,0
2910557,GENIUS HS-920BT,"정품_58,300","정품_58,300","정품_58,300","정품_58,300","정품_58,300","정품_58,300","정품_58,300",0,0,0,0,0,0,0,0,0,0,0,0,0,0,0,0,0,0,0,0,0,0,0
5304139,GT텔레콤 모비프렌 MFB-H7100,"정품_329,990","정품_329,990","정품_329,990","정품_329,990","정품_329,990","정품_329,990","정품_329,990",0,0,0,0,0,0,0,0,0,0,0,0,0,0,0,0,0,0,0,0,0,0,0
11653403,HIFIMAN ANANDA-BT,"해외구매_1,117,700","해외구매_1,117,700","해외구매_1,117,700","해외구매_1,117,700","해외구매_1,117,700","해외구매_1,117,700","해외구매_1,117,700",0,0,0,0,0,0,0,0,0,0,0,0,0,0,0,0,0,0,0,0,0,0,0
13568702,HIFIMAN DEVA,"해외구매_348,870","해외구매_348,870","해외구매_348,870","해외구매_348,870","해외구매_348,870","해외구매_348,870","해외구매_348,870",0,0,0,0,0,0,0,0,0,0,0,0,0,0,0,0,0,0,0,0,0,0,0
16980074,HIFIMAN DEVA Pro,"정품_383,900|해외구매_422,000","정품_383,900|해외구매_422,000","정품_383,900|해외구매_356,940","정품_383,900|해외구매_354,400","정품_383,900|해외구매_421,550","정품_383,900|해외구매_421,550","정품_383,900|해외구매_422,000",0,0,0,0,0,0,0,0,0,0,0,0,0,0,0,0,0,0,0,0,0,0,0
16717127,HOCO 딥 베스 와이어리스 블루투스 헤드폰 W25,"해외구매_32,300","해외구매_32,300","해외구매_32,300","해외구매_32,300","해외구매_32,300","해외구매_32,300","해외구매_32,300",0,0,0,0,0,0,0,0,0,0,0,0,0,0,0,0,0,0,0,0,0,0,0
5652368,JAYS U-JAYS Wireless,"정품_171,140","정품_171,140","정품_188,900","정품_188,900","정품_188,900","정품_188,900","정품_188,900",0,0,0,0,0,0,0,0,0,0,0,0,0,0,0,0,0,0,0,0,0,0,0
12949988,JBL CLUB 700BT,"정품_일시품절|해외구매_379,750","정품_일시품절|해외구매_379,750","정품_일시품절|해외구매_379,750","정품_일시품절|해외구매_379,750","정품_일시품절|해외구매_379,750","정품_일시품절|해외구매_379,750","정품_일시품절|해외구매_379,750",0,0,0,0,0,0,0,0,0,0,0,0,0,0,0,0,0,0,0,0,0,0,0
13104398,JBL CLUB 950NC,"해외구매_224,820","해외구매_224,820","해외구매_224,820","해외구매_224,820","해외구매_224,820","해외구매_224,820","해외구매_224,820",0,0,0,0,0,0,0,0,0,0,0,0,0,0,0,0,0,0,0,0,0,0,0
13104119,JBL CLUB ONE,"해외구매_230,800","해외구매_230,800","해외구매_230,800","해외구매_230,800","해외구매_230,800","해외구매_230,800","해외구매_230,800",0,0,0,0,0,0,0,0,0,0,0,0,0,0,0,0,0,0,0,0,0,0,0
4835421,JBL E45BT,"정품_130,000","정품_130,000","정품_130,000","정품_130,000","정품_130,000","정품_130,000","정품_130,000",0,0,0,0,0,0,0,0,0,0,0,0,0,0,0,0,0,0,0,0,0,0,0
3820369,JBL Everest 300,"정품_129,900","정품_129,900","정품_129,900","정품_129,900","정품_129,900","정품_129,900","정품_129,900",0,0,0,0,0,0,0,0,0,0,0,0,0,0,0,0,0,0,0,0,0,0,0
6092541,JBL JR300BT,"해외구매_53,681","해외구매_53,968","해외구매_53,425","해외구매_53,425","해외구매_53,425","해외구매_52,732","해외구매_51,833",0,0,0,0,0,0,0,0,0,0,0,0,0,0,0,0,0,0,0,0,0,0,0
13959587,JBL JR310BT,"정품_51,155|해외구매_51,990","정품_51,155|해외구매_51,990","정품_51,155|해외구매_51,990","정품_54,860|해외구매_51,990","정품_53,905|해외구매_51,990","정품_53,900|해외구매_51,990","정품_53,900|해외구매_51,990",0,0,0,0,0,0,0,0,0,0,0,0,0,0,0,0,0,0,0,0,0,0,0
15258311,JBL LIVE 660NC,"정품_147,108|해외구매_155,000","정품_147,108|해외구매_155,000","정품_147,108|해외구매_155,000","정품_153,182|해외구매_155,000","정품_153,182|해외구매_155,000","정품_153,182|해외구매_155,000","정품_153,182|해외구매_104,320",0,0,0,0,0,0,0,0,0,0,0,0,0,0,0,0,0,0,0,0,0,0,0
8588822,JBL LIVE650BTNC,"해외구매_362,000","해외구매_362,000","해외구매_362,000","해외구매_362,000","해외구매_362,000","해외구매_362,000","해외구매_362,000",0,0,0,0,0,0,0,0,0,0,0,0,0,0,0,0,0,0,0,0,0,0,0
4779731,JBL T450BT,"해외구매_54,790","해외구매_54,790","해외구매_54,790","해외구매_54,790","해외구매_54,790","해외구매_54,790","해외구매_54,790",0,0,0,0,0,0,0,0,0,0,0,0,0,0,0,0,0,0,0,0,0,0,0
7338376,JBL T600BTNC,"정품_212,960","정품_212,960","정품_212,960","정품_212,960","정품_212,960","정품_212,960","정품_212,960",0,0,0,0,0,0,0,0,0,0,0,0,0,0,0,0,0,0,0,0,0,0,0
15258140,JBL TOUR ONE,"해외구매_335,040","해외구매_335,040","해외구매_335,040","해외구매_335,040","해외구매_335,040","해외구매_335,040","해외구매_335,040",0,0,0,0,0,0,0,0,0,0,0,0,0,0,0,0,0,0,0,0,0,0,0
20321519,JBL TOUR ONE M2,"본품, 정품_282,130|본품, 해외구매_264,390","본품, 정품_278,490|본품, 해외구매_264,390","본품, 정품_272,620|본품, 해외구매_264,390","본품, 정품_272,620|본품, 해외구매_264,390","본품, 정품_272,620|본품, 해외구매_264,390","본품, 정품_272,620|본품, 해외구매_264,390","본품, 정품_272,620|본품, 해외구매_264,390",0,0,0,0,0,0,0,0,0,0,0,0,0,0,0,0,0,0,0,0,0,0,0
15252755,JBL TUNE 510BT,"정품_44,087|해외구매_45,900","정품_44,087|해외구매_45,900","정품_44,087|해외구매_45,900","정품_46,400|해외구매_45,900","정품_46,400|해외구매_45,900","정품_46,400|해외구매_45,900","정품_46,400|해외구매_45,900",0,0,0,0,0,0,0,0,0,0,0,0,0,0,0,0,0,0,0,0,0,0,0
20320745,JBL TUNE 520BT,"정품_51,155|해외구매_52,650","정품_51,155|해외구매_52,650","정품_51,155|해외구매_52,650","정품_50,510|해외구매_52,650","정품_50,510|해외구매_52,650","정품_50,510|해외구매_52,640","정품_54,090|해외구매_52,640",0,0,0,0,0,0,0,0,0,0,0,0,0,0,0,0,0,0,0,0,0,0,0
15281759,JBL TUNE 660NC,"정품_76,919|해외구매_81,800","정품_76,919|해외구매_81,800","정품_76,919|해외구매_81,800","정품_81,054|해외구매_81,800","정품_81,054|해외구매_81,800","정품_81,054|해외구매_81,800","정품_83,690|해외구매_81,800",0,0,0,0,0,0,0,0,0,0,0,0,0,0,0,0,0,0,0,0,0,0,0
27816323,JBL TUNE 670NC,"정품_91,550|해외구매_98,110","정품_91,550|해외구매_98,110","정품_91,550|해외구매_98,110","정품_95,090|해외구매_98,110","정품_95,090|해외구매_98,110","정품_95,090|해외구매_98,110","정품_98,570|해외구매_98,110",0,0,0,0,0,0,0,0,0,0,0,0,0,0,0,0,0,0,0,0,0,0,0
15304067,JBL TUNE 710BT,"해외구매_91,800","해외구매_91,800","해외구매_91,800","해외구매_91,800","해외구매_91,800","해외구매_91,800","해외구매_91,800",0,0,0,0,0,0,0,0,0,0,0,0,0,0,0,0,0,0,0,0,0,0,0
20758100,JBL TUNE 720BT,"정품_69,900|해외구매_96,310","정품_69,900|해외구매_96,310","정품_69,900|해외구매_96,310","정품_69,900|해외구매_96,310","정품_69,900|해외구매_96,310","정품_69,900|해외구매_96,310","정품_69,900|해외구매_96,310",0,0,0,0,0,0,0,0,0,0,0,0,0,0,0,0,0,0,0,0,0,0,0
15384959,JBL TUNE 760NC,"정품_118,929|해외구매_56,000","정품_118,929|해외구매_56,000","정품_118,929|해외구매_56,000","정품_125,323|해외구매_56,000","정품_125,323|해외구매_56,000","정품_125,323|해외구매_56,000","정품_125,323|해외구매_56,000",0,0,0,0,0,0,0,0,0,0,0,0,0,0,0,0,0,0,0,0,0,0,0
27888011,JBL TUNE 770NC,"정품_175,420|해외구매_127,730","정품_175,420|해외구매_127,730","정품_175,420|해외구매_127,730","정품_167,200|해외구매_127,730","정품_167,200|해외구매_127,730","정품_175,410|해외구매_127,730","정품_175,410|해외구매_127,730",0,0,0,0,0,0,0,0,0,0,0,0,0,0,0,0,0,0,0,0,0,0,0
7687345,JBL TUNE500BT,"정품_44,087|해외구매_63,900","정품_44,087|해외구매_63,900","정품_44,087|해외구매_63,900","정품_46,457|해외구매_63,900","정품_46,457|해외구매_63,900","정품_46,457|해외구매_63,900","정품_46,457|해외구매_63,900",0,0,0,0,0,0,0,0,0,0,0,0,0,0,0,0,0,0,0,0,0,0,0
29886719,JLAB REWIND,0,0,0,0,0,0,0,0,0,"해외구매_33,000","해외구매_33,000","해외구매_33,000","해외구매_33,000","해외구매_33,000","해외구매_33,000","해외구매_33,000","해외구매_33,000","해외구매_33,000","해외구매_33,000","해외구매_33,000","해외구매_33,000","해외구매_33,000","해외구매_33,000","해외구매_33,000","해외구매_33,000","해외구매_33,000","해외구매_32,990","해외구매_32,960","해외구매_32,940","해외구매_32,920"
16713974,JUSAYO 무선 블루투스 헤드폰,"해외구매_22,580","해외구매_22,580","해외구매_22,580","해외구매_22,580","해외구매_22,580","해외구매_22,580","해외구매_22,580",0,0,0,0,0,0,0,0,0,0,0,0,0,0,0,0,0,0,0,0,0,0,0
19731545,KEF Mu7,"정품_407,000|해외구매_481,350","정품_407,000|해외구매_474,860","정품_407,000|해외구매_475,880","정품_407,000|해외구매_469,990","정품_407,000|해외구매_469,980","정품_407,000|해외구매_465,500","정품_407,000|해외구매_465,490",0,0,0,0,0,0,0,0,0,0,0,0,0,0,0,0,0,0,0,0,0,0,0
25270451,KEF Mu7,"정품_407,000|해외구매_481,350","정품_407,000|해외구매_474,860","정품_407,000|해외구매_475,880","정품_407,000|해외구매_469,990","정품_407,000|해외구매_469,980","정품_407,000|해외구매_465,500","정품_407,000|해외구매_465,490",0,0,0,0,0,0,0,0,0,0,0,0,0,0,0,0,0,0,0,0,0,0,0
19671893,KOSS BT221i,"해외구매_52,800","해외구매_52,800","해외구매_52,800","해외구매_53,080","해외구매_53,080","해외구매_53,690","해외구매_52,690",0,0,0,0,0,0,0,0,0,0,0,0,0,0,0,0,0,0,0,0,0,0,0
19670960,KOSS BT539i,"해외구매_119,920","해외구매_119,920","해외구매_119,920","해외구매_119,920","해외구매_119,920","해외구매_119,920","해외구매_119,920",0,0,0,0,0,0,0,0,0,0,0,0,0,0,0,0,0,0,0,0,0,0,0
20719229,KOSS BT740iQZ,"해외구매_201,760","해외구매_201,760","해외구매_201,760","해외구매_208,800","해외구매_222,450","해외구매_222,450","해외구매_222,450",0,0,0,0,0,0,0,0,0,0,0,0,0,0,0,0,0,0,0,0,0,0,0
14249090,KOSS KPH7 Wireless,"정품_38,310|해외구매_46,700","정품_38,310|해외구매_46,700","정품_38,310|해외구매_50,150","정품_38,310|해외구매_50,150","정품_38,310|해외구매_52,620","정품_38,310|해외구매_52,620","정품_37,910|해외구매_52,620",0,0,0,0,0,0,0,0,0,0,0,0,0,0,0,0,0,0,0,0,0,0,0
19671383,KOSS KSC35 Wireless,"해외구매_87,600","해외구매_87,600","해외구매_87,600","해외구매_87,600","해외구매_87,600","해외구매_87,600","해외구매_87,600",0,0,0,0,0,0,0,0,0,0,0,0,0,0,0,0,0,0,0,0,0,0,0
20570948,KZ H10,"해외구매_135,800","해외구매_135,800","해외구매_135,800","해외구매_135,800","해외구매_135,800","해외구매_135,800","해외구매_135,800",0,0,0,0,0,0,0,0,0,0,0,0,0,0,0,0,0,0,0,0,0,0,0
11692067,LilGadgets Untangled Pro,"정품_79,980|해외구매_99,000","정품_79,980|해외구매_99,000","정품_82,770|해외구매_99,000","정품_82,770|해외구매_99,000","정품_89,240|해외구매_99,000","정품_89,220|해외구매_99,000","정품_89,200|해외구매_99,000",0,0,0,0,0,0,0,0,0,0,0,0,0,0,0,0,0,0,0,0,0,0,0
16618199,MAXTILL GM-P200B,"49,800","49,800","49,800","49,800","49,800","49,800","49,800",0,0,0,0,0,0,0,0,0,0,0,0,0,0,0,0,0,0,0,0,0,0,0
21249146,MPOW 059 Lite,"정품_35,050|해외구매_46,420","정품_35,050|해외구매_46,420","정품_35,050|해외구매_46,420","정품_35,050|해외구매_46,420","정품_35,050|해외구매_46,420","정품_35,050|해외구매_46,420","정품_35,050|해외구매_46,420",0,0,0,0,0,0,0,0,0,0,0,0,0,0,0,0,0,0,0,0,0,0,0
14437418,MPOW CH6 PLUS,"해외구매_36,400","해외구매_36,400","해외구매_36,400","해외구매_36,400","해외구매_36,400","해외구매_36,400","해외구매_36,400",0,0,0,0,0,0,0,0,0,0,0,0,0,0,0,0,0,0,0,0,0,0,0
10894317,MPOW H19 IPO,해외구매_일시품절,해외구매_일시품절,해외구매_일시품절,해외구매_일시품절,해외구매_일시품절,해외구매_일시품절,해외구매_일시품절,0,0,0,0,0,0,0,0,0,0,0,0,0,0,0,0,0,0,0,0,0,0,0
12060338,MPOW H21,"정품_104,320","정품_104,320","정품_104,320","정품_103,720","정품_103,720","정품_105,530","정품_87,200",0,0,0,0,0,0,0,0,0,0,0,0,0,0,0,0,0,0,0,0,0,0,0
11131032,MPOW H7,"해외구매_48,180","해외구매_48,440","해외구매_48,080","해외구매_47,740","해외구매_47,740","해외구매_47,740","해외구매_46,920",0,0,0,0,0,0,0,0,0,0,0,0,0,0,0,0,0,0,0,0,0,0,0
29758796,Mackie MC-40BT,0,0,0,"해외구매_180,800","해외구매_180,800","해외구매_180,800","해외구매_180,800","해외구매_180,800","해외구매_180,800","해외구매_180,800","해외구매_180,800","해외구매_180,800","해외구매_180,800","해외구매_180,800","해외구매_180,800","해외구매_180,800","해외구매_180,800","해외구매_180,800","해외구매_180,800","해외구매_180,800","해외구매_180,800","해외구매_180,800","해외구매_180,800","해외구매_180,800","해외구매_180,800","해외구매_180,800","해외구매_180,800","해외구매_199,700","해외구매_188,900","해외구매_199,700"
29759900,Mackie MC-50BT,0,0,0,"해외구매_126,800","해외구매_126,800","해외구매_126,800","해외구매_126,800","해외구매_126,800","해외구매_126,800","해외구매_126,800","해외구매_126,800","해외구매_126,800","해외구매_126,800","해외구매_126,800","해외구매_126,800","해외구매_126,800","해외구매_126,800","해외구매_126,800","해외구매_126,800","해외구매_126,800","해외구매_126,800","해외구매_126,800","해외구매_126,800","해외구매_126,800","해외구매_126,800","해외구매_156,700","해외구매_156,700","해외구매_156,700","해외구매_158,100","해외구매_158,100"
29760212,Mackie MC-60BT,0,0,0,"해외구매_367,050","해외구매_365,310","해외구매_365,990","해외구매_365,990","해외구매_356,590","해외구매_356,580","해외구매_357,050","해외구매_353,540","해외구매_353,530","해외구매_355,250","해외구매_355,250","해외구매_355,250","해외구매_230,600","해외구매_230,600","해외구매_230,600","해외구매_230,600","해외구매_230,600","해외구매_230,600","해외구매_230,600","해외구매_230,600","해외구매_221,000","해외구매_221,000","해외구매_221,000","해외구매_221,000","해외구매_221,000","해외구매_221,000","해외구매_221,000"
11492331,Microsoft 서피스 헤드폰 2,"해외구매_375,060","해외구매_375,060","해외구매_375,060","해외구매_375,060","해외구매_375,060","해외구매_375,060","해외구매_375,060",0,0,0,0,0,0,0,0,0,0,0,0,0,0,0,0,0,0,0,0,0,0,0
8114728,NURA 델핀 누라,"해외구매_408,780","해외구매_408,780","해외구매_405,520","해외구매_405,520","해외구매_403,400","해외구매_403,400","해외구매_403,400",0,0,0,0,0,0,0,0,0,0,0,0,0,0,0,0,0,0,0,0,0,0,0
6993598,OVLENG S33,"34,820","31,820","31,820","31,820","31,820","31,820","31,820",0,0,0,0,0,0,0,0,0,0,0,0,0,0,0,0,0,0,0,0,0,0,0
13942535,PURO Sound BT2200 Wireless,"정품_79,000","정품_79,000","정품_79,000","정품_76,000","정품_79,000","정품_79,000","정품_73,900",0,0,0,0,0,0,0,0,0,0,0,0,0,0,0,0,0,0,0,0,0,0,0
11981519,Picun B10,"해외구매_55,200","해외구매_55,200","해외구매_55,200","해외구매_55,200","해외구매_55,200","해외구매_55,200","해외구매_55,200",0,0,0,0,0,0,0,0,0,0,0,0,0,0,0,0,0,0,0,0,0,0,0
19089914,QCY H2,"정품_21,050|1개, 해외구매_13,970|2개, 해외구매_23,000","정품_21,040|1개, 해외구매_13,970|2개, 해외구매_23,000","정품_19,500|1개, 해외구매_13,970|2개, 해외구매_23,000","정품_19,490|1개, 해외구매_13,970|2개, 해외구매_23,000","정품_19,490|1개, 해외구매_13,970|2개, 해외구매_23,000","정품_20,200|1개, 해외구매_13,970|2개, 해외구매_23,000","정품_21,110|1개, 해외구매_13,980|2개, 해외구매_23,000",0,0,0,0,0,0,0,0,0,0,0,0,0,0,0,0,0,0,0,0,0,0,0
20078060,QCY H2 PRO,"정품_22,620|해외구매_17,700","정품_23,460|해외구매_17,700","정품_23,460|해외구매_17,700","정품_23,730|해외구매_17,700","정품_23,730|해외구매_17,700","정품_23,730|해외구매_17,700","정품_23,890|해외구매_17,700",0,0,0,0,0,0,0,0,0,0,0,0,0,0,0,0,0,0,0,0,0,0,0
28370867,QCY H2 PRO,"정품_22,620|해외구매_17,700","정품_23,460|해외구매_17,700","정품_23,460|해외구매_17,700","정품_23,730|해외구매_17,700","정품_23,730|해외구매_17,700","정품_23,730|해외구매_17,700","정품_23,890|해외구매_17,700",0,0,0,0,0,0,0,0,0,0,0,0,0,0,0,0,0,0,0,0,0,0,0
25222838,QCY H3,"1개, 해외구매_25,000|2개, 해외구매_49,990","1개, 해외구매_25,000|2개, 해외구매_49,990","1개, 해외구매_25,000|2개, 해외구매_49,990","1개, 해외구매_25,000|2개, 해외구매_49,990","1개, 해외구매_25,000|2개, 해외구매_49,990","1개, 해외구매_25,000|2개, 해외구매_49,990","1개, 해외구매_25,000|2개, 해외구매_49,990",0,0,0,0,0,0,0,0,0,0,0,0,0,0,0,0,0,0,0,0,0,0,0
20384246,QCY H4,"1개, 해외구매_26,930|2개, 해외구매_76,870","1개, 해외구매_30,600|2개, 해외구매_76,870","1개, 해외구매_30,600|2개, 해외구매_76,870","1개, 해외구매_30,600|2개, 해외구매_78,990","1개, 해외구매_30,600|2개, 해외구매_79,990","1개, 해외구매_30,600|2개, 해외구매_79,990","1개, 해외구매_30,600|2개, 해외구매_79,050",0,0,0,0,0,0,0,0,0,0,0,0,0,0,0,0,0,0,0,0,0,0,0
28865090,ROYCHE BTH-910,"42,900","42,900","39,900","39,900","39,900","39,900","39,900",0,0,0,0,0,0,0,0,0,0,0,0,0,0,0,0,0,0,0,0,0,0,0
13568030,Razer OPUS,"정품_194,220|해외구매_177,000","정품_194,220|해외구매_177,000","정품_194,220|해외구매_177,000","정품_194,220|해외구매_177,000","정품_152,430|해외구매_177,000","정품_227,510|해외구매_177,000","정품_159,660|해외구매_177,000",0,0,0,0,0,0,0,0,0,0,0,0,0,0,0,0,0,0,0,0,0,0,0
12985397,Riwbox CT-7S,해외구매_일시품절,해외구매_일시품절,"해외구매_111,780","해외구매_110,990",해외구매_일시품절,해외구매_일시품절,해외구매_일시품절,0,0,0,0,0,0,0,0,0,0,0,0,0,0,0,0,0,0,0,0,0,0,0
28647218,SIBYL TM-28,"해외구매_29,800","해외구매_29,800","해외구매_29,800","해외구매_29,800","해외구매_29,800","해외구매_29,800","해외구매_29,800",0,0,0,0,0,0,0,0,0,0,0,0,0,0,0,0,0,0,0,0,0,0,0
28862252,SIBYL TM-50,"해외구매_32,800","해외구매_32,800","해외구매_32,800","해외구매_32,800","해외구매_32,800","해외구매_32,800","해외구매_32,800",0,0,0,0,0,0,0,0,0,0,0,0,0,0,0,0,0,0,0,0,0,0,0
28861655,SIBYL TM-66,"해외구매_38,800","해외구매_38,800","해외구매_38,800","해외구매_38,800","해외구매_38,800","해외구매_38,800","해외구매_38,800",0,0,0,0,0,0,0,0,0,0,0,0,0,0,0,0,0,0,0,0,0,0,0
17135432,SKY 핏 ANC H1,"89,000","84,900","84,900","84,900","84,900","84,900","84,900",0,0,0,0,0,0,0,0,0,0,0,0,0,0,0,0,0,0,0,0,0,0,0
28780316,SKY 핏 ANC H11,"59,900","59,900","59,900","59,900","59,900","59,900","59,900",0,0,0,0,0,0,0,0,0,0,0,0,0,0,0,0,0,0,0,0,0,0,0
16856714,SKY 핏 H2 IM-H2,"32,900","32,900","32,900","32,900","32,900","32,900","32,900",0,0,0,0,0,0,0,0,0,0,0,0,0,0,0,0,0,0,0,0,0,0,0
18297689,SKY 핏 마카롱 IM-H22,"29,900","29,900","29,900","29,900","29,900","29,900","29,900",0,0,0,0,0,0,0,0,0,0,0,0,0,0,0,0,0,0,0,0,0,0,0
4408120,SONY MDR-1000X,"정품_534,960","정품_534,960","정품_534,960","정품_534,960","정품_534,960","정품_534,960","정품_534,960",0,0,0,0,0,0,0,0,0,0,0,0,0,0,0,0,0,0,0,0,0,0,0
2349795,SONY MDR-10RBT,"해외구매_821,400","해외구매_821,400","해외구매_821,400","해외구매_821,400","해외구매_821,400","해외구매_821,400","해외구매_821,400",0,0,0,0,0,0,0,0,0,0,0,0,0,0,0,0,0,0,0,0,0,0,0
3197986,SONY MDR-1ABT,"정품_425,870|해외구매_421,930","정품_425,870|해외구매_421,930","정품_425,870|해외구매_421,930","정품_425,870|해외구매_421,930","정품_425,870|해외구매_421,930","정품_425,870|해외구매_421,930","정품_425,870|해외구매_421,930",0,0,0,0,0,0,0,0,0,0,0,0,0,0,0,0,0,0,0,0,0,0,0
3666585,SONY MDR-XB650BT,"정품_177,990|해외구매_260,000","정품_177,990|해외구매_260,000","정품_177,990|해외구매_260,000","정품_177,990|해외구매_260,000","정품_177,990|해외구매_260,000","정품_177,990|해외구매_260,000","정품_177,990|해외구매_260,000",0,0,0,0,0,0,0,0,0,0,0,0,0,0,0,0,0,0,0,0,0,0,0
4817682,SONY MDR-XB950B1,"정품_220,200|해외구매_279,400","정품_220,200|해외구매_281,160","정품_220,200|해외구매_278,820","정품_220,200|해외구매_276,840","정품_220,200|해외구매_276,840","정품_220,200|해외구매_276,960","정품_220,200|해외구매_272,070",0,0,0,0,0,0,0,0,0,0,0,0,0,0,0,0,0,0,0,0,0,0,0
4407839,SONY MDR-ZX220BT,"정품_162,460|해외구매_192,000","정품_162,460|해외구매_192,000","정품_162,460|해외구매_192,000","정품_162,460|해외구매_192,000","정품_162,460|해외구매_192,000","정품_162,460|해외구매_192,000","정품_162,460|해외구매_192,000",0,0,0,0,0,0,0,0,0,0,0,0,0,0,0,0,0,0,0,0,0,0,0
3185235,SONY MDR-ZX330BT,"정품_100,000|해외구매_177,000","정품_100,000|해외구매_177,000","정품_100,000|해외구매_177,000","정품_100,000|해외구매_177,000","정품_100,000|해외구매_177,000","정품_100,000|해외구매_177,000","정품_100,000|해외구매_177,000",0,0,0,0,0,0,0,0,0,0,0,0,0,0,0,0,0,0,0,0,0,0,0
3184980,SONY MDR-ZX770BN,"정품_336,120|해외구매_252,300","정품_336,120|해외구매_252,300","정품_336,120|해외구매_252,300","정품_336,120|해외구매_252,300","정품_336,120|해외구매_252,300","정품_336,120|해외구매_252,300","정품_336,120|해외구매_252,300",0,0,0,0,0,0,0,0,0,0,0,0,0,0,0,0,0,0,0,0,0,0,0
5470358,SONY WH-1000XM2,"해외구매_319,480","해외구매_319,480","해외구매_319,480","해외구매_319,480","해외구매_319,480","해외구매_319,480","해외구매_319,480",0,0,0,0,0,0,0,0,0,0,0,0,0,0,0,0,0,0,0,0,0,0,0
6481341,SONY WH-1000XM3,"정품_463,180|해외구매_264,690","정품_427,990|해외구매_264,690","정품_427,990|해외구매_264,690","정품_427,990|해외구매_264,690","정품_428,000|해외구매_264,690","정품_463,180|해외구매_264,690","정품_463,180|해외구매_264,690",0,0,0,0,0,0,0,0,0,0,0,0,0,0,0,0,0,0,0,0,0,0,0
12003638,SONY WH-1000XM4,"정품_371,580|해외구매_304,890|해외리퍼_319,120","정품_370,900|해외구매_304,890|해외리퍼_318,770","정품_370,900|해외구매_304,890|해외리퍼_318,430","정품_370,900|해외구매_304,890|해외리퍼_318,090","정품_372,900|해외구매_301,630|해외리퍼_318,080","정품_374,890|해외구매_304,900|해외리퍼_317,750","정품_374,890|해외구매_304,900|해외리퍼_317,400",0,0,0,0,0,0,0,0,0,0,0,0,0,0,0,0,0,0,0,0,0,0,0
14823620,SONY WH-1000XM4 미드나잇블루,"정품_371,590|해외구매_339,100|해외리퍼_339,100","정품_381,720|해외구매_339,100|해외리퍼_339,100","정품_390,210|해외구매_339,100|해외리퍼_339,100","정품_381,710|해외구매_339,100|해외리퍼_339,100","정품_388,700|해외구매_339,100|해외리퍼_339,100","정품_391,660|해외구매_339,100|해외리퍼_339,100","정품_394,620|해외구매_318,900|해외리퍼_312,480",0,0,0,0,0,0,0,0,0,0,0,0,0,0,0,0,0,0,0,0,0,0,0
14265335,SONY WH-1000XM4 사일런트 화이트 에디션,"해외구매_664,280","해외구매_664,280","해외구매_664,280","해외구매_664,280","해외구매_664,280","해외구매_664,280","해외구매_664,280",0,0,0,0,0,0,0,0,0,0,0,0,0,0,0,0,0,0,0,0,0,0,0
17229284,SONY WH-1000XM5,"정품_407,230|해외구매_331,490|해외리퍼_367,760","정품_407,610|해외구매_331,490|해외리퍼_367,720","정품_407,310|해외구매_331,490|해외리퍼_367,720","정품_407,000|해외구매_331,490|해외리퍼_377,990","정품_407,310|해외구매_331,490|해외리퍼_401,020","정품_404,990|해외구매_331,490|해외리퍼_381,250","정품_415,230|해외구매_331,490|해외리퍼_390,670",0,0,0,0,0,0,0,0,0,0,0,0,0,0,0,0,0,0,0,0,0,0,0
19706702,SONY WH-1000XM5 미드나잇블루,"정품_407,250|해외구매_411,650","정품_419,660|해외구매_411,650","정품_419,660|해외구매_411,650","정품_419,660|해외구매_411,650","정품_419,660|해외구매_411,650","정품_419,660|해외구매_411,650","정품_419,660|해외구매_411,650",0,0,0,0,0,0,0,0,0,0,0,0,0,0,0,0,0,0,0,0,0,0,0
5938752,SONY WH-CH400,"정품_65,490","정품_65,490","정품_65,490","정품_65,490","정품_65,490","정품_65,490","정품_65,490",0,0,0,0,0,0,0,0,0,0,0,0,0,0,0,0,0,0,0,0,0,0,0
5938596,SONY WH-CH500,"정품_79,000|해외구매_64,070","정품_79,000|해외구매_68,440","정품_79,000|해외구매_68,440","정품_79,000|해외구매_68,440","정품_79,000|해외구매_68,440","정품_79,000|해외구매_68,440","정품_79,000|해외구매_68,440",0,0,0,0,0,0,0,0,0,0,0,0,0,0,0,0,0,0,0,0,0,0,0
9804099,SONY WH-CH510,"정품_46,900|해외구매_59,030","정품_46,900|해외구매_58,650","정품_54,000|해외구매_58,640","정품_54,000|해외구매_58,640","정품_54,000|해외구매_58,630","정품_54,000|해외구매_58,630","정품_54,000|해외구매_58,620",0,0,0,0,0,0,0,0,0,0,0,0,0,0,0,0,0,0,0,0,0,0,0
19161290,SONY WH-CH520,"정품_80,090|해외구매_66,910","정품_80,090|해외구매_67,150","정품_80,090|해외구매_67,150","정품_80,090|해외구매_67,150","정품_80,090|해외구매_67,150","정품_75,810|해외구매_67,150","정품_76,690|해외구매_67,150",0,0,0,0,0,0,0,0,0,0,0,0,0,0,0,0,0,0,0,0,0,0,0
5938208,SONY WH-CH700N,"정품_225,210|해외구매_261,700","정품_225,210|해외구매_258,840","정품_225,210|해외구매_258,840","정품_225,210|해외구매_266,266","정품_225,210|해외구매_266,266","정품_225,210|해외구매_266,266","정품_225,210|해외구매_263,464",0,0,0,0,0,0,0,0,0,0,0,0,0,0,0,0,0,0,0,0,0,0,0
11091570,SONY WH-CH710N,"정품_179,000|해외구매_117,600|해외리퍼_107,190","정품_179,000|해외구매_117,600|해외리퍼_107,190","정품_179,000|해외구매_117,600|해외리퍼_107,190","정품_179,000|해외구매_117,600|해외리퍼_107,190","정품_179,000|해외구매_117,600|해외리퍼_107,190","정품_179,000|해외구매_117,600|해외리퍼_107,190","정품_179,000|해외구매_117,600|해외리퍼_100,810",0,0,0,0,0,0,0,0,0,0,0,0,0,0,0,0,0,0,0,0,0,0,0
19160999,SONY WH-CH720N,"정품_169,020|해외구매_113,380|해외리퍼_99,500","정품_169,020|해외구매_113,320|해외리퍼_134,200","정품_175,770|해외구매_113,320|해외리퍼_134,200","정품_175,770|해외구매_114,650|해외리퍼_134,200","정품_175,770|해외구매_114,650|해외리퍼_134,200","정품_175,770|해외구매_114,650|해외리퍼_134,200","정품_175,700|해외구매_114,650|해외리퍼_134,200",0,0,0,0,0,0,0,0,0,0,0,0,0,0,0,0,0,0,0,0,0,0,0
6074139,SONY WH-L600,"정품_230,510|해외구매_361,000","정품_248,620|해외구매_361,000","정품_248,510|해외구매_361,000","정품_248,460|해외구매_361,000","정품_230,510|해외구매_361,000","정품_248,610|해외구매_361,000","정품_238,220|해외구매_361,000",0,0,0,0,0,0,0,0,0,0,0,0,0,0,0,0,0,0,0,0,0,0,0
7727863,SONY WH-XB700,"해외구매_148,950","해외구매_148,950","해외구매_148,950","해외구매_148,950","해외구매_148,950","해외구매_148,950","해외구매_148,950",0,0,0,0,0,0,0,0,0,0,0,0,0,0,0,0,0,0,0,0,0,0,0
9239121,SONY WH-XB900N,"해외구매_179,900","해외구매_179,900","해외구매_179,900","해외구매_179,900","해외구매_179,900","해외구매_179,900","해외구매_179,900",0,0,0,0,0,0,0,0,0,0,0,0,0,0,0,0,0,0,0,0,0,0,0
15711557,SONY WH-XB910N,"정품_209,000|해외구매_53,100|중고_175,120|해외리퍼_150,870","정품_209,000|해외구매_53,100|중고_175,120|해외리퍼_150,870","정품_209,000|해외구매_53,100|중고_175,120|해외리퍼_150,870","정품_209,000|해외구매_55,530|중고_175,120|해외리퍼_150,870","정품_209,000|해외구매_55,530|중고_175,120|해외리퍼_150,870","정품_209,000|해외구매_61,910|중고_181,090|해외리퍼_150,870","정품_209,000|해외구매_65,000|중고_181,090|해외리퍼_150,870",0,0,0,0,0,0,0,0,0,0,0,0,0,0,0,0,0,0,0,0,0,0,0
2253601,SONY Walkman NWZ-WH505,"정품_275,350","정품_275,350","정품_275,350","정품_275,350","정품_275,350","정품_275,350","정품_275,350",0,0,0,0,0,0,0,0,0,0,0,0,0,0,0,0,0,0,0,0,0,0,0
5553192,SONY h.ear on 2 Mini Wireless WH-H800,"해외구매_168,800","해외구매_168,800","해외구매_168,800","해외구매_168,800","해외구매_168,800","해외구매_168,800","해외구매_168,800",0,0,0,0,0,0,0,0,0,0,0,0,0,0,0,0,0,0,0,0,0,0,0
5505391,SONY h.ear on 2 Wireless WH-H900N,"해외리퍼_189,810|해외구매_472,000","해외리퍼_189,810|해외구매_472,000","해외리퍼_189,810|해외구매_472,000","해외리퍼_189,810|해외구매_472,000","해외리퍼_189,810|해외구매_472,000","해외리퍼_189,810|해외구매_472,000","해외리퍼_189,810|해외구매_472,000",0,0,0,0,0,0,0,0,0,0,0,0,0,0,0,0,0,0,0,0,0,0,0
9829242,SONY h.ear on 3 Wireless NC WH-H910N,"해외구매_274,000","해외구매_242,500","해외구매_242,500","해외구매_242,500","해외구매_274,000","해외구매_274,000","해외구매_274,000",0,0,0,0,0,0,0,0,0,0,0,0,0,0,0,0,0,0,0,0,0,0,0
10502490,SONY h.ear on 3 Wireless WH-H810,"해외구매_248,850","해외구매_248,850","해외구매_248,840","해외구매_248,840","해외구매_248,830","해외구매_248,830","해외구매_247,320",0,0,0,0,0,0,0,0,0,0,0,0,0,0,0,0,0,0,0,0,0,0,0
3871853,SONY h.ear on Wireless NC MDR-100ABN,"해외구매_126,390|리퍼_176,220","해외구매_126,390|리퍼_176,220","해외구매_126,390|리퍼_176,220","해외구매_126,390|리퍼_176,220","해외구매_126,390|리퍼_176,220","해외구매_126,390|리퍼_176,220","해외구매_126,390|리퍼_184,140",0,0,0,0,0,0,0,0,0,0,0,0,0,0,0,0,0,0,0,0,0,0,0
12035090,SOUL X-TRA,"정품_180,000","정품_180,000","정품_180,000","정품_180,000","정품_180,000","정품_180,000","정품_180,000",0,0,0,0,0,0,0,0,0,0,0,0,0,0,0,0,0,0,0,0,0,0,0
15732818,Saramonic SR-BH600,"정품_67,000","정품_67,000","정품_67,000","정품_67,000","정품_67,000","정품_67,000","정품_67,000",0,0,0,0,0,0,0,0,0,0,0,0,0,0,0,0,0,0,0,0,0,0,0
5194915,Smartek STBT-H100,"정품_12,400","정품_8,900","정품_8,900","정품_8,900","정품_8,900","정품_8,900","정품_8,900",0,0,0,0,0,0,0,0,0,0,0,0,0,0,0,0,0,0,0,0,0,0,0
5966468,Smartek STBT-H200,"14,520","14,520","14,520","14,520","14,520","14,520","14,520",0,0,0,0,0,0,0,0,0,0,0,0,0,0,0,0,0,0,0,0,0,0,0
16418075,Smartek STBT-H300,"28,840","29,160","29,490","29,160","29,160","29,160","29,160",0,0,0,0,0,0,0,0,0,0,0,0,0,0,0,0,0,0,0,0,0,0,0
18640478,Smartek STBT-H350 MAX,"18,710","18,710","18,710","18,710","18,710","18,710","18,710",0,0,0,0,0,0,0,0,0,0,0,0,0,0,0,0,0,0,0,0,0,0,0
20183771,Smartek STBT-H500ANC,"47,600","47,600","47,600","47,600","47,600","47,600","47,600",0,0,0,0,0,0,0,0,0,0,0,0,0,0,0,0,0,0,0,0,0,0,0
9603093,SonicGearLab 소닉기어 뉴 에어폰 5,"32,000","32,000","32,000","32,000","32,000","32,000","56,260",0,0,0,0,0,0,0,0,0,0,0,0,0,0,0,0,0,0,0,0,0,0,0
9603357,SonicGearLab 소닉기어 뉴 에어폰 7,"32,000","32,000","32,000","32,000","32,000","32,000","32,000",0,0,0,0,0,0,0,0,0,0,0,0,0,0,0,0,0,0,0,0,0,0,0
7929172,SonicGearLab 소닉기어 뉴 에어폰3,"18,500","18,500","18,500","18,500","18,500","18,500","17,800",0,0,0,0,0,0,0,0,0,0,0,0,0,0,0,0,0,0,0,0,0,0,0
20371454,T+A Solitaire T,"정품_2,091,700|해외구매_2,231,490","정품_2,036,700|해외구매_2,231,490","정품_2,027,300|해외구매_2,231,490","정품_2,105,330|해외구매_2,231,490","정품_2,105,330|해외구매_2,231,490","정품_2,105,330|해외구매_2,231,490","정품_2,129,690|해외구매_2,231,490",0,0,0,0,0,0,0,0,0,0,0,0,0,0,0,0,0,0,0,0,0,0,0
3238546,TRITTON Swarm,"정품_89,000","정품_89,000","정품_89,000","정품_89,000","정품_89,000","정품_89,000","정품_89,000",0,0,0,0,0,0,0,0,0,0,0,0,0,0,0,0,0,0,0,0,0,0,0
17137508,TUANTI A70,"해외구매_49,980","해외구매_49,980","해외구매_49,980","해외구매_49,980","해외구매_49,980","해외구매_49,980","해외구매_49,980",0,0,0,0,0,0,0,0,0,0,0,0,0,0,0,0,0,0,0,0,0,0,0
18042533,UGREEN HiTune Max3,"해외구매_139,280","해외구매_139,280","해외구매_139,280","해외구매_139,280","해외구매_139,280","해외구매_139,280","해외구매_139,280",0,0,0,0,0,0,0,0,0,0,0,0,0,0,0,0,0,0,0,0,0,0,0
6207899,V1000-BT960,"48,890","48,890","48,890","57,260","57,260","57,260","57,260",0,0,0,0,0,0,0,0,0,0,0,0,0,0,0,0,0,0,0,0,0,0,0
16245095,VANKYO C751,"해외구매_19,900","해외구매_19,900","해외구매_19,900","해외구매_19,900","해외구매_19,900","해외구매_19,900","해외구매_19,900",0,0,0,0,0,0,0,0,0,0,0,0,0,0,0,0,0,0,0,0,0,0,0
13676573,ZEALOT B19,"해외구매_30,290","해외구매_30,290","해외구매_30,290","해외구매_30,290","해외구매_30,290","해외구매_30,290","해외구매_30,290",0,0,0,0,0,0,0,0,0,0,0,0,0,0,0,0,0,0,0,0,0,0,0
13581350,ZEALOT B36,"해외구매_43,680","해외구매_43,680","해외구매_43,680","해외구매_43,680","해외구매_43,680","해외구매_43,680","해외구매_43,680",0,0,0,0,0,0,0,0,0,0,0,0,0,0,0,0,0,0,0,0,0,0,0
7302547,archon Freebuds E9,"15,240","15,240","15,240","15,240","15,240","34,900","34,900",0,0,0,0,0,0,0,0,0,0,0,0,0,0,0,0,0,0,0,0,0,0,0
21726938,v-moda Crossfade 2 Wireless Codex Edition,"정품_369,000|해외구매_450,730","정품_369,000|해외구매_450,730","정품_369,000|해외구매_450,730","정품_369,000|해외구매_450,730","정품_369,000|해외구매_450,730","정품_369,000|해외구매_450,730","정품_369,000|해외구매_450,730",0,0,0,0,0,0,0,0,0,0,0,0,0,0,0,0,0,0,0,0,0,0,0
4488579,가우넷 KISS-H68N,"정품_65,000","정품_65,000","정품_65,000","정품_65,000","정품_65,000","정품_65,000","정품_65,000",0,0,0,0,0,0,0,0,0,0,0,0,0,0,0,0,0,0,0,0,0,0,0
12626933,그라도 GW100,"해외구매_377,000","해외구매_377,000","해외구매_377,000","해외구매_377,000","해외구매_377,000","해외구매_377,000","해외구매_377,000",0,0,0,0,0,0,0,0,0,0,0,0,0,0,0,0,0,0,0,0,0,0,0
19171643,그라도 GW100x,"정품_520,310|해외구매_489,000","정품_520,310|해외구매_489,000","정품_520,310|해외구매_489,000","정품_520,310|해외구매_489,000","정품_520,310|해외구매_489,000","정품_520,310|해외구매_489,000","정품_498,640|해외구매_489,000",0,0,0,0,0,0,0,0,0,0,0,0,0,0,0,0,0,0,0,0,0,0,0
5571629,나오테크 NAO-3000,"정품_50,490","정품_50,490","정품_50,490","정품_50,490","정품_50,490","정품_50,490","정품_50,490",0,0,0,0,0,0,0,0,0,0,0,0,0,0,0,0,0,0,0,0,0,0,0
18523598,노키아 WHP-101,"정품_38,900|해외구매_54,600","정품_38,900|해외구매_54,600","정품_38,900|해외구매_54,600","정품_38,900|해외구매_54,600","정품_38,900|해외구매_54,600","정품_38,900|해외구매_54,600","정품_38,900|해외구매_54,600",0,0,0,0,0,0,0,0,0,0,0,0,0,0,0,0,0,0,0,0,0,0,0
20401673,다이슨 존 WP01BB,"해외구매_1,823,560","해외구매_1,823,460","해외구매_1,823,360","해외구매_1,823,310","해외구매_1,823,270","해외구매_1,847,290","해외구매_1,847,290",0,0,0,0,0,0,0,0,0,0,0,0,0,0,0,0,0,0,0,0,0,0,0
11569235,달리 iO4,"정품_259,000|해외구매_234,730","정품_259,000|해외구매_234,730","정품_259,000|해외구매_234,730","정품_259,000|해외구매_234,730","정품_249,780|해외구매_234,730","정품_259,000|해외구매_234,730","정품_259,000|해외구매_234,730",0,0,0,0,0,0,0,0,0,0,0,0,0,0,0,0,0,0,0,0,0,0,0
11569124,달리 iO6,"정품_299,000|해외구매_348,350","정품_299,000|해외구매_343,740","정품_299,000|해외구매_359,560","정품_299,000|해외구매_359,560","정품_299,000|해외구매_359,560","정품_299,000|해외구매_359,560","정품_299,000|해외구매_359,560",0,0,0,0,0,0,0,0,0,0,0,0,0,0,0,0,0,0,0,0,0,0,0
9482247,대진씨앤엠 RRP DJH-BT100,"21,900","21,900","21,900","21,900","21,900","21,900","21,900",0,0,0,0,0,0,0,0,0,0,0,0,0,0,0,0,0,0,0,0,0,0,0
4750210,더 하우스 오브 말리 Buffalo Soldier BT,"정품_158,300","정품_158,300","정품_158,300","정품_158,300","정품_158,300","정품_158,300","정품_158,300",0,0,0,0,0,0,0,0,0,0,0,0,0,0,0,0,0,0,0,0,0,0,0
12952985,데논 AH-GC25NC,"정품_165,120","정품_165,120","정품_183,350","정품_175,630","정품_175,630","정품_175,630","정품_183,350",0,0,0,0,0,0,0,0,0,0,0,0,0,0,0,0,0,0,0,0,0,0,0
13609316,데논 AH-GC25W,"170,000","170,000","170,000","170,000","170,000","170,000","170,000",0,0,0,0,0,0,0,0,0,0,0,0,0,0,0,0,0,0,0,0,0,0,0
8972186,데논 AH-GC30,"정품_307,660|해외구매_169,500","정품_302,940|해외구매_269,000","정품_302,940|해외구매_227,370","정품_302,940|해외구매_225,760","정품_302,940|해외구매_269,000","정품_302,940|해외구매_269,000","정품_302,940|해외구매_269,000",0,0,0,0,0,0,0,0,0,0,0,0,0,0,0,0,0,0,0,0,0,0,0
20728058,드림인터내셔널 TCO BH10,"39,000","39,000","39,000","39,000","39,000","39,000","39,000",0,0,0,0,0,0,0,0,0,0,0,0,0,0,0,0,0,0,0,0,0,0,0
18670346,디알고 BH020C,"16,110","16,110","16,110","16,110","16,110","16,110","16,110",0,0,0,0,0,0,0,0,0,0,0,0,0,0,0,0,0,0,0,0,0,0,0
13138856,디알고 BH028C,"22,500","23,290","23,290","23,290","23,300","23,300","23,300",0,0,0,0,0,0,0,0,0,0,0,0,0,0,0,0,0,0,0,0,0,0,0
21723998,디알고 BH028K,"27,800","27,800","27,800","27,800","27,800","26,330","26,330",0,0,0,0,0,0,0,0,0,0,0,0,0,0,0,0,0,0,0,0,0,0,0
13141010,디알고 BH030,"17,910","17,910","17,910","17,910","17,910","17,910","18,500",0,0,0,0,0,0,0,0,0,0,0,0,0,0,0,0,0,0,0,0,0,0,0
11977838,디알고 BH031,"27,750","27,750","27,750","27,750","27,750","27,750","27,750",0,0,0,0,0,0,0,0,0,0,0,0,0,0,0,0,0,0,0,0,0,0,0
28274978,디알고 BH05CK,"퍼플_24,490|블루_24,490","퍼플_24,490|블루_24,490","퍼플_23,540|블루_23,540","퍼플_24,490|블루_24,490","퍼플_24,490|블루_24,490","퍼플_24,490|블루_24,490","퍼플_24,490|블루_24,490",0,0,0,0,0,0,0,0,0,0,0,0,0,0,0,0,0,0,0,0,0,0,0
17882825,디알고 BH06CK,"27,800","27,800","27,800","27,800","26,700","27,800","27,800",0,0,0,0,0,0,0,0,0,0,0,0,0,0,0,0,0,0,0,0,0,0,0
17883437,디알고 BH07C,"19,800","19,800","19,800","19,800","19,800","19,800","19,800",0,0,0,0,0,0,0,0,0,0,0,0,0,0,0,0,0,0,0,0,0,0,0
15734057,디알고 BHANC,"64,500","64,500","64,500","64,500","64,500","64,500","64,500",0,0,0,0,0,0,0,0,0,0,0,0,0,0,0,0,0,0,0,0,0,0,0
18907550,디알고 BHANC08,"39,800","39,800","39,800","39,800","39,800","39,800","39,800",0,0,0,0,0,0,0,0,0,0,0,0,0,0,0,0,0,0,0,0,0,0,0
15230183,디알고 P1C,"33,190","33,180","33,170","33,160","33,160","33,160","33,160",0,0,0,0,0,0,0,0,0,0,0,0,0,0,0,0,0,0,0,0,0,0,0
27682538,디알고 P2C,"28,370","28,360","28,360","28,370","24,500","24,500","24,500",0,0,0,0,0,0,0,0,0,0,0,0,0,0,0,0,0,0,0,0,0,0,0
28443968,디알고 P5C,"36,500","36,500","36,500","36,500","36,500","36,500","36,500",0,0,0,0,0,0,0,0,0,0,0,0,0,0,0,0,0,0,0,0,0,0,0
5915320,라온 BTH-1000,"23,880","23,880","23,880","23,880","23,880","23,880","23,880",0,0,0,0,0,0,0,0,0,0,0,0,0,0,0,0,0,0,0,0,0,0,0
10949628,라온 BTH-3000,"13,890","14,890","16,900","16,900","16,900","16,900","16,900",0,0,0,0,0,0,0,0,0,0,0,0,0,0,0,0,0,0,0,0,0,0,0
30130622,라온 BTH-5000ANC,0,0,0,0,0,0,0,0,0,0,0,0,0,0,0,0,0,0,0,0,0,0,"31,030","39,890","39,890","39,890","39,890","39,890","39,900","39,900"
13312937,라이트컴 COMS BB493,"40,920","40,920","40,920","40,920","40,920","40,920","40,920",0,0,0,0,0,0,0,0,0,0,0,0,0,0,0,0,0,0,0,0,0,0,0
3998396,라이트컴 COMS F5,"정품_51,650","정품_51,650","정품_51,650","정품_54,700","정품_54,700","정품_54,700","정품_57,250",0,0,0,0,0,0,0,0,0,0,0,0,0,0,0,0,0,0,0,0,0,0,0
2409055,라이트컴 COMS ID249,"정품_35,260","정품_35,260","정품_39,730","정품_39,730","정품_39,730","정품_39,730","정품_39,730",0,0,0,0,0,0,0,0,0,0,0,0,0,0,0,0,0,0,0,0,0,0,0
3779864,라이트컴 COMS ID815,"정품_29,200","정품_29,200","정품_29,200","정품_29,200","정품_29,200","정품_29,200","정품_29,200",0,0,0,0,0,0,0,0,0,0,0,0,0,0,0,0,0,0,0,0,0,0,0
13572095,라플루 AH-01,"62,240","62,240","62,240","58,530","58,530","58,530","58,530",0,0,0,0,0,0,0,0,0,0,0,0,0,0,0,0,0,0,0,0,0,0,0
13183037,레노버 HD116,"정품_38,500|해외구매_52,080","정품_38,500|해외구매_52,080","정품_38,500|해외구매_52,080","정품_38,500|해외구매_52,080","정품_37,750|해외구매_52,080","정품_37,750|해외구매_55,150","정품_38,500|해외구매_51,470",0,0,0,0,0,0,0,0,0,0,0,0,0,0,0,0,0,0,0,0,0,0,0
14296457,레노버 HD200,"해외구매_23,700","해외구매_23,830","해외구매_23,650","해외구매_23,650","해외구매_23,480","해외구매_23,480","해외구매_23,080",0,0,0,0,0,0,0,0,0,0,0,0,0,0,0,0,0,0,0,0,0,0,0
16095899,레노버 씽크패드 X1 4XD0U47635,"정품_213,700|해외구매_444,700","정품_213,700|해외구매_444,700","정품_213,700|해외구매_444,700","정품_213,700|해외구매_444,700","정품_213,700|해외구매_444,700","정품_213,700|해외구매_444,700","정품_213,700|해외구매_444,700",0,0,0,0,0,0,0,0,0,0,0,0,0,0,0,0,0,0,0,0,0,0,0
20364395,레노버 씽크플러스 TH10,"해외구매_9,630","해외구매_16,390","해외구매_16,380","해외구매_16,360","해외구매_16,360","해외구매_16,360","해외구매_14,790",0,0,0,0,0,0,0,0,0,0,0,0,0,0,0,0,0,0,0,0,0,0,0
20363909,레노버 씽크플러스 TH30,"해외구매_18,430","해외구매_18,430","해외구매_18,430","해외구매_12,600","해외구매_12,600","해외구매_12,600","해외구매_12,600",0,0,0,0,0,0,0,0,0,0,0,0,0,0,0,0,0,0,0,0,0,0,0
20363540,레노버 씽크플러스 TH40,"해외구매_17,900","해외구매_17,900","해외구매_17,900","해외구매_17,900","해외구매_17,900","해외구매_17,900","해외구매_17,900",0,0,0,0,0,0,0,0,0,0,0,0,0,0,0,0,0,0,0,0,0,0,0
3940356,로우락 TS-A3,"정품_20,500","정품_20,500","정품_20,500","정품_20,500","정품_20,500","정품_20,500","정품_20,500",0,0,0,0,0,0,0,0,0,0,0,0,0,0,0,0,0,0,0,0,0,0,0
13284002,리맥스 RB-600HB,"정품_57,700|해외구매_99,000","정품_57,700|해외구매_99,000","정품_78,600|해외구매_99,000","정품_78,600|해외구매_99,000","정품_78,600|해외구매_99,000","정품_78,600|해외구매_99,000","정품_78,600|해외구매_99,000",0,0,0,0,0,0,0,0,0,0,0,0,0,0,0,0,0,0,0,0,0,0,0
5675429,리브라톤 Q ADAPT,"해외구매_343,190","해외구매_343,190","해외구매_343,190","해외구매_343,190","해외구매_343,190","해외구매_343,190","해외구매_343,190",0,0,0,0,0,0,0,0,0,0,0,0,0,0,0,0,0,0,0,0,0,0,0
7812598,마샬 MID ANC,"해외구매_181,800","해외구매_181,800","해외구매_181,800","해외구매_181,800","해외구매_181,800","해외구매_181,800","해외구매_181,800",0,0,0,0,0,0,0,0,0,0,0,0,0,0,0,0,0,0,0,0,0,0,0
13704914,마샬 MONITOR II A.N.C,"정품_399,000|해외구매_321,300","정품_399,000|해외구매_321,300","정품_399,000|해외구매_321,300","정품_399,000|해외구매_321,300","정품_399,000|해외구매_321,300","정품_399,000|해외구매_321,300","정품_399,000|해외구매_321,300",0,0,0,0,0,0,0,0,0,0,0,0,0,0,0,0,0,0,0,0,0,0,0
28885967,마샬 MONITOR II A.N.C. DIAMOND JUBILEE,해외구매_일시품절,해외구매_일시품절,해외구매_일시품절,해외구매_일시품절,해외구매_일시품절,해외구매_일시품절,해외구매_일시품절,0,0,0,0,0,0,0,0,0,0,0,0,0,0,0,0,0,0,0,0,0,0,0
13606163,마샬 Major IV,"정품_190,000|해외구매_65,110","정품_190,000|해외구매_65,110","정품_190,000|해외구매_65,110","정품_190,000|해외구매_65,110","정품_190,000|해외구매_65,110","정품_190,000|해외구매_65,110","정품_190,000|해외구매_65,110",0,0,0,0,0,0,0,0,0,0,0,0,0,0,0,0,0,0,0,0,0,0,0
10221345,마스터앤다이나믹 MW65,"정품_569,000|해외구매_706,000","정품_569,000|해외구매_706,000","정품_569,000|해외구매_706,000","정품_569,000|해외구매_706,000","정품_569,000|해외구매_706,000","정품_569,000|해외구매_706,000","정품_569,000|해외구매_706,000",0,0,0,0,0,0,0,0,0,0,0,0,0,0,0,0,0,0,0,0,0,0,0
17629550,마스터앤다이나믹 MW75,"정품_789,000|해외구매_1,040,300","정품_789,000|해외구매_1,040,300","정품_789,000|해외구매_1,040,300","정품_763,490|해외구매_1,040,300","정품_763,490|해외구매_1,040,300","정품_763,490|해외구매_1,040,300","정품_789,000|해외구매_1,040,300",0,0,0,0,0,0,0,0,0,0,0,0,0,0,0,0,0,0,0,0,0,0,0
17287298,마크레빈슨 No.5909,"정품_784,090|해외구매_1,185,810","정품_784,090|해외구매_1,171,390","정품_784,090|해외구매_1,171,380","정품_784,090|해외구매_1,159,370","정품_784,090|해외구매_1,146,190","정품_784,090|해외구매_1,148,290","정품_810,530|해외구매_1,148,290",0,0,0,0,0,0,0,0,0,0,0,0,0,0,0,0,0,0,0,0,0,0,0
3043853,머레이 MBH-780,"정품_38,900","정품_38,900","정품_38,900","정품_38,900","정품_38,900","정품_38,900","정품_38,900",0,0,0,0,0,0,0,0,0,0,0,0,0,0,0,0,0,0,0,0,0,0,0
11579198,모토로라 Escape 220,"정품_37,107","정품_37,107","정품_37,107","정품_39,102","정품_39,102","정품_39,102","정품_39,102",0,0,0,0,0,0,0,0,0,0,0,0,0,0,0,0,0,0,0,0,0,0,0
20777723,모토로라 MOTO XT500+,"정품_49,000|해외구매_118,720","정품_49,000|해외구매_118,720","정품_49,000|해외구매_118,720","정품_49,000|해외구매_118,720","정품_49,000|해외구매_118,720","정품_49,000|해외구매_118,720","정품_49,000|해외구매_118,720",0,0,0,0,0,0,0,0,0,0,0,0,0,0,0,0,0,0,0,0,0,0,0
11793556,모토로라 스쿼드 키즈 300,"39,900","39,900","39,900","39,900","39,900","39,900","39,900",0,0,0,0,0,0,0,0,0,0,0,0,0,0,0,0,0,0,0,0,0,0,0
4587215,몬스터 Elements Wireless On-ear,"정품_399,000","정품_399,000","정품_399,000","정품_399,000","정품_399,000","정품_399,000","정품_399,000",0,0,0,0,0,0,0,0,0,0,0,0,0,0,0,0,0,0,0,0,0,0,0
4587159,몬스터 Elements Wireless Over-ear,"정품_587,020","정품_587,020","정품_587,020","정품_587,020","정품_587,020","정품_587,020","정품_587,020",0,0,0,0,0,0,0,0,0,0,0,0,0,0,0,0,0,0,0,0,0,0,0
4357724,몬스터 Roc Sport Freedom,"정품_448,990","정품_448,990","정품_448,990","정품_448,990","정품_448,990","정품_448,990","정품_440,020",0,0,0,0,0,0,0,0,0,0,0,0,0,0,0,0,0,0,0,0,0,0,0
19241927,몬스터 아이스포츠 BT 프리덤,"259,000","259,000","259,000","259,000","259,000","259,000","259,000",0,0,0,0,0,0,0,0,0,0,0,0,0,0,0,0,0,0,0,0,0,0,0
7290598,몬스터케이블 클라리티 HD 온이어,"정품_218,020","정품_213,890","정품_213,890","정품_213,890","정품_213,890","정품_213,890","정품_215,500",0,0,0,0,0,0,0,0,0,0,0,0,0,0,0,0,0,0,0,0,0,0,0
28421780,몽블랑 X 메종키츠네 MB 01,"해외구매_1,335,580","해외구매_1,335,580","해외구매_1,335,570","해외구매_1,335,570","해외구매_1,335,560","해외구매_1,335,560","해외구매_1,335,550",0,0,0,0,0,0,0,0,0,0,0,0,0,0,0,0,0,0,0,0,0,0,0
8405403,바이저롬 NCR80,"95,000","95,000","95,000","95,000","95,000","95,000","95,000",0,0,0,0,0,0,0,0,0,0,0,0,0,0,0,0,0,0,0,0,0,0,0
4895072,뱅앤올룹슨 BEOPLAY H4,"정품_484,410","정품_449,900","정품_449,900","정품_449,900","정품_449,900","정품_484,410","정품_484,410",0,0,0,0,0,0,0,0,0,0,0,0,0,0,0,0,0,0,0,0,0,0,0
3047236,뱅앤올룹슨 BEOPLAY H8,"해외구매_592,700","해외구매_592,700","해외구매_592,700","해외구매_592,700","해외구매_592,700","해외구매_592,700","해외구매_592,700",0,0,0,0,0,0,0,0,0,0,0,0,0,0,0,0,0,0,0,0,0,0,0
5845628,뱅앤올룹슨 BEOPLAY H8i,"해외구매_436,710","해외구매_436,710","해외구매_436,710","해외구매_436,710","해외구매_436,710","해외구매_436,710","해외구매_436,710",0,0,0,0,0,0,0,0,0,0,0,0,0,0,0,0,0,0,0,0,0,0,0
9508875,뱅앤올룹슨 BEOPLAY H9 3rd,"정품_382,060|해외구매_989,000","정품_348,000|해외구매_989,000","정품_348,000|해외구매_989,000","정품_348,000|해외구매_989,000","정품_348,000|해외구매_989,000","정품_362,170|해외구매_989,000","정품_362,170|해외구매_989,000",0,0,0,0,0,0,0,0,0,0,0,0,0,0,0,0,0,0,0,0,0,0,0
5839919,뱅앤올룹슨 BEOPLAY H9i,"정품_599,000","정품_549,000","정품_549,000","정품_549,000","정품_549,000","정품_599,000","정품_599,000",0,0,0,0,0,0,0,0,0,0,0,0,0,0,0,0,0,0,0,0,0,0,0
12146378,뱅앤올룹슨 Beoplay H95,"정품_1,043,990|해외구매_1,046,970","정품_1,023,500|해외구매_1,046,960","정품_1,021,200|해외구매_1,046,960","정품_1,021,200|해외구매_1,046,960","정품_1,044,000|해외구매_1,046,960","정품_1,044,000|해외구매_1,046,960","정품_1,044,000|해외구매_1,046,960",0,0,0,0,0,0,0,0,0,0,0,0,0,0,0,0,0,0,0,0,0,0,0
13758290,뱅앤올룹슨 Beoplay HX,"정품_526,040|해외구매_410,000","정품_497,950|해외구매_410,000","정품_497,850|해외구매_410,000","정품_497,810|해외구매_410,000","정품_497,800|해외구매_410,000","정품_487,720|해외구매_410,000","정품_509,610|해외구매_410,000",0,0,0,0,0,0,0,0,0,0,0,0,0,0,0,0,0,0,0,0,0,0,0
14501903,뱅앤올룹슨 Beoplay Portal,"정품_592,440|해외구매_303,530","정품_568,950|해외구매_303,440","정품_568,850|해외구매_303,430","정품_568,800|해외구매_304,190","정품_568,740|해외구매_304,190","정품_568,690|해외구매_304,190","정품_568,580|해외구매_304,190",0,0,0,0,0,0,0,0,0,0,0,0,0,0,0,0,0,0,0,0,0,0,0
20306513,베이스어스 Bowie D05,"정품_59,000|해외구매_22,900","정품_59,000|해외구매_22,900","정품_58,000|해외구매_22,900","정품_59,000|해외구매_22,900","정품_58,000|해외구매_22,900","정품_58,000|해외구매_22,900","정품_59,000|해외구매_22,900",0,0,0,0,0,0,0,0,0,0,0,0,0,0,0,0,0,0,0,0,0,0,0
20106953,베이스어스 Bowie H1,"정품_98,000|해외구매_35,900","정품_98,000|해외구매_35,900","정품_98,000|해외구매_35,900","정품_98,000|해외구매_35,900","정품_98,000|해외구매_35,900","정품_98,000|해외구매_35,900","정품_98,000|해외구매_35,900",0,0,0,0,0,0,0,0,0,0,0,0,0,0,0,0,0,0,0,0,0,0,0
29762657,베이스어스 Bowie H1i,0,0,0,"해외구매_30,720","해외구매_32,040","해외구매_32,040","해외구매_33,220","해외구매_33,180","해외구매_33,100","해외구매_33,030","해외구매_32,980","해외구매_32,980","해외구매_32,960","해외구매_32,880","해외구매_32,840","해외구매_32,740","해외구매_32,740","정품_59,900|해외구매_32,740","정품_59,900|해외구매_32,740","정품_59,900|해외구매_32,740","정품_59,900|해외구매_32,850","정품_59,900|해외구매_33,840","정품_59,900|해외구매_33,770","정품_59,900|해외구매_33,720","정품_59,900|해외구매_33,690","정품_58,900|해외구매_33,680","정품_59,900|해외구매_33,680","정품_59,900|해외구매_33,660","정품_69,000|해외구매_33,660","정품_59,900|해외구매_34,250"
15483845,베이스어스 D02 Pro,"해외구매_10,780","해외구매_10,230","해외구매_10,210","해외구매_10,230","해외구매_10,460","해외구매_10,460","해외구매_10,460",0,0,0,0,0,0,0,0,0,0,0,0,0,0,0,0,0,0,0,0,0,0,0
7521457,베이어다이나믹 AMIRON wireless,"정품_990,000","정품_990,000","정품_990,000","정품_990,000","정품_990,000","정품_990,000","정품_990,000",0,0,0,0,0,0,0,0,0,0,0,0,0,0,0,0,0,0,0,0,0,0,0
11941254,베이어다이나믹 AMIRON wireless COPPER,"정품_1,200,000","정품_1,200,000","정품_1,200,000","정품_1,200,000","정품_1,200,000","정품_1,200,000","정품_1,200,000",0,0,0,0,0,0,0,0,0,0,0,0,0,0,0,0,0,0,0,0,0,0,0
7520122,베이어다이나믹 AVENTHO,"정품_470,990","정품_470,990","정품_470,990","정품_470,990","정품_470,990","정품_470,990","정품_470,990",0,0,0,0,0,0,0,0,0,0,0,0,0,0,0,0,0,0,0,0,0,0,0
9319626,베이어다이나믹 LAGOON ANC,"정품_464,550","정품_464,550","정품_464,550","정품_464,569","정품_464,569","정품_464,569","정품_464,569",0,0,0,0,0,0,0,0,0,0,0,0,0,0,0,0,0,0,0,0,0,0,0
30217340,벨킨 디즈니 사운드폼 미니 어린이 무선 헤드폰 AUD002qc,0,0,0,0,0,0,0,0,0,0,0,0,0,0,0,0,0,0,0,0,0,0,0,0,0,0,0,0,"59,000","59,000"
15810647,벨킨 사운드폼 미니 어린이 무선 헤드폰 AUD002,"정품_34,710|해외구매_45,810","정품_34,710|해외구매_45,810","정품_34,710|해외구매_45,810","정품_34,710|해외구매_45,810","정품_35,880|해외구매_45,810","정품_38,890|해외구매_45,810","정품_38,890|해외구매_45,810",0,0,0,0,0,0,0,0,0,0,0,0,0,0,0,0,0,0,0,0,0,0,0
10023852,브이디코랩 세비즈 SEVIZ-C-07,"42,970","42,970","42,970","42,970","42,970","42,970",일시품절,0,0,0,0,0,0,0,0,0,0,0,0,0,0,0,0,0,0,0,0,0,0,0
4856679,서진네트웍스 UNICORN Beatles Band,"정품_16,150","정품_16,150","정품_16,150","정품_15,400","정품_15,400","정품_15,400","정품_16,150",0,0,0,0,0,0,0,0,0,0,0,0,0,0,0,0,0,0,0,0,0,0,0
5902392,서진네트웍스 유니콘 Beatles M-15,"20,850","20,850","20,850","20,850","20,850","20,850","20,850",0,0,0,0,0,0,0,0,0,0,0,0,0,0,0,0,0,0,0,0,0,0,0
7157539,서진네트웍스 지니큐 Beatles X1,"24,070","24,070","24,070","24,070","24,070","24,070","24,070",0,0,0,0,0,0,0,0,0,0,0,0,0,0,0,0,0,0,0,0,0,0,0
13639442,세컨드찬스 GEEKSTAR GH-M15BT,"29,900","29,900","29,900","29,900","29,900","29,900","29,900",0,0,0,0,0,0,0,0,0,0,0,0,0,0,0,0,0,0,0,0,0,0,0
4473922,솔 리퍼블릭 Tracks Air Wireless,"정품_222,000","정품_222,000","정품_222,000","정품_222,000","정품_222,000","정품_222,000","정품_222,000",0,0,0,0,0,0,0,0,0,0,0,0,0,0,0,0,0,0,0,0,0,0,0
16459823,슈어 AONIC 40,"본품, 정품_370,000|본품+거치대, 정품_383,000|본품, 해외구매_211,800","본품, 정품_369,990|본품+거치대, 정품_383,000|본품, 해외구매_211,800","본품, 정품_369,990|본품+거치대, 정품_383,000|본품, 해외구매_211,800","본품, 정품_369,990|본품+거치대, 정품_383,000|본품, 해외구매_211,800","본품, 정품_369,990|본품+거치대, 정품_383,000|본품, 해외구매_199,900","본품, 정품_369,990|본품+거치대, 정품_383,000|본품, 해외구매_184,000","본품, 정품_369,990|본품+거치대, 정품_383,000|본품, 해외구매_184,000",0,0,0,0,0,0,0,0,0,0,0,0,0,0,0,0,0,0,0,0,0,0,0
12618413,슈어 AONIC 50,"정품_417,990|해외구매_379,430","정품_417,990|해외구매_378,010","정품_409,990|해외구매_378,830","정품_409,990|해외구매_374,140","정품_409,990|해외구매_374,130","정품_409,990|해외구매_370,570","정품_409,990|해외구매_332,840",0,0,0,0,0,0,0,0,0,0,0,0,0,0,0,0,0,0,0,0,0,0,0
28891025,슈어 AONIC 50 GEN 2,"정품_461,270|해외구매_380,390","정품_461,270|해외구매_380,390","정품_456,320|해외구매_482,590","정품_456,320|해외구매_482,590","정품_461,280|해외구매_482,590","정품_461,280|해외구매_380,390","정품_456,320|해외구매_380,390",0,0,0,0,0,0,0,0,0,0,0,0,0,0,0,0,0,0,0,0,0,0,0
10955463,스컬캔디 Cassette 와이어리스 S5CSW,"정품_54,000","정품_54,000","정품_54,000","정품_54,000","정품_54,000","정품_54,000","정품_54,000",0,0,0,0,0,0,0,0,0,0,0,0,0,0,0,0,0,0,0,0,0,0,0
5701752,스컬캔디 HESH3,"정품_148,000","정품_148,000","정품_148,000","정품_148,000","정품_148,000","정품_148,000","정품_148,000",0,0,0,0,0,0,0,0,0,0,0,0,0,0,0,0,0,0,0,0,0,0,0
16628291,스컬캔디 Hesh ANC,"정품_159,000|해외구매_180,190","정품_159,000|해외구매_180,190","정품_159,000|해외구매_180,190","정품_159,000|해외구매_180,190","정품_159,000|해외구매_180,190","정품_159,000|해외구매_180,190","정품_159,000|해외구매_180,190",0,0,0,0,0,0,0,0,0,0,0,0,0,0,0,0,0,0,0,0,0,0,0
16631252,스컬캔디 Hesh Evo,"정품_108,370|해외구매_146,970","정품_116,300|해외구매_146,970","정품_110,380|해외구매_146,970","정품_110,380|해외구매_146,970","정품_110,380|해외구매_146,970","정품_110,380|해외구매_146,970","정품_110,380|해외구매_146,970",0,0,0,0,0,0,0,0,0,0,0,0,0,0,0,0,0,0,0,0,0,0,0
6730774,스컬캔디 RIFF S5PXW,"정품_69,000","정품_69,000","정품_69,000","정품_69,000","정품_69,000","정품_69,000","정품_69,000",0,0,0,0,0,0,0,0,0,0,0,0,0,0,0,0,0,0,0,0,0,0,0
13110137,아디다스 RPT-01,"해외구매_209,020","해외구매_209,020","해외구매_209,020","해외구매_209,020","해외구매_209,020","해외구매_209,020","해외구매_209,020",0,0,0,0,0,0,0,0,0,0,0,0,0,0,0,0,0,0,0,0,0,0,0
18018575,아디다스 RPT-02 SOL GB3689,"정품_269,000|해외구매_241,390","정품_269,000|해외구매_241,120","정품_269,000|해외구매_240,590","정품_269,000|해외구매_240,330","정품_269,000|해외구매_240,330","정품_269,000|해외구매_240,070","정품_269,000|해외구매_239,540",0,0,0,0,0,0,0,0,0,0,0,0,0,0,0,0,0,0,0,0,0,0,0
10217352,아이리버 BS-BT101,"43,610","44,100","49,000","46,000","46,000","49,000","41,650",0,0,0,0,0,0,0,0,0,0,0,0,0,0,0,0,0,0,0,0,0,0,0
12556394,아이리버 BS-BT303,"37,400","37,400","37,400","37,400","37,400","37,400","37,400",0,0,0,0,0,0,0,0,0,0,0,0,0,0,0,0,0,0,0,0,0,0,0
15609647,아이리버 BS-BT909,"99,000","99,000","99,000","99,000","99,000","99,000","99,000",0,0,0,0,0,0,0,0,0,0,0,0,0,0,0,0,0,0,0,0,0,0,0
30101075,아이리버 IB-CLIP7,0,0,0,0,0,0,0,0,0,0,0,0,0,0,0,0,0,0,0,0,0,"44,800","43,900","43,800","43,800","43,800","43,800","43,800","43,800","43,800"
16096232,아이리버 IBH-L101,"46,100","46,100","46,100","46,000","46,000","46,100","41,650",0,0,0,0,0,0,0,0,0,0,0,0,0,0,0,0,0,0,0,0,0,0,0
17504597,아이리버 IBH-L201,"블랙_43,890|블루_45,000|화이트_43,890","블랙_43,890|블루_45,000|화이트_43,890","블랙_42,280|블루_42,280|화이트_42,280","블랙_42,280|블루_42,280|화이트_42,280","블랙_42,270|블루_42,270|화이트_42,270","블랙_42,270|블루_42,270|화이트_42,270","블랙_42,260|블루_42,260|화이트_42,260",0,0,0,0,0,0,0,0,0,0,0,0,0,0,0,0,0,0,0,0,0,0,0
21254417,아이리버 IBH-L301,"40,270","40,270","40,270","40,270","40,270","40,270","40,270",0,0,0,0,0,0,0,0,0,0,0,0,0,0,0,0,0,0,0,0,0,0,0
19762655,아이리버 IBH-L501,"화이트_37,710|블랙_37,800","화이트_37,620|블랙_38,790","화이트_35,430|블랙_36,800","화이트_35,430|블랙_36,800","화이트_35,430|블랙_36,800","화이트_36,790|블랙_37,810","화이트_37,790|블랙_37,800",0,0,0,0,0,0,0,0,0,0,0,0,0,0,0,0,0,0,0,0,0,0,0
19867271,아이리버 IBH-L601,"39,000","39,000","39,000","39,000","39,000","39,000","39,000",0,0,0,0,0,0,0,0,0,0,0,0,0,0,0,0,0,0,0,0,0,0,0
21573782,아이리버 IBH-L701,"블랙_39,000|화이트_39,000","블랙_39,000|화이트_39,000","블랙_39,000|화이트_39,000","블랙_39,000|화이트_39,000","블랙_39,000|화이트_39,000","블랙_39,000|화이트_39,000","블랙_39,000|화이트_39,000",0,0,0,0,0,0,0,0,0,0,0,0,0,0,0,0,0,0,0,0,0,0,0
28808096,아이리버 IBH-L801,"29,800","29,800","29,800","29,800","29,800","29,800","29,800",0,0,0,0,0,0,0,0,0,0,0,0,0,0,0,0,0,0,0,0,0,0,0
12122120,아이리버 IBH-NC100,"블랙_54,500|화이트_53,500","블랙_54,500|화이트_53,500","블랙_54,500|화이트_53,500","블랙_54,500|화이트_53,500","블랙_54,500|화이트_53,500","블랙_54,500|화이트_53,500","블랙_54,500|화이트_53,500",0,0,0,0,0,0,0,0,0,0,0,0,0,0,0,0,0,0,0,0,0,0,0
13295147,아이리버 IBH-NC200,"50,740","50,150","51,410","51,410","51,410","51,410","51,410",0,0,0,0,0,0,0,0,0,0,0,0,0,0,0,0,0,0,0,0,0,0,0
17160665,아이리버 IBH-NC300,"1개, 화이트_66,330|1개, 블랙_93,920|2개_128,000","1개, 화이트_66,330|1개, 블랙_93,900|2개_128,000","1개, 화이트_73,260|1개, 블랙_93,880|2개_128,000","1개, 화이트_73,260|1개, 블랙_93,880|2개_128,000","1개, 화이트_73,260|1개, 블랙_88,110|2개_128,000","1개, 화이트_73,260|1개, 블랙_93,840|2개_128,000","1개, 화이트_73,260|1개, 블랙_93,820|2개_128,000",0,0,0,0,0,0,0,0,0,0,0,0,0,0,0,0,0,0,0,0,0,0,0
5881594,알텍랜싱 ROY,"72,000","72,000","72,000","72,000","72,000","72,000","72,000",0,0,0,0,0,0,0,0,0,0,0,0,0,0,0,0,0,0,0,0,0,0,0
11132568,앱코 BEATONIC HF01,"125,500","125,500","125,500","125,500","125,500","125,500","125,500",0,0,0,0,0,0,0,0,0,0,0,0,0,0,0,0,0,0,0,0,0,0,0
11870713,앱코 EH200 BT,"29,000","29,000","29,000","29,000","29,000","29,000","29,000",0,0,0,0,0,0,0,0,0,0,0,0,0,0,0,0,0,0,0,0,0,0,0
16464953,앱코 EH220,"22,000","22,000","22,000","22,000","22,000","22,000","22,000",0,0,0,0,0,0,0,0,0,0,0,0,0,0,0,0,0,0,0,0,0,0,0
14786477,야마하 YH-E500A,"정품_239,000|해외구매_212,110","정품_239,000|해외구매_212,110","정품_239,000|해외구매_212,110","정품_239,000|해외구매_212,110","정품_239,000|해외구매_212,110","정품_239,000|해외구매_212,110","정품_239,000|해외구매_212,110",0,0,0,0,0,0,0,0,0,0,0,0,0,0,0,0,0,0,0,0,0,0,0
14786135,야마하 YH-E700A,"정품_289,000|해외구매_226,500","정품_289,000|해외구매_226,500","정품_289,000|해외구매_226,500","정품_293,020|해외구매_226,500","정품_293,020|해외구매_226,500","정품_293,020|해외구매_226,500","정품_293,020|해외구매_226,500",0,0,0,0,0,0,0,0,0,0,0,0,0,0,0,0,0,0,0,0,0,0,0
19647989,야마하 YH-E700B,"정품_289,000|해외구매_299,210","정품_241,900|해외구매_299,210","정품_241,900|해외구매_299,210","정품_241,900|해외구매_299,210","정품_241,900|해외구매_301,680","정품_241,900|해외구매_298,040","정품_293,020|해외구매_298,040",0,0,0,0,0,0,0,0,0,0,0,0,0,0,0,0,0,0,0,0,0,0,0
20349521,야마하 YH-E700B,"정품_289,000|해외구매_299,210","정품_241,900|해외구매_299,210","정품_241,900|해외구매_299,210","정품_241,900|해외구매_299,210","정품_241,900|해외구매_301,680","정품_241,900|해외구매_298,040","정품_293,020|해외구매_298,040",0,0,0,0,0,0,0,0,0,0,0,0,0,0,0,0,0,0,0,0,0,0,0
14786882,야마하 YH-L700A,"정품_372,190|해외구매_489,640","정품_344,900|해외구매_489,640","정품_344,900|해외구매_489,640","정품_344,900|해외구매_489,640","정품_344,900|해외구매_489,640","정품_344,900|해외구매_489,640","정품_440,020|해외구매_489,640",0,0,0,0,0,0,0,0,0,0,0,0,0,0,0,0,0,0,0,0,0,0,0
12976634,어반이어스 플라탄2 BT,"58,850","58,750","58,650","58,600","58,540","58,430","58,320",0,0,0,0,0,0,0,0,0,0,0,0,0,0,0,0,0,0,0,0,0,0,0
25268147,에디파이어 FreePro EDF280007,"해외구매_55,240","해외구매_55,220","해외구매_55,220","해외구매_55,880","해외구매_55,880","해외구매_55,880","해외구매_55,880",0,0,0,0,0,0,0,0,0,0,0,0,0,0,0,0,0,0,0,0,0,0,0
27611900,에디파이어 MT6,"해외구매_34,500","해외구매_34,500","해외구매_34,500","해외구매_34,500","해외구매_34,500","해외구매_34,500","해외구매_34,500",0,0,0,0,0,0,0,0,0,0,0,0,0,0,0,0,0,0,0,0,0,0,0
28485836,에디파이어 STAX SPIRIT S3,"해외구매_199,456","해외구매_199,456","해외구매_199,456","해외구매_199,456","해외구매_199,456","해외구매_199,456","해외구매_199,456",0,0,0,0,0,0,0,0,0,0,0,0,0,0,0,0,0,0,0,0,0,0,0
27761636,에디파이어 W600BT,"해외구매_51,220","해외구매_44,290","해외구매_51,480","해외구매_51,480","해외구매_44,290","해외구매_44,290","해외구매_51,480",0,0,0,0,0,0,0,0,0,0,0,0,0,0,0,0,0,0,0,0,0,0,0
18512945,에디파이어 W820NB,"해외구매_41,560","해외구매_41,560","해외구매_41,560","해외구매_41,290","해외구매_41,290","해외구매_41,120","해외구매_41,120",0,0,0,0,0,0,0,0,0,0,0,0,0,0,0,0,0,0,0,0,0,0,0
27760811,에디파이어 W820NB Plus,"해외구매_84,750","해외구매_84,750","해외구매_84,290","해외구매_84,290","해외구매_88,360","해외구매_84,290","해외구매_88,080",0,0,0,0,0,0,0,0,0,0,0,0,0,0,0,0,0,0,0,0,0,0,0
27761348,에디파이어 WH950NB,"해외구매_181,890","해외구매_199,220","해외구매_199,220","해외구매_199,220","해외구매_199,220","해외구매_204,650","해외구매_204,650",0,0,0,0,0,0,0,0,0,0,0,0,0,0,0,0,0,0,0,0,0,0,0
27658349,엔더 아이언 맥스,"27,720","29,800","29,800","29,800","29,800","29,800","29,800",0,0,0,0,0,0,0,0,0,0,0,0,0,0,0,0,0,0,0,0,0,0,0
5752374,엠지텍 MB-2000X,"정품_89,000","정품_89,000","정품_108,900","정품_108,900","정품_108,900","정품_108,900","정품_108,900",0,0,0,0,0,0,0,0,0,0,0,0,0,0,0,0,0,0,0,0,0,0,0
7904758,엠지텍 MB-3000X,"116,100","116,100","117,390","116,100","116,100","116,100","108,630",0,0,0,0,0,0,0,0,0,0,0,0,0,0,0,0,0,0,0,0,0,0,0
6047713,오디오테크니카 ATH-ANC700BT,"정품_187,990","정품_187,990","정품_187,990","정품_187,990","정품_190,080","정품_190,080","정품_190,080",0,0,0,0,0,0,0,0,0,0,0,0,0,0,0,0,0,0,0,0,0,0,0
4980611,오디오테크니카 ATH-DSR7BT SOUNDREALITY,"해외구매_283,100","해외구매_283,100","해외구매_283,100","해외구매_283,100","해외구매_283,100","해외구매_283,100","해외구매_283,100",0,0,0,0,0,0,0,0,0,0,0,0,0,0,0,0,0,0,0,0,0,0,0
16597502,오디오테크니카 ATH-M20xBT,"정품_89,000|해외구매_86,873","정품_89,000|해외구매_85,977","정품_89,000|해외구매_85,977","정품_89,000|해외구매_93,411","정품_89,000|해외구매_93,411","정품_89,000|해외구매_93,411","정품_89,000|해외구매_92,448",0,0,0,0,0,0,0,0,0,0,0,0,0,0,0,0,0,0,0,0,0,0,0
12629207,오디오테크니카 ATH-M50xBT,"해외구매_348,870","해외구매_348,870","해외구매_348,870","해외구매_348,870","해외구매_348,870","해외구매_348,870","해외구매_348,870",0,0,0,0,0,0,0,0,0,0,0,0,0,0,0,0,0,0,0,0,0,0,0
15582173,오디오테크니카 ATH-M50xBT2,"정품_213,890|해외구매_170,500","정품_213,890|해외구매_170,500","정품_226,100|해외구매_170,500","정품_226,100|해외구매_170,500","정품_226,100|해외구매_170,500","정품_226,100|해외구매_170,500","정품_226,100|해외구매_170,500",0,0,0,0,0,0,0,0,0,0,0,0,0,0,0,0,0,0,0,0,0,0,0
13166268,오디오테크니카 ATH-M50xBT2 DS,"해외구매_281,910","해외구매_278,630","해외구매_278,630","해외구매_278,630","해외구매_278,630","해외구매_240,870","해외구매_246,050",0,0,0,0,0,0,0,0,0,0,0,0,0,0,0,0,0,0,0,0,0,0,0
27890777,오디오테크니카 ATH-M50xBT2 IB,"정품_259,000|해외구매_273,120","정품_259,000|해외구매_269,800","정품_259,000|해외구매_270,380","정품_259,000|해외구매_267,030","정품_259,000|해외구매_264,000","정품_259,000|해외구매_261,800","정품_259,000|해외구매_261,800",0,0,0,0,0,0,0,0,0,0,0,0,0,0,0,0,0,0,0,0,0,0,0
15582353,오디오테크니카 ATH-M50xBT2 MO,"정품_199,000|해외구매_458,950","정품_199,000|해외구매_458,950","정품_199,000|해외구매_458,950","정품_199,000|해외구매_458,950","정품_199,000|해외구매_458,950","정품_199,000|해외구매_458,950","정품_199,000|해외구매_404,530",0,0,0,0,0,0,0,0,0,0,0,0,0,0,0,0,0,0,0,0,0,0,0
5722729,오디오테크니카 ATH-S200BT,"정품_98,990|해외구매_60,700","정품_98,990|해외구매_60,700","정품_98,990|해외구매_60,700","정품_98,990|해외구매_60,700","정품_98,990|해외구매_60,700","정품_98,990|해외구매_60,700","정품_98,990|해외구매_60,700",0,0,0,0,0,0,0,0,0,0,0,0,0,0,0,0,0,0,0,0,0,0,0
15298310,오디오테크니카 ATH-S220BT,"정품_68,000|해외구매_64,780","정품_68,000|해외구매_64,780","정품_66,000|해외구매_64,780","정품_69,000|해외구매_64,780","정품_67,000|해외구매_64,780","정품_67,000|해외구매_64,780","정품_69,000|해외구매_60,700",0,0,0,0,0,0,0,0,0,0,0,0,0,0,0,0,0,0,0,0,0,0,0
8464119,오디오테크니카 ATH-SR30BT,"해외구매_96,130","해외구매_96,130","해외구매_96,130","해외구매_96,130","해외구매_96,130","해외구매_96,130","해외구매_96,130",0,0,0,0,0,0,0,0,0,0,0,0,0,0,0,0,0,0,0,0,0,0,0
7086676,오케이마트 OMT OMT-BT120,"12,870","12,850","12,750","12,700","12,370","12,640","12,640",0,0,0,0,0,0,0,0,0,0,0,0,0,0,0,0,0,0,0,0,0,0,0
5960301,온앤오프 버디폰 웨이브,"69,800","69,800","69,800","69,800","69,800","69,800","67,150",0,0,0,0,0,0,0,0,0,0,0,0,0,0,0,0,0,0,0,0,0,0,0
11018223,온앤오프 버디폰 코스모스 ANC,"108,850","108,850","108,850","108,290","108,290","108,290","108,850",0,0,0,0,0,0,0,0,0,0,0,0,0,0,0,0,0,0,0,0,0,0,0
9531750,온앤오프 버디폰 팝 BT-BP-POP,"41,100","41,100","41,100","41,100","41,100","41,100","41,100",0,0,0,0,0,0,0,0,0,0,0,0,0,0,0,0,0,0,0,0,0,0,0
20579645,온앤오프 버디폰 플레이 이어스 플러스,"89,000","89,000","89,000","89,000","89,000","89,000","88,990",0,0,0,0,0,0,0,0,0,0,0,0,0,0,0,0,0,0,0,0,0,0,0
17385563,울트라손 iSAR,"정품_254,400|해외구매_216,800","정품_254,400|해외구매_216,800","정품_254,400|해외구매_216,800","정품_254,400|해외구매_216,800","정품_254,400|해외구매_216,800","정품_255,740|해외구매_216,800","정품_255,740|해외구매_216,800",0,0,0,0,0,0,0,0,0,0,0,0,0,0,0,0,0,0,0,0,0,0,0
24133169,원오디오 A10,"해외구매_90,600","해외구매_89,250","해외구매_89,250","해외구매_89,250","해외구매_89,250","해외구매_90,600","해외구매_90,600",0,0,0,0,0,0,0,0,0,0,0,0,0,0,0,0,0,0,0,0,0,0,0
5801855,유니콘 Beatles Rock,"정품_21,000","정품_21,000","정품_21,000","정품_21,000","정품_21,000","정품_21,000","정품_21,000",0,0,0,0,0,0,0,0,0,0,0,0,0,0,0,0,0,0,0,0,0,0,0
12946847,자브라 엘리트 45h,"정품_79,000|해외구매_113,290","정품_79,000|해외구매_113,900","정품_79,000|해외구매_113,050","정품_79,000|해외구매_112,250","정품_79,000|해외구매_112,250","정품_79,000|해외구매_112,250","정품_79,000|해외구매_110,320",0,0,0,0,0,0,0,0,0,0,0,0,0,0,0,0,0,0,0,0,0,0,0
8095723,자브라 엘리트 85h,"정품_179,000|해외구매_377,090","정품_189,000|해외구매_377,090","정품_189,000|해외구매_377,090","정품_189,000|해외구매_377,090","정품_189,000|해외구매_377,090","정품_189,000|해외구매_377,090","정품_189,000|해외구매_377,090",0,0,0,0,0,0,0,0,0,0,0,0,0,0,0,0,0,0,0,0,0,0,0
18024437,젠하이저 HD 250BT,"정품_60,000|해외구매_35,680","정품_70,000|해외구매_35,680","정품_70,000|해외구매_36,110","정품_70,000|해외구매_36,110","정품_70,000|해외구매_36,110","정품_70,000|해외구매_36,110","정품_70,000|해외구매_36,110",0,0,0,0,0,0,0,0,0,0,0,0,0,0,0,0,0,0,0,0,0,0,0
11844358,젠하이저 HD 350BT,"해외구매_125,280","해외구매_126,450","해외구매_126,450","해외구매_126,450","해외구매_126,450","해외구매_126,450","해외구매_126,450",0,0,0,0,0,0,0,0,0,0,0,0,0,0,0,0,0,0,0,0,0,0,0
11079843,젠하이저 HD 450 BT,"정품_101,790|해외구매_103,460","정품_101,790|해외구매_103,460","정품_101,800|해외구매_103,460","정품_101,790|해외구매_103,460","정품_101,790|해외구매_103,460","정품_101,790|해외구매_103,460","정품_101,790|해외구매_103,460",0,0,0,0,0,0,0,0,0,0,0,0,0,0,0,0,0,0,0,0,0,0,0
4616026,젠하이저 PXC 550 무선,"정품_450,000|해외구매_302,800","정품_450,000|해외구매_302,800","정품_450,000|해외구매_302,800","정품_450,000|해외구매_302,800","정품_450,000|해외구매_302,800","정품_450,000|해외구매_302,800","정품_450,000|해외구매_302,800",0,0,0,0,0,0,0,0,0,0,0,0,0,0,0,0,0,0,0,0,0,0,0
10535829,젠하이저 PXC550 II 무선,"해외구매_388,600","해외구매_388,600","해외구매_387,800","해외구매_385,040","해외구매_385,040","해외구매_385,040","해외구매_378,420",0,0,0,0,0,0,0,0,0,0,0,0,0,0,0,0,0,0,0,0,0,0,0
1020661,젠하이저 RS 180,"정품_411,600","정품_411,600","정품_411,600","정품_411,600","정품_411,600","정품_411,600","정품_411,600",0,0,0,0,0,0,0,0,0,0,0,0,0,0,0,0,0,0,0,0,0,0,0
9531111,젠하이저 모멘텀 3세대 무선 M3 AEBT,"정품_329,000|해외구매_320,800","정품_329,000|해외구매_320,800","정품_329,000|해외구매_320,800","정품_329,000|해외구매_320,800","정품_329,000|해외구매_320,800","정품_329,000|해외구매_320,800","정품_282,220|해외구매_320,800",0,0,0,0,0,0,0,0,0,0,0,0,0,0,0,0,0,0,0,0,0,0,0
17703695,젠하이저 모멘텀 4 와이어리스 M4AEBT,"본품, 정품_338,990|본품+BTD600, 정품_386,090|본품, 해외구매_427,890","본품, 정품_338,990|본품+BTD600, 정품_386,090|본품, 해외구매_427,890","본품, 정품_338,990|본품+BTD600, 정품_386,090|본품, 해외구매_427,890","본품, 정품_338,990|본품+BTD600, 정품_386,090|본품, 해외구매_427,890","본품, 정품_338,990|본품+BTD600, 정품_386,090|본품, 해외구매_427,890","본품, 정품_338,990|본품+BTD600, 정품_386,090|본품, 해외구매_427,890","본품, 정품_332,090|본품+BTD600, 정품_377,090|본품, 해외구매_427,890",0,0,0,0,0,0,0,0,0,0,0,0,0,0,0,0,0,0,0,0,0,0,0
28864313,젠하이저 엑센텀 ACAEBT,"정품_224,100|해외구매_276,500","정품_211,650|해외구매_276,480","정품_211,650|해외구매_276,460","정품_211,640|해외구매_276,520","정품_211,640|해외구매_282,730","정품_211,640|해외구매_282,730","정품_211,640|해외구매_282,730",0,0,0,0,0,0,0,0,0,0,0,0,0,0,0,0,0,0,0,0,0,0,0
7214056,컴소닉 PILLAR CHB-261,"10,550","10,550","10,520","10,470","10,410","10,300","10,230",0,0,0,0,0,0,0,0,0,0,0,0,0,0,0,0,0,0,0,0,0,0,0
12685880,코시 HP3468BT,"68,100","68,100","68,100","68,100","68,100","68,100","65,600",0,0,0,0,0,0,0,0,0,0,0,0,0,0,0,0,0,0,0,0,0,0,0
3546130,코시 HS1372BT 뮤즈,"정품_56,620","정품_52,510","정품_56,620","정품_56,620","정품_52,510","정품_56,620","정품_56,600",0,0,0,0,0,0,0,0,0,0,0,0,0,0,0,0,0,0,0,0,0,0,0
18522071,코시 HS2148BT,"49,900","49,900","49,900","49,900","49,900","49,900","49,900",0,0,0,0,0,0,0,0,0,0,0,0,0,0,0,0,0,0,0,0,0,0,0
29815931,코시 HS2151BT,0,0,0,0,0,0,"25,490","27,390","25,490","27,390","27,390","27,390","27,390","27,400","27,390","27,400","27,400","27,400","27,400","27,400","27,400","27,400","27,400","27,400","27,400","27,400","27,400","27,400","27,400","27,400"
3934549,코시 HS3011BT 무빙,"정품_35,100","정품_35,100","정품_35,100","정품_35,100","정품_35,100","정품_33,150","정품_33,150",0,0,0,0,0,0,0,0,0,0,0,0,0,0,0,0,0,0,0,0,0,0,0
6438129,코시 HS3246BT 매버릭,"56,200","56,200","56,200","56,200","56,200","56,200","56,200",0,0,0,0,0,0,0,0,0,0,0,0,0,0,0,0,0,0,0,0,0,0,0
2512525,코시 HS642,"정품_112,700","정품_112,700","정품_112,700","정품_112,700","정품_112,700","정품_112,700","정품_112,700",0,0,0,0,0,0,0,0,0,0,0,0,0,0,0,0,0,0,0,0,0,0,0
29755412,코시 헤이 HS2218BT,0,0,0,"40,880","40,870","40,850","40,760",0,0,0,0,0,0,0,0,0,0,0,0,0,0,0,0,0,0,0,0,0,0,0
6181699,코윈 E7 Pro,"정품_99,000","정품_99,000","정품_99,000","정품_99,000","정품_99,000","정품_99,000","정품_99,000",0,0,0,0,0,0,0,0,0,0,0,0,0,0,0,0,0,0,0,0,0,0,0
21506153,코윈 SE7,"정품_45,050|해외구매_일시품절","정품_45,050|해외구매_일시품절","정품_45,050|해외구매_일시품절","정품_45,050|해외구매_일시품절","정품_45,050|해외구매_일시품절","정품_45,050|해외구매_일시품절","정품_45,050|해외구매_일시품절",0,0,0,0,0,0,0,0,0,0,0,0,0,0,0,0,0,0,0,0,0,0,0
13098302,티앤에스인터내셔널 NOX Bring,"37,490","37,490","37,490","37,490","37,500","37,500","37,500",0,0,0,0,0,0,0,0,0,0,0,0,0,0,0,0,0,0,0,0,0,0,0
19577975,파이널 UX3000,"정품_187,000|해외구매_187,690","정품_187,000|해외구매_187,690","정품_187,000|해외구매_180,870","정품_187,000|해외구매_180,870","정품_187,000|해외구매_180,870","정품_187,000|해외구매_176,590","정품_187,000|해외구매_176,590",0,0,0,0,0,0,0,0,0,0,0,0,0,0,0,0,0,0,0,0,0,0,0
19912412,파이널 UX3000,"정품_187,000|해외구매_187,690","정품_187,000|해외구매_187,690","정품_187,000|해외구매_180,870","정품_187,000|해외구매_180,870","정품_187,000|해외구매_180,870","정품_187,000|해외구매_176,590","정품_187,000|해외구매_176,590",0,0,0,0,0,0,0,0,0,0,0,0,0,0,0,0,0,0,0,0,0,0,0
16011572,파이널 ag WHP01K,"정품_136,700|해외구매_114,490","정품_135,830|해외구매_114,390","정품_136,600|해외구매_114,290","정품_134,220|해외구매_114,240","정품_134,220|해외구매_114,180","정품_134,220|해외구매_114,070","정품_134,220|해외구매_113,960",0,0,0,0,0,0,0,0,0,0,0,0,0,0,0,0,0,0,0,0,0,0,0
20145593,파이오니아 DJ HDJ-CUE1BT,"정품_186,000|해외구매_126,380","정품_186,000|해외구매_126,380","정품_186,000|해외구매_126,380","정품_186,000|해외구매_126,380","정품_186,000|해외구매_125,280","정품_186,000|해외구매_125,280","정품_186,000|해외구매_125,280",0,0,0,0,0,0,0,0,0,0,0,0,0,0,0,0,0,0,0,0,0,0,0
10563390,파이오니아 DJ HDJ-X5BT,"정품_286,000","정품_286,000","정품_286,000","정품_286,000","정품_286,000","정품_286,000","정품_286,000",0,0,0,0,0,0,0,0,0,0,0,0,0,0,0,0,0,0,0,0,0,0,0
13891826,파이오니아 SE-S3BT,"정품_39,800|해외구매_68,740","정품_39,800|해외구매_68,740","정품_39,800|해외구매_68,740","정품_39,800|해외구매_78,720","정품_32,800|해외구매_68,740","정품_32,800|해외구매_78,720","정품_32,800|해외구매_78,720",0,0,0,0,0,0,0,0,0,0,0,0,0,0,0,0,0,0,0,0,0,0,0
10724427,판다인터내셔널 사운드판다 SPH-900,"99,900","99,900","99,900","99,900","99,900","99,900","99,900",0,0,0,0,0,0,0,0,0,0,0,0,0,0,0,0,0,0,0,0,0,0,0
16424852,판다인터내셔널 사운드판다 SPH-900 Pro,"94,900","94,900","94,900","94,900","94,900","94,900","94,900",0,0,0,0,0,0,0,0,0,0,0,0,0,0,0,0,0,0,0,0,0,0,0
13166817,포칼 BATHYS,"정품_980,000|해외구매_1,028,290","정품_980,000|해외구매_1,005,700","정품_980,000|해외구매_1,028,290","정품_980,000|해외구매_1,028,290","정품_980,000|해외구매_1,005,700","정품_980,000|해외구매_1,019,600","정품_980,000|해외구매_988,000",0,0,0,0,0,0,0,0,0,0,0,0,0,0,0,0,0,0,0,0,0,0,0
28926206,포칼 BATHYS DUNE,"정품_980,000|해외구매_1,322,300","정품_980,000|해외구매_1,322,300","정품_1,060,000|해외구매_1,322,300","정품_1,060,000|해외구매_1,322,300","정품_1,060,000|해외구매_1,322,300","정품_1,060,000|해외구매_1,322,300","정품_1,060,000|해외구매_1,322,290",0,0,0,0,0,0,0,0,0,0,0,0,0,0,0,0,0,0,0,0,0,0,0
5582576,포칼 LISTEN WIRELESS,"해외구매_614,560","해외구매_614,560","해외구매_614,560","해외구매_614,560","해외구매_614,560","해외구매_614,560","해외구매_614,560",0,0,0,0,0,0,0,0,0,0,0,0,0,0,0,0,0,0,0,0,0,0,0
5421647,플랜트로닉스 백비트 505,정품_일시품절,정품_일시품절,정품_일시품절,정품_일시품절,정품_일시품절,정품_일시품절,정품_일시품절,0,0,0,0,0,0,0,0,0,0,0,0,0,0,0,0,0,0,0,0,0,0,0
11695457,플랜트로닉스 백비트 핏 6100,"정품_143,360|해외구매_122,210","정품_143,360|해외구매_122,210","정품_143,360|해외구매_124,500","정품_143,360|해외구매_124,500","정품_143,360|해외구매_124,500","정품_143,360|해외구매_124,500","정품_143,360|해외구매_124,500",0,0,0,0,0,0,0,0,0,0,0,0,0,0,0,0,0,0,0,0,0,0,0
21247151,플레오맥스 PBH-300 MAX,"29,800","29,800","29,800","29,800","29,800","29,800","29,800",0,0,0,0,0,0,0,0,0,0,0,0,0,0,0,0,0,0,0,0,0,0,0
13042184,플레오맥스 PBH-500,"14,540","14,540","14,540","14,540","14,540","14,540","14,540",0,0,0,0,0,0,0,0,0,0,0,0,0,0,0,0,0,0,0,0,0,0,0
18067994,플레오맥스 PBH-ANC600,"33,290","36,430","35,900","35,900","35,900","35,690","35,690",0,0,0,0,0,0,0,0,0,0,0,0,0,0,0,0,0,0,0,0,0,0,0
13569446,피아톤 900 LEGACY,"정품_213,860|해외구매_388,300","정품_213,860|해외구매_388,300","정품_213,860|해외구매_438,300","정품_213,860|해외구매_438,300","정품_202,300|해외구매_438,300","정품_202,300|해외구매_438,300","정품_202,300|해외구매_438,300",0,0,0,0,0,0,0,0,0,0,0,0,0,0,0,0,0,0,0,0,0,0,0
3500784,피아톤 BT330NC,"정품_189,860|해외구매_194,500","정품_189,860|해외구매_194,500","정품_189,860|해외구매_194,500","정품_189,860|해외구매_194,500","정품_189,860|해외구매_194,500","정품_189,860|해외구매_194,500","정품_189,860|해외구매_194,500",0,0,0,0,0,0,0,0,0,0,0,0,0,0,0,0,0,0,0,0,0,0,0
3550240,피아톤 BT460,"정품_260,000|해외구매_172,500","정품_260,000|해외구매_172,500","정품_260,000|해외구매_172,500","정품_260,000|해외구매_172,500","정품_260,000|해외구매_172,500","정품_260,000|해외구매_172,500","정품_260,000|해외구매_172,500",0,0,0,0,0,0,0,0,0,0,0,0,0,0,0,0,0,0,0,0,0,0,0
5321918,피아톤 Plays On BT390,"정품_89,000","정품_89,000","정품_89,000","정품_89,000","정품_89,000","정품_89,000","정품_89,000",0,0,0,0,0,0,0,0,0,0,0,0,0,0,0,0,0,0,0,0,0,0,0
19975382,피아톤 보노비츠 라이트 BN300,"93,060","93,060","93,060","93,060","93,060","93,060","93,060",0,0,0,0,0,0,0,0,0,0,0,0,0,0,0,0,0,0,0,0,0,0,0
5700018,필립스 SHB4405,"병행수입_72,160|해외구매_29,800","병행수입_72,160|해외구매_29,800","병행수입_72,160|해외구매_29,800","병행수입_72,160|해외구매_29,800","병행수입_72,160|해외구매_29,800","병행수입_72,160|해외구매_29,800","병행수입_72,160|해외구매_29,800",0,0,0,0,0,0,0,0,0,0,0,0,0,0,0,0,0,0,0,0,0,0,0
16354391,필립스 TAH4205,"정품_85,090|해외구매_83,500","정품_72,600|해외구매_83,500","정품_72,600|해외구매_83,500","정품_72,600|해외구매_83,500","정품_72,600|해외구매_83,500","정품_72,600|해외구매_83,500","정품_72,600|해외구매_83,500",0,0,0,0,0,0,0,0,0,0,0,0,0,0,0,0,0,0,0,0,0,0,0
18110192,필립스 TAH5205,"정품_74,250","정품_74,250","정품_74,250","정품_74,250","정품_74,250","정품_74,250","정품_74,250",0,0,0,0,0,0,0,0,0,0,0,0,0,0,0,0,0,0,0,0,0,0,0
17258861,필립스 TAH8856,"정품_159,000|해외구매_150,090","정품_159,000|해외구매_150,090","정품_159,000|해외구매_150,090","정품_159,000|해외구매_150,090","정품_159,000|해외구매_150,090","정품_159,000|해외구매_150,090","정품_159,000|해외구매_150,090",0,0,0,0,0,0,0,0,0,0,0,0,0,0,0,0,0,0,0,0,0,0,0
18585836,필립스 TAK4206,"정품_79,000|해외구매_140,400","정품_79,000|해외구매_140,400","정품_79,000|해외구매_140,400","정품_79,000|해외구매_140,400","정품_79,000|해외구매_140,400","정품_79,000|해외구매_140,400","정품_79,000|해외구매_140,400",0,0,0,0,0,0,0,0,0,0,0,0,0,0,0,0,0,0,0,0,0,0,0
17418716,필립스 TAPH805,"정품_169,000|해외구매_172,400","정품_169,000|해외구매_187,900","정품_169,000|해외구매_157,510","정품_169,000|해외구매_156,390","정품_169,000|해외구매_187,900","정품_169,000|해외구매_187,900","정품_169,000|해외구매_187,900",0,0,0,0,0,0,0,0,0,0,0,0,0,0,0,0,0,0,0,0,0,0,0
16417580,필립스 TAUH202,"정품_77,000","정품_77,000","정품_77,000","정품_77,000","정품_77,000","정품_77,000","정품_77,000",0,0,0,0,0,0,0,0,0,0,0,0,0,0,0,0,0,0,0,0,0,0,0
16417970,필립스 THA4205,"98,900","99,000","98,900","98,900","98,900","98,900","98,900",0,0,0,0,0,0,0,0,0,0,0,0,0,0,0,0,0,0,0,0,0,0,0
11980511,필립스 베이스플러스 SHB3075,"해외구매_63,820","해외구매_63,820","해외구매_63,820","해외구매_63,820","해외구매_63,820","해외구매_63,820","해외구매_63,820",0,0,0,0,0,0,0,0,0,0,0,0,0,0,0,0,0,0,0,0,0,0,0
12678878,하만카돈 FLY ANC,"해외구매_149,310","해외구매_149,310","해외구매_149,310","해외구매_149,310","해외구매_149,310","해외구매_149,310","해외구매_149,310",0,0,0,0,0,0,0,0,0,0,0,0,0,0,0,0,0,0,0,0,0,0,0
18937799,해피플러그 PLAY,"99,000","99,000","99,000","99,000","99,000","99,000","99,000",0,0,0,0,0,0,0,0,0,0,0,0,0,0,0,0,0,0,0,0,0,0,0
20240807,헤드 테크놀로지스 유니티,"해외구매_4,185,500","해외구매_4,185,500","해외구매_4,185,500","해외구매_4,185,500","해외구매_4,185,500","해외구매_4,185,500","해외구매_4,185,500",0,0,0,0,0,0,0,0,0,0,0,0,0,0,0,0,0,0,0,0,0,0,0
20011346,호코 W35,"해외구매_13,900","해외구매_18,900","해외구매_16,900","해외구매_12,900","해외구매_12,900","해외구매_12,900","해외구매_12,900",0,0,0,0,0,0,0,0,0,0,0,0,0,0,0,0,0,0,0,0,0,0,0
30126290,호코 W35 Air,0,0,0,0,0,0,0,0,0,0,0,0,0,0,0,0,0,0,0,0,0,0,"해외구매_27,700","해외구매_27,700","해외구매_25,700","해외구매_25,700","해외구매_25,700","해외구매_25,700","해외구매_25,700","해외구매_25,700"
16030175,화웨이 Freebuds Studio,"해외구매_259,160","해외구매_259,160","해외구매_259,160","해외구매_259,160","해외구매_259,160","해외구매_259,160","해외구매_259,160",0,0,0,0,0,0,0,0,0,0,0,0,0,0,0,0,0,0,0,0,0,0,0
15068792,휴라이즈 QH900 ANC,"68,000","68,000","68,000","68,000","68,000","68,000","68,000",0,0,0,0,0,0,0,0,0,0,0,0,0,0,0,0,0,0,0,0,0,0,0
