Id,Name,2025-12-01 11:35:26,2025-12-02 11:12:52
99912947,1stPlayer GM7 ARGB BTF,"_블랙_79,580|_실버_79,580|화이트_79,580","_블랙_79,580|_실버_79,580|화이트_79,580"
99912962,1stPlayer GM7 ARGB BTF,"_블랙_79,580|_실버_79,580|화이트_79,580","_블랙_79,580|_실버_79,580|화이트_79,580"
21548498,1stPlayer MV8,"_블랙_74,000|_화이트_74,000","_블랙_74,000|_화이트_74,000"
52153256,1stPlayer Mi5,"_블랙_40,250|_화이트_42,500","_블랙_40,250|_화이트_42,500"
91187588,1stPlayer Mi5 WING,"화이트_50,310","화이트_50,310"
20779499,1stPlayer Mi6,"화이트_69,000","화이트_69,000"
19107068,1stPlayer Mi6 MUSIC BAR,"_블랙_76,990|_화이트_81,990","_블랙_76,990|_화이트_81,990"
20229629,1stPlayer Mi8,"블랙_87,500","블랙_87,500"
19108916,1stPlayer SP5,"_블랙_65,700|_화이트_72,900","_블랙_65,700|_화이트_72,900"
19109225,1stPlayer SP5-G,"_블랙_73,000|_화이트_78,000","_블랙_73,000|_화이트_78,000"
19109372,1stPlayer SP6 MUSIC BAR,"_블랙_74,700|_화이트_79,200","_블랙_74,700|_화이트_79,200"
19109501,1stPlayer SP6-G MUSIC BAR,"_블랙_81,900|_화이트_79,200","_블랙_81,900|_화이트_79,200"
19109651,1stPlayer SP7,"_블랙_109,000|_화이트_90,317","_블랙_109,000|_화이트_91,030"
35223488,1stPlayer T3 V2,"_블랙_54,430|_화이트_54,150","_블랙_54,430|_화이트_54,150"
19105625,1stPlayer T5,"블랙_54,000","블랙_54,000"
40896488,1stPlayer T7,"화이트_47,030","화이트_47,030"
35229779,1stPlayer T7-P,"_블랙_37,910|_화이트_40,850","_블랙_39,500|_화이트_40,850"
2753144,2MONS 1.5U D280 핫스왑*2,"166,990","166,990"
2919264,2MONS 1.5U D280 핫스왑*2 USB3.0,"167,000","167,000"
3330848,2MONS 1U D550 에코 USB3.0,"158,990","158,990"
7025194,2MONS 1U ITX D250,"103,400","103,400"
12024287,2MONS 1U LCD D400,"151,990","151,990"
2910165,2MONS 2U D550 PLUS USB3.0,"101,300","101,300"
16983374,2MONS 2U D550 PLUS 핫스왑-3,"200,280","200,280"
2753078,2MONS 2U D550 핫스왑*6,"237,400","237,400"
2920397,2MONS 2U D550 핫스왑*6 USB3.0,"262,000","262,000"
10071663,2MONS 2U E-ATX D650,"121,990","121,990"
10071696,2MONS 2U E-ATX D650 USB3.0,"121,500","121,500"
64393598,2MONS 2U E-ATX D650 리던던트 파워용 KIT,"13,800","13,800"
3319048,2MONS 2U 핫스왑*6 SATA3 USB3.0,"255,400","255,400"
12531173,2MONS 3U D300 에코,"75,040","75,040"
4968795,2MONS 3U LCD 핫스왑*4 USB 3.0,"225,950","225,930"
92105834,2MONS 4U All in One D560 GPU-4,"217,990","217,990"
12862703,2MONS 4U D450 GPU-3,"60,990","60,990"
19869497,2MONS 4U D470 GPU-4 워터쿨,"172,000","190,000"
14920439,2MONS 4U D650 HD-28,"176,000","176,000"
25264844,2MONS 4U D650 HD-28 워터쿨,"175,990","175,990"
12551834,2MONS 4U D650 핫스왑-12,"355,990","355,990"
14920292,2MONS 4U D650 핫스왑-16,"413,090","413,090"
18961142,2MONS 4U D650 핫스왑-8 워터쿨,"339,780","339,760"
65430776,2MONS 4U D680 핫스왑-24,"524,990","524,990"
20225990,2MONS 4U HQ D450 GPU-4,"84,990","84,990"
12531095,2MONS 4U LCD D650 GPU-6,"251,990","251,990"
28605620,2MONS 4U LCD D680 GPU-6 워터쿨 2psu,0,"316,620"
4391262,2MONS 4U LCD 핫스왑*8 USB3.0,"299,070","299,070"
16983740,2MONS 4U 멀티 D500 핫스왑-4,"235,150","235,150"
27757268,2MONS 5U LCD D500 워터쿨 2psu,"400,730","400,730"
79397228,2MONS 5U TOWER D520 워터쿨 2PSU,"427,730","427,730"
93444674,2MONS 6U LCD D680 AI 머신러닝 ver3.0,"464,990","464,990"
5469555,2MONS 6U 비트코인 8way 2psu,"146,700","146,700"
1742127,2MONS SERVER 2U D400,"94,080","94,080"
2245703,2MONS SERVER 2U D550 Plus,"87,890","87,890"
1742137,2MONS SERVER 2U D560,"118,990","118,990"
1742148,2MONS SERVER 3U D400,"81,950","81,950"
3511031,2MONS 미니서버 핫스왑*6 USB3.0,"161,990","161,990"
3363372,2MONS 서버 1U D550 에코,"143,470","143,450"
2915955,2MONS 서버 2U D400 USB3.0,"110,990","110,990"
3155665,2MONS 서버 2U D400 에코,"76,780","76,760"
3155867,2MONS 서버 2U D400 에코 USB3.0,"80,200","80,200"
2911987,2MONS 서버 2U D560 USB 3.0,"130,610","130,610"
2914782,2MONS 서버 3U D400 USB3.0,"90,800","90,800"
4184812,2MONS 서버 4U E-ATX D400,"71,800","71,800"
4231753,2MONS 서버 4U E-ATX D400 USB3.0,"83,900","83,900"
1821778,2MONS 서버 4U PC D450,"59,990","59,990"
1821768,2MONS 서버 4U TRAY D450,"63,510","63,510"
3043027,2MONS 서버 4U 멀티 D500,"122,000","122,000"
4362961,2MONS 서버용 18인치 레일(2PCS/SET),"46,490","46,490"
3168723,2MONS 서버용 26인치 레일(2PCS/SET),"50,000","50,000"
3156205,2MONS 서버용 SSD가이드,"1,060","1,060"
34740608,2MONS 엘-미니멀,"40,990","40,990"
5660258,2MONS 엘포즈7,"29,540","29,540"
5660288,2MONS 엘포즈7 USB 4포트,"32,110","32,110"
5660313,2MONS 엘포즈7 멀티포트,"38,170","38,170"
17990840,2MONS 엘포즈8 Type C,"38,990","38,990"
11900881,2MONS 엘포즈9 TFX,"51,000","51,000"
49645280,2MONS 외부포트 USB 2.0 케이블 벌크,"3,200","3,200"
8141725,3RSYS EL-GUIDE,"3,080","3,080"
3969924,3RSYS J210 해머,"21,000","21,000"
12204125,3RSYS J490 SILENCE,"블랙_54,450","블랙_54,450"
27672788,3RSYS J500,"_블랙_42,630|_화이트_47,000","_블랙_42,630|_화이트_47,000"
32043569,3RSYS J540,"34,180","34,180"
7078231,3RSYS J700 RGB BLACK,"388,160","388,160"
17433503,3RSYS J740 Quiet,"화이트_71,580","화이트_71,580"
58911584,3RSYS K101,"블랙_36,000","블랙_36,000"
90157475,3RSYS K105,"_블랙_37,280|_화이트_41,980","_블랙_37,280|_화이트_41,980"
91187774,3RSYS K201,"_블랙_37,000|_화이트_39,880","_블랙_37,000|_화이트_39,880"
59928902,3RSYS K400 리버스,"_블랙_54,150|_화이트_60,380","_블랙_54,140|_화이트_60,380"
16483853,3RSYS L300 코드,"화이트_42,970","화이트_42,970"
80151332,3RSYS L330 Quiet,"_블랙_45,480|_화이트_46,680","_블랙_45,480|_화이트_46,680"
15823037,3RSYS L600,"_블랙_81,990|_화이트_88,000","_블랙_81,990|_화이트_88,000"
17409059,3RSYS L600 Quiet,"_블랙_87,280|_화이트_91,170","_블랙_89,100|_화이트_91,170"
3412899,3RSYS L900 USB3.0,"블랙_88,000","블랙_88,000"
57709253,3RSYS L904 Quiet,"_블랙_89,000|_화이트_93,480","_블랙_89,000|_화이트_93,480"
16850870,3RSYS L920 SWING DOOR,"화이트_123,000","화이트_123,000"
17739239,3RSYS R10 아트오브제 01,"블랙_95,000","블랙_95,000"
28025660,3RSYS R120,"_블랙_27,880|_화이트_29,980","_블랙_27,880|_화이트_29,980"
19881209,3RSYS R150,"_블랙_30,000|_화이트_30,980","_블랙_30,000|_화이트_30,980"
93700982,3RSYS R190,"_블랙_39,260|_화이트_39,380","_블랙_39,260|_화이트_39,380"
7241245,3RSYS R2 USB 3.0,"23,000","23,000"
15738686,3RSYS R200,"_블랙_35,470|_화이트_39,880","_블랙_35,470|_화이트_39,880"
28561205,3RSYS R240,"_블랙_45,000|_화이트_45,000","_블랙_45,000|_화이트_45,000"
19073519,3RSYS R260,"_블랙_42,320|_화이트_46,180","_블랙_42,320|_화이트_46,180"
28025804,3RSYS R30,"_블랙_19,580|_화이트_21,780",0
28025819,3RSYS R30,0,"_블랙_19,580|_화이트_21,780"
5176071,3RSYS R350,"28,000","28,000"
100383761,3RSYS R370 RGB,"블랙_26,050","블랙_26,050"
74806601,3RSYS R40,"21,080","21,080"
94881062,3RSYS R50 넥스,"_블랙_37,380|_화이트_37,380","_블랙_37,380|_화이트_37,380"
91423457,3RSYS R530,"_블랙_52,000|_화이트_55,980","_블랙_52,000|_화이트_55,980"
31286447,3RSYS R640 Quiet,"_블랙_91,380|_화이트_95,580","_블랙_91,380|_화이트_95,580"
97221221,3RSYS RX300 ARGB,"_블랙_65,080|_화이트_73,880",0
97221194,3RSYS RX300 ARGB,0,"_블랙_65,080|_화이트_73,880"
73121462,3RSYS RX400 Quiet BTF,"_블랙_75,080|_화이트_79,780","_블랙_75,080|_화이트_79,780"
99049688,3RSYS RX500 Quiet,"_블랙_75,280|_화이트_80,980","_블랙_75,280|_화이트_80,980"
17976170,3RSYS S100 Quiet,"화이트_72,680","화이트_72,680"
32043641,3RSYS S315 Quiet 리버스,"화이트_76,680","화이트_76,680"
9399606,3RSYS S350 에스프레소 CT,"화이트_118,900",0
34816706,3RSYS S402 Quiet 리버스 BTF,"_블랙_85,370|_화이트_93,230","_블랙_85,370|_화이트_93,230"
20220104,3RSYS S403 Quiet,"_블랙_71,000|_화이트_76,000","_블랙_71,000|_화이트_76,000"
39616661,3RSYS S404 Quiet 리버스,"_블랙_66,980|_화이트_74,880","_블랙_66,980|_화이트_74,880"
30228047,3RSYS S406 Quiet 리버스,"_블랙_84,000|_화이트_88,000","화이트_88,000"
9940566,3RSYS S450,"블랙_58,500","블랙_58,500"
99479786,3RSYS S480 WOOD BTF,"블랙_63,520","블랙_63,520"
17484746,3RSYS S700 HNK,"_블랙_71,750|_화이트_72,000","_블랙_71,750|_화이트_72,000"
89605691,3RSYS T200 Quiet BTF,"블랙_103,780","블랙_103,780"
92045654,3RSYS T2000 Quiet,"_블랙_118,180|_화이트_124,980","_블랙_120,100|_화이트_124,980"
71162336,3RSYS T300 Quiet BTF,"_블랙_134,380|_화이트_141,280","_블랙_134,380|_화이트_141,280"
46100999,3RSYS T3000 Quiet,"246,280","246,280"
13796111,3RSYS T700,"_블랙_68,200|_화이트_65,370","_블랙_68,200|_화이트_65,370"
11225553,3RSYS T800 풍통,"화이트_138,000","화이트_138,000"
13933289,3RSYS T840 풍통,"블랙_111,650","블랙_111,650"
11169177,AEROCOOL AERO ONE MINI FROST,"46,900","46,900"
2624749,AEROCOOL DS CUBE WINDOW,"골드_78,790|그린_78,800|레드_78,790|_블루_78,790|_오렌지_78,560|","골드_78,790|그린_78,800|레드_78,790|_블루_78,790|_오렌지_78,560|"
99886184,AMAQUEST V2-590 Edition,"334,890","334,890"
14922485,AONE PCI-E 3.0 16X 300mm 라이저케이블,"블랙_23,900","블랙_23,900"
34335563,AONE PCI-E 4.0 16X 250mm 라이저 케이블,"_블랙_38,990|_화이트_55,430","_블랙_38,990|_화이트_58,130"
13537256,AONE PCI-Express 1x to 16X 009S LED 라이저카드,"4,590","4,590"
41613173,APNX Creator C1,"블랙_161,510|_크로마 플레어_208,000|_화이트_175,720","블랙_161,500|_크로마 플레어_206,000|_화이트_175,700"
100692575,APNX V1,"_블랙_189,500|_화이트_199,000|우드 블랙_218,000|우드 화이트_227,600","_블랙_189,550|_화이트_199,090|우드 블랙_218,150|우드 화이트_227,680"
100692614,APNX V1,"_블랙_189,500|_화이트_199,000|우드 블랙_218,000|우드 화이트_227,600","_블랙_189,550|_화이트_199,090|우드 블랙_218,150|우드 화이트_227,680"
96771884,ARCTIC Xtender,"_블랙_227,050|_화이트_236,550","_블랙_227,050|_화이트_236,550"
96771989,ARCTIC Xtender Mirror,"블랙_227,050","블랙_227,050"
96772031,ARCTIC Xtender VG,"_블랙_239,000|_화이트_284,050","_블랙_239,000|_화이트_284,050"
96772118,ARCTIC Xtender VG Mirror,"블랙_274,550","블랙_274,550"
35805302,ASUS A21 PLUS,"블랙_95,180","블랙_95,180"
96852617,ASUS A32 PLUS,"_블랙_126,900|_화이트_122,570","_블랙_121,900|_화이트_122,570"
17353112,ASUS PRIME AP201,"_블랙_92,900|_화이트_103,690","_블랙_92,900|_화이트_103,690"
94029221,ASUS PRIME AP202 ARGB,"_블랙_122,990|_화이트_122,990","_블랙_122,990|_화이트_122,990"
77380718,ASUS ProArt PA401 우드 에디션 메탈,"114,890","114,890"
31408691,ASUS ProArt PA602,"329,000","329,000"
78384173,ASUS ProArt PA602 우드 에디션 강화유리,"336,350","336,350"
78384224,ASUS ProArt PA602 우드 에디션 메탈,"339,000","339,000"
7706725,ASUS ROG STRIX HELIOS,"398,000","398,000"
101188886,ASUS ROG STRIX HELIOS II 하츠네 미쿠 에디션 대원씨티에스,0,가격비교예정
11554955,ASUS ROG STRIX HELIOS WHITE EDITION,"422,000","422,000"
47840669,ASUS TUF Gaming GT302 ARGB,"_블랙_176,000|_화이트_97,700","_블랙_176,000|_화이트_97,700"
7335787,ASUS TUF Gaming GT501,"176,000","176,000"
11555084,ASUS TUF Gaming GT501 WHITE EDITION,"212,040","212,040"
19277042,Antec AX61 ELITE MESH 강화유리,"51,200","51,200"
41615831,Antec C3 ARGB,"_블랙_95,700|_화이트_95,700",0
41615858,Antec C3 ARGB,0,"_블랙_95,700|_화이트_95,700"
54327269,Antec C5 MESH ARGB BTF,"_블랙_143,780|_화이트_149,000","_블랙_143,780|_화이트_149,000"
64464317,Antec C5 MESH BTF,"블랙_77,100","블랙_77,100"
96312719,Antec C5 MESH CURVE ARGB BTF,"_블랙_145,000|_화이트_145,000","_블랙_145,000|_화이트_145,000"
66335597,Antec C7 MESH ARGB BTF,"_블랙_154,380|_화이트_154,380","_블랙_154,380|_화이트_154,380"
33439418,Antec C8 MESH,"_블랙_132,920|알루미늄_133,900|우드_133,200|_화이트_134,080","_블랙_132,920|알루미늄_133,900|우드_133,200|_화이트_134,080"
94811879,Antec C8 MESH ARGB,"_블랙_172,000|_화이트_172,000","_블랙_172,000|_화이트_172,000"
71777573,Antec C8 MESH CURVE BTF,"우드_174,580","우드_174,580"
96478838,Antec C8 MESH QUAD ARGB,"_블랙_154,620|_화이트_154,620","_블랙_154,620|_화이트_154,620"
17382209,Antec CANNON,"649,000","649,000"
4847659,Antec CUBE,"327,420","327,420"
37930172,Antec CX200M RGB ELITE,"_블랙_59,000|_화이트_56,840","_블랙_59,000|_화이트_56,840"
57304289,Antec CX500M RGB,"_블랙_70,140|_화이트_71,830","_블랙_70,140|_화이트_71,830"
54930383,Antec CX700 RGB ELITE,"블랙_82,080","블랙_82,080"
13936562,Antec DARK CUBE,"255,000","255,000"
13275992,Antec DF700 FLUX MESH 강화유리,"99,020","99,020"
16079039,Antec DF800 FLUX MESH 강화유리,"_블랙_106,960|_화이트_127,500","_블랙_106,960|_화이트_127,500"
99912674,Antec FLUX M MESH,"블랙_77,200","블랙_77,200"
70001051,Antec FLUX MESH BTF,"_블랙_137,000|_화이트_137,760","_블랙_137,000|_화이트_137,760"
72470105,Antec FLUX PRO MESH,"_블랙_248,000|_화이트_258,880","_블랙_248,000|_화이트_258,880"
75538361,Antec FLUX SE MESH BTF,"블랙_134,100","블랙_134,100"
19975976,Antec NX200M MESH 강화유리,"_블랙_39,000|_화이트_39,000","_블랙_39,000|_화이트_39,000"
17224280,Antec NX200M RGB MESH 강화유리,"44,990","44,990"
32061452,Antec NX416L ARGB MESH 강화유리,"_블랙_94,500|_화이트_92,900","_블랙_94,500|_화이트_92,900"
17033048,Antec P10 C SILENT,"112,730","112,730"
13029410,Antec P10 FLUX,"108,350","108,350"
15118730,Antec P120 CRYSTAL,"_블랙_138,980|_화이트_139,020","_블랙_138,980|_화이트_139,020"
18728459,Antec P20CE ELITE 6FAN METAL MESH SOLID,"111,490","111,490"
45873434,Antec PCI-E 4.0 RTX40 라이저 케이블,"_블랙, 200mm_44,900|_화이트, 200mm_38,900","_블랙, 200mm_44,900|_화이트, 200mm_38,900"
90960335,Antec PCI-E 4.0 RTX40 라이저 케이블 KIT V2,"화이트, 200mm_65,990","화이트, 200mm_65,990"
20095184,Antec PCI-E 4.0 라이저 케이블 KIT,"_블랙, 200mm_64,900|_화이트, 200mm_69,500","_블랙, 200mm_64,900|_화이트, 200mm_69,500"
30027653,Antec PERFORMANCE 1 FT MESH 강화유리,"_블랙_214,820|_화이트_219,000","_블랙_214,820|_화이트_219,000"
77381570,Antec PERFORMANCE 1 M,"_블랙_406,820|_아벤츄린_406,940","_블랙_406,820|_아벤츄린_406,940"
36307604,Antec PERFORMANCE 1 MESH SILENT,"195,000","195,000"
95346707,Antec SHIFT PCI-E 5.0 라이저 케이블 KIT ARGB,"_블랙, 190mm_87,300|_화이트, 190mm_92,500",0
95346719,Antec SHIFT PCI-E 5.0 라이저 케이블 KIT ARGB,0,"_블랙, 190mm_87,300|_화이트, 190mm_92,500"
9769494,Antec STRIKER,"405,000","405,000"
8114950,Antec TORQUE,"_블랙_539,000|_화이트_539,000","_블랙_539,000|_화이트_539,000"
18419840,BRAVOTEC GUARDIAN 3100M V2 타이탄 글래스,"_블랙_86,040|_화이트_96,780","_블랙_86,040|_화이트_96,780"
11923717,BRAVOTEC GUARDIAN 800 ARGB 타이탄 글래스,"화이트_75,500","화이트_75,500"
13007426,BRAVOTEC M110 마블 블랙팬서 강화유리,"44,980","44,980"
13007468,BRAVOTEC M110 마블 스파이더맨 강화유리,"44,980","44,980"
13007498,BRAVOTEC M110 마블 아이언맨 강화유리,"44,980","44,980"
36794582,BRAVOTEC SWORD S300 PATRON 타이탄 글래스,"_블랙_46,920|_화이트_52,150",0
36794591,BRAVOTEC SWORD S300 PATRON 타이탄 글래스,0,"_블랙_46,920|_화이트_52,150"
8173504,BRAVOTEC SWORD S830 RGB 타이탄 글래스,"_블랙_58,090|_화이트_67,770","_블랙_58,090|_화이트_67,770"
19317575,BRAVOTEC 트레저 X10 AERO,"_블랙_88,980|_화이트_94,390","_블랙_88,980|_화이트_94,390"
13050209,BRAVOTEC 트레저 X7 720T 타이탄 글래스,"블랙_38,980","블랙_38,980"
48645560,BRAVOTEC 트레저 X80 EDGE 타이탄 글래스 BTF,"블랙_97,540","블랙_97,540"
6749986,BRAVOTEC 트레저 X9 920T 타이탄 글래스,"_블랙_78,980|_화이트_88,980","_블랙_78,980|_화이트_88,980"
38455076,CORSAIR 2500D Airflow,"_블랙_189,040|_화이트_185,060","_블랙_189,040|_화이트_185,060"
38455175,CORSAIR 2500X,"_블랙_189,040|_화이트_187,940","_블랙_189,040|_화이트_187,940"
42127208,CORSAIR 2500X RGB,"_블랙_284,000|_화이트_282,530","_블랙_284,000|_화이트_282,530"
21685772,CORSAIR 3000D RGB AIRFLOW Tempered Glass,"_블랙_105,370|_화이트_104,490","_블랙_105,360|_화이트_104,490"
56139140,CORSAIR 3500X ARGB 강화유리,"_블랙_151,040|_화이트_151,040","_블랙_151,040|_화이트_151,040"
97568777,CORSAIR 3500X LX-R RGB iCUE LINK 강화유리,"_블랙_227,040|_화이트_227,040","_블랙_227,040|_화이트_227,040"
97568864,CORSAIR 3500X RS-R ARGB 강화유리,"_블랙_151,040|_화이트_151,040","_블랙_151,040|_화이트_151,040"
56138996,CORSAIR 3500X 강화유리,"_블랙_118,990|_화이트_121,990","_블랙_118,990|_화이트_121,990"
12279629,CORSAIR 4000D,"_블랙_133,000|_화이트_125,890","_블랙_133,000|_화이트_125,890"
12279584,CORSAIR 4000D AF,"_블랙_129,960|_화이트_128,880","_블랙_129,960|_화이트_128,880"
18918650,CORSAIR 4000D RGB AIRFLOW,"_블랙_185,050|_트루 화이트_180,000","_블랙_185,050|_트루 화이트_180,000"
13152371,CORSAIR 5000D,"_블랙_222,490|_화이트_228,980","_블랙_222,490|_화이트_228,980"
13152467,CORSAIR 5000D AF,"_블랙_222,490|_화이트_229,000","_블랙_222,490|_화이트_229,000"
28265576,CORSAIR 5000D CORE AIRFLOW,"_블랙_185,000|_화이트_185,000","_블랙_185,000|_화이트_185,000"
18918815,CORSAIR 5000D RGB AIRFLOW,"블랙_278,060","블랙_278,060"
38454260,CORSAIR 6500D AIRFLOW,"_블랙_254,390|_화이트_255,390","_블랙_254,390|_화이트_255,390"
38454563,CORSAIR 6500X,"_블랙_258,990|블랙 옵시디언_312,540|블랙 월넛_312,540|_화이트_254,790|화이트 세틴 그레이_312,540","_블랙_258,990|블랙 옵시디언_312,540|블랙 월넛_312,540|_화이트_254,790|화이트 세틴 그레이_312,540"
38454689,CORSAIR 6500X RGB,"_블랙_350,540|_화이트_350,540","_블랙_350,540|_화이트_350,540"
14637875,CORSAIR 7000D AIRFLOW,"_블랙_335,190|_화이트_335,190","_블랙_335,190|_화이트_335,190"
99476141,CORSAIR AIR 5400 LX-R RGB iCUE LINK,"_블랙_379,040|_화이트_379,040","_블랙_379,040|_화이트_379,040"
99476144,CORSAIR AIR 5400 LX-R RGB iCUE LINK,"_블랙_379,040|_화이트_379,040","_블랙_379,040|_화이트_379,040"
99476093,CORSAIR AIR 5400 RS-R ARGB,"_블랙_293,540|_화이트_293,540","_블랙_293,540|_화이트_293,540"
6279876,CORSAIR CRYSTAL SERIES 280X RGB 강화유리,"화이트_109,990","화이트_109,990"
74007932,CORSAIR FRAME 4000D,"_블랙_132,040|_화이트_132,040","_블랙_132,040|_화이트_132,040"
74011172,CORSAIR FRAME 4000D RS ARGB,"_블랙_159,850|_화이트_160,540","_블랙_159,850|_화이트_160,540"
98181377,CORSAIR FRAME 4500X LX-R RGB LINK,"_블랙_312,540|_화이트_312,540","_블랙_312,540|_화이트_312,540"
98181305,CORSAIR FRAME 4500X RS-R ARGB,"_블랙_242,240|_화이트_242,240","_블랙_242,240|_화이트_242,240"
93016328,CORSAIR FRAME 5000D RS,"_블랙_264,090|_화이트_264,090","_블랙_264,090|_화이트_264,090"
93016370,CORSAIR FRAME 5000D RS ARGB,"_블랙_284,040|_화이트_284,040","_블랙_284,040|_화이트_284,040"
7633702,CORSAIR Premium PCIe 3.0 x16 Extension Cable 300mm,"21,000","21,000"
20305370,CORSAIR iCUE 2000D RGB AIRFLOW,"_화이트_101,870|_블랙_101,870","_화이트_101,870|_블랙_101,870"
12279707,CORSAIR iCUE 4000X RGB,"_블랙_192,990|_화이트_192,990","_블랙_192,990|_화이트_192,990"
16413866,CORSAIR iCUE 5000T RGB,"_블랙_525,100|_화이트_525,100","_블랙_525,100|_화이트_525,100"
13152545,CORSAIR iCUE 5000X RGB,"화이트_269,990","화이트_269,990"
16413920,CORSAIR iCUE LC100 Case Accent Lighting Panels,"_Starter Kit_134,390|_Expansion Kit_160,000","_Starter Kit_134,390|_Expansion Kit_160,000"
56139299,CORSAIR iCUE LINK 3500X RGB 강화유리,"_블랙_206,510|_화이트_206,510","_블랙_206,510|_화이트_206,510"
74054417,CORSAIR iCUE LINK 5000T LX RGB,"_블랙_502,540|_화이트_502,540","_블랙_502,540|_화이트_502,540"
66039704,CORSAIR iCUE LINK 9000D RGB AIRFLOW,"_블랙_800,790|_화이트_819,990","_블랙_800,790|_화이트_819,990"
91864688,COUGAR AIRFACE PURE PRO,"_블랙_47,410|_화이트_52,160","_블랙_47,410|_화이트_52,160"
92043635,COUGAR AIRFACE PURE RGB,"_블랙_35,060|_화이트_39,810","_블랙_35,060|_화이트_39,810"
55335074,COUGAR DUOFACE PRO RGB,"블랙_113,050","블랙_113,050"
70097153,COUGAR FV150 RGB,"블랙_103,550","블랙_103,550"
55312943,COUGAR FV270,"_블랙_160,550|_화이트_170,050","_블랙_160,550|_화이트_170,050"
55323101,COUGAR FV270 RGB,"_블랙_189,050|_화이트_198,550","_블랙_189,050|_화이트_198,550"
55340483,COUGAR FV270 루미너스 로테이팅 플랫폼,"_블랙_28,410|_화이트_28,410","_블랙_28,410|_화이트_28,410"
69698513,COUGAR MX220 RGB,"_블랙_75,050|_화이트_75,050","_블랙_75,050|_화이트_75,050"
58023545,COUGAR MX360 RGB,"43,000","43,000"
70250225,COUGAR MX600 MINI RGB,"_블랙_103,550|_화이트_103,550","_블랙_103,550|_화이트_103,550"
93633530,COUGAR Omny X,"_블랙_132,050|_화이트_132,050","_블랙_132,050|_화이트_132,050"
57509000,COUGAR PURITY RGB,"_블랙_37,900|_화이트_37,910","_블랙_37,900|_화이트_37,910"
56151359,COUGAR UNIFACE,"_블랙_94,100|_화이트_65,550","_블랙_94,100|_화이트_65,550"
56151494,COUGAR UNIFACE MINI,"_블랙_53,000|_화이트_44,650","_블랙_53,000|_화이트_44,650"
56151686,COUGAR UNIFACE MINI RGB,"_블랙_50,350|_화이트_55,100","_블랙_50,350|_화이트_55,100"
56151626,COUGAR UNIFACE RGB,"_블랙_84,550|_화이트_84,550","_블랙_84,550|_화이트_84,550"
13735088,COX D200 강화유리,"화이트_49,900","화이트_49,900"
67690958,DAVEN APEX V2,"_블랙_54,090|_화이트_46,470","_블랙_54,090|_화이트_46,440"
31983662,DAVEN AQUA,"_블랙_29,790|_화이트_35,800","_블랙_29,760|_화이트_34,880"
49644662,DAVEN AQUA A900,"_블랙_76,300|_화이트_47,200","_블랙_76,300|_화이트_47,200"
50126771,DAVEN AQUA EDGE,"블랙_56,390","블랙_56,360"
94814495,DAVEN AQUA Lite,"_블랙_19,120|_화이트_21,200","_블랙_19,100|_화이트_21,180"
49644791,DAVEN AQUA M900,"_블랙_70,700|_화이트_77,000","_블랙_70,700|_화이트_77,000"
65426303,DAVEN AQUA 다이버,"_블랙_38,900|_화이트_45,800","_블랙_38,880|_화이트_45,780"
68441162,DAVEN AQUA 스쿠버 ARGB BTF,"_블랙_40,410|_화이트_47,000","_블랙_40,380|_화이트_46,480"
32104556,DAVEN AQUARIUM,"_블랙_50,860|_화이트_55,880","_블랙_50,840|_화이트_55,860"
19583933,DAVEN D4 MESH,"블랙_33,760","블랙_33,750"
18212909,DAVEN D6 MESH 강화유리,"_블랙_39,380|_화이트_44,880","_블랙_39,360|_화이트_44,870"
16144622,DAVEN KAISER AIR 강화유리,"_블랙_83,130|_화이트_51,980","_블랙_83,130|_화이트_51,970"
29371064,DAVEN M MASTER M4 CHAMBER,"블랙_10,000","블랙_10,000"
98923769,DAVEN N1 MESH,"_블랙_34,400|_화이트_37,710","_블랙_34,380|_화이트_37,680"
40826582,DAVEN SIX FLOW,"화이트_51,080","화이트_51,060"
50127029,DAVEN SPIDER,"블랙_32,550","블랙_32,520"
17472191,DAVEN THE KING ARGB 강화유리,"화이트_89,990","화이트_89,990"
48395153,DAVEN U300,"블랙_36,730","블랙_36,700"
20598131,DAVEN V200,"_블랙_18,960|_화이트_21,610","_블랙_18,940|_화이트_21,570"
20685455,DAVEN V300,"블랙_36,740","블랙_36,700"
31957850,DAVEN V500,"블랙_25,990","블랙_25,980"
17951918,DAVEN 라피네,"14,630","14,600"
99837545,DAVEN 벤투스 420 MESH ARGB,"_블랙_86,570|_화이트_95,250","_블랙_86,550|_화이트_95,230"
99637679,DAVEN 아쿠아 마린보이,"_블랙_32,100|_화이트_35,880","_블랙_32,080|_화이트_35,860"
47799581,DAVEN 아쿠아마린 BTF,"블랙_44,950","블랙_44,940"
53420384,DEEPCOOL CH160,"_블랙_78,800|_화이트_78,170","_블랙_78,800|_화이트_78,170"
97117652,DEEPCOOL CH160 PLUS,"_블랙_83,800|_화이트_79,000","_블랙_84,000|_화이트_79,000"
67623128,DEEPCOOL CH170 DIGITAL,"_블랙_98,790|_화이트_98,790","_블랙_98,790|_화이트_98,980"
77855639,DEEPCOOL CH260,"_블랙_91,900|_화이트_98,800","_블랙_91,900|_화이트_98,980"
78710921,DEEPCOOL CH270 DIGITAL,"_블랙_118,800|_화이트_125,800","_블랙_118,980|_화이트_125,980"
18578447,DEEPCOOL CH370,"_블랙_83,990|_화이트_111,250","_블랙_83,990|_화이트_111,250"
17552036,DEEPCOOL CH510,"화이트_94,000","화이트_94,000"
20516759,DEEPCOOL CH560 DIGITAL,"화이트_151,800","화이트_151,800"
16139204,DEEPCOOL CK560,"_블랙_117,980|_화이트_122,980","_블랙_117,980|_화이트_122,980"
5371791,DEEPCOOL EARLKASE RGB,"98,000","98,000"
10249821,DEEPCOOL MATREXX 55 MESH ADD-RGB 4F,"86,000","86,000"
10367772,DEEPCOOL PAB 300 라이저 케이블,"47,800","47,800"
57308678,DEEPCOOL PIXEL Series,"_레드_6,220|바이올렛_6,220|블루_6,220|옐로우_6,220|_쿨 그레이_6,220||","_레드_6,220|바이올렛_6,220|블루_6,220|옐로우_6,220|_쿨 그레이_6,220||"
32485628,EDDY A0,"_블랙_26,700|_화이트_29,700","_블랙_26,700|_화이트_29,700"
33902402,EDDY A1 MESH 강화유리,"_블랙_36,700|_화이트_43,700","_블랙_36,700|_화이트_43,700"
48926318,EDDY A6 강화유리,"_블랙_79,700|_화이트_87,700","_블랙_79,700|_화이트_87,700"
40240178,EDDY A7 MESH 강화유리,"_블랙_79,700|_화이트_89,700","_블랙_79,700|_화이트_89,700"
30498560,EDDY M0,"_블랙_21,700|_화이트_22,700","_블랙_21,700|_화이트_22,700"
10909788,Fractal Design Define 7,"블랙_290,700","블랙_292,000"
11479695,Fractal Design Define 7 Compact,"블랙_164,463","블랙_168,000"
10910196,Fractal Design Define 7 Dark 강화유리,"블랙_320,150","블랙_320,150"
10910475,Fractal Design Define 7 Light 강화유리,"_그레이_321,000|_블랙_321,000","_그레이_321,000|_블랙_321,000"
10958544,Fractal Design Define 7 XL,"303,895","315,400"
10958601,Fractal Design Define 7 XL Dark 강화유리,"332,421","346,750"
5043443,Fractal Design Define C,"269,000",0
5353598,Fractal Design Define C 강화유리,"158,870","158,870"
94087988,Fractal Design Epoch RGB 강화유리,"_블랙_179,290|_화이트_179,290","_블랙_179,290|_화이트_179,290"
94087853,Fractal Design Epoch Solid,"블랙_142,860","블랙_142,860"
94087892,Fractal Design Epoch 강화유리,"_블랙_142,860|_화이트_142,860","_블랙_142,860|_화이트_142,860"
11055525,Fractal Design Era ITX,"카본_250,840","카본_250,840"
68242736,Fractal Design Era2,"차콜 그레이_349,600|_미드나잇 블루_349,600|_실버_349,600","차콜 그레이_349,600|_미드나잇 블루_349,600|_실버_349,600"
27694541,Fractal Design Flex 2 PCIe 4.0 VGA 라이저 킷,"_블랙_116,000|_화이트_110,200","_블랙_116,000|_화이트_110,200"
11601842,Fractal Design HDD Drive Tray Kit - Type B 블랙,"2PACK_18,900","2PACK_18,900"
11605937,Fractal Design Hard Drive Cage Kit - Type B,"17,900","17,900"
12673769,Fractal Design Meshify 2,"225,000","226,000"
13489595,Fractal Design Meshify 2 Compact,"블랙_141,550","블랙_148,200"
12681041,Fractal Design Meshify 2 XL Light 강화유리,"312,550","312,550"
91560740,Fractal Design Meshify 3 Ambience Pro RGB 강화유리,"_블랙_319,000|_화이트_329,000",0
91560728,Fractal Design Meshify 3 Ambience Pro RGB 강화유리,0,"_블랙_319,000|_화이트_329,000"
91560842,Fractal Design Meshify 3 RGB 강화유리,"_블랙_229,000|_화이트_225,000","_블랙_229,000|_화이트_225,000"
91560968,Fractal Design Meshify 3 Solid,"블랙_194,000","블랙_194,000"
91561025,Fractal Design Meshify 3 XL Ambience Pro RGB 강화유리,"_블랙_379,050|_화이트_359,000","_블랙_379,050|_화이트_359,000"
91561397,Fractal Design Meshify 3 XL RGB 강화유리,"_블랙_284,050|_화이트_284,050","_블랙_284,050|_화이트_284,050"
91561445,Fractal Design Meshify 3 XL Solid,"블랙_255,550","블랙_255,550"
91561427,Fractal Design Meshify 3 XL 강화유리,"블랙_255,550","블랙_255,550"
91560920,Fractal Design Meshify 3 강화유리,"_블랙_199,000|_화이트_193,000","_블랙_199,000|_화이트_193,000"
60009248,Fractal Design Mood,"_라이트 그레이_285,960|_블랙_282,600","_라이트 그레이_287,850|_블랙_287,850"
18448706,Fractal Design North Mesh,"_차콜 블랙_179,000|_초크 화이트_189,050",0
18448688,Fractal Design North Mesh,0,"_차콜 블랙_179,000|_초크 화이트_199,000"
18448790,Fractal Design North TG Clear Tint,"초크 화이트_198,000","초크 화이트_198,000"
18448748,Fractal Design North TG Dark Tint,"차콜 블랙_189,050","차콜 블랙_189,050"
40016330,Fractal Design North XL Clear 강화유리,"초크 화이트_245,700","초크 화이트_245,700"
40016360,Fractal Design North XL Dark 강화유리,"차콜 블랙_259,000","차콜 블랙_259,000"
40016375,Fractal Design North XL MESH,"_차콜 블랙_205,340|_초크 화이트_235,000","_차콜 블랙_235,000|_초크 화이트_235,000"
90158345,Fractal Design North XL RC 강화유리,"_차콜 블랙_245,700|_초크 화이트_246,050","_차콜 블랙_245,700|_초크 화이트_246,050"
17357537,Fractal Design Pop Air Clear 강화유리,"블랙_144,450","블랙_148,650"
17357096,Fractal Design Pop Air RGB Clear 강화유리,"_블랙_156,000|_화이트_148,700","_블랙_162,150|_화이트_154,850"
17357018,Fractal Design Pop Air RGB Clear 강화유리 Core,"시안_153,000","시안_153,000"
17357669,Fractal Design Pop Air Solid,"블랙_139,989","블랙_148,650"
17357984,Fractal Design Pop Mini Air RGB Clear 강화유리,"_블랙_153,000|_화이트_148,700","_블랙_162,990|_화이트_154,850"
17359325,Fractal Design Pop Mini Silent Clear 강화유리,"블랙_143,000","블랙_143,000"
17359220,Fractal Design Pop Mini Silent Solid,"블랙_136,350","블랙_141,550"
17358986,Fractal Design Pop Silent Clear 강화유리,"블랙_139,980","블랙_142,990"
17359076,Fractal Design Pop Silent Solid,"블랙_139,989","블랙_141,550"
17357855,Fractal Design Pop XL Air RGB Clear 강화유리,"_블랙_189,000|_화이트_188,100","_블랙_197,990|_화이트_188,100"
17359157,Fractal Design Pop XL Silent Solid,"블랙_164,340","블랙_172,900"
18294494,Fractal Design Ridge,"화이트_236,100","화이트_256,860"
17359541,Fractal Design SSD Bracket Kit Type D,"12,900","12,900"
11601917,Fractal Design SSD Drive Tray Kit - Type B 화이트,"2PACK_17,900","2PACK_17,900"
20344610,Fractal Design Terra,"_그라파이트_356,000|실버_356,000|_제이드_348,505","_그라파이트_385,790|실버_385,790|_제이드_385,790"
18412277,Fractal Design Torrent RGB TG Clear Tint,"화이트_431,700","화이트_431,700"
15025229,Fractal Design Torrent Solid,"블랙_248,900","블랙_253,950"
17359469,Fractal Design USB-C 10Gbps Cable Model D,"17,010","17,010"
17076743,Fractal Design USB-C 10Gbps Cable Model E,"16,700","16,700"
14807990,G.SKILL Z5i,"99,000","99,000"
70332923,GAMDIAS ATHENA M3,"_블랙_66,400|_화이트_70,200","_블랙_66,400|_화이트_70,200"
25767554,GAMDIAS ATHENA P1 LITE,"69,900","69,900"
74420531,GAMDIAS ATLAS P1,"169,000","169,000"
80625593,GAMDIAS AURA GC10M ARGB,"_블랙_57,090|_화이트_61,850","_블랙_57,090|_화이트_61,850"
79559915,GAMDIAS AURA GC4 ELITE,"월넛_57,090","월넛_57,090"
25220138,GAMDIAS NESO P1,"블랙_271,800|블랙레드_198,490|_블랙화이트_189,050|화이트_199,000|_화이트화이트_190,260","블랙_271,800|블랙레드_198,490|_블랙화이트_189,050|화이트_199,000|_화이트화이트_190,260"
70332863,GAMDIAS NESO P1 PRO,"_블랙_229,000|_화이트_229,000","_블랙_229,000|_화이트_229,000"
28058339,GAMDIAS PCIE 4.0 라이저 케이블,"_240mm, 블랙_79,000|_240mm, 화이트_79,000","_240mm, 블랙_79,000|_240mm, 화이트_79,000"
53783117,GAMDIAS TALOS E3 메쉬,"_블랙_37,910|_화이트_41,400","_블랙_37,910|_화이트_41,400"
72062768,GAMEMAX CONTAC COC,"_블랙_64,000|_화이트_65,000","_블랙_64,000|_화이트_65,000"
72061823,GAMEMAX F36 BTF,"_블랙_54,000|_화이트_56,000","_블랙_54,000|_화이트_56,000"
72417266,GAMEMAX Forge AB,"블랙_45,000","블랙_45,000"
72416972,GAMEMAX HYPE-M,"_블랙_72,000|_화이트_75,000",0
72417098,GAMEMAX HYPE-M,0,"_블랙_72,000|_화이트_75,000"
71777126,GAMEMAX INFINITY PLUS,"블랙_99,000","블랙_99,000"
71277968,GAMEMAX N80,"_블랙_155,000|_화이트_180,000","_블랙_155,000|_화이트_180,000"
18750509,GEO메트릭퓨처 Model4 킹 아서,"_블랙_86,110|_화이트_84,550","_블랙_86,110|_화이트_84,550"
53416733,GEO메트릭퓨처 Model4 킹 아서 + Silence GI 120 ARGB,"화이트 패키지_88,220","화이트 패키지_88,220"
69565475,GEO메트릭퓨처 Model5,"_블랙_91,130|_화이트_95,780","_블랙_91,130|_화이트_95,780"
71503091,GEO메트릭퓨처 Model5 + Silence GI 140 ARGB,"_블랙 패키지_166,000|_화이트 패키지_168,730","_블랙 패키지_166,000|_화이트 패키지_168,730"
69565619,GEO메트릭퓨처 Model5 벤트,"_블랙_129,000|_화이트_103,000","_블랙_129,000|_화이트_103,000"
71503163,GEO메트릭퓨처 Model5 벤트 + Silence GI 140 ARGB,"화이트 패키지_175,990","화이트 패키지_175,990"
16555982,GEO메트릭퓨처 Model6 달리,"79,970","79,970"
16556030,GEO메트릭퓨처 Model6 반고흐,"93,490","93,490"
16555925,GEO메트릭퓨처 Model6 세잔,"82,380","82,380"
16387049,GEO메트릭퓨처 Model8 로한,"블랙_119,290","블랙_119,290"
94026527,GIGABYTE C201 PANORAMIC,"59,000","59,000"
94026566,GIGABYTE C201 PANORAMIC ICE,"59,000","59,000"
31946408,GIGABYTE C301 GLASS V2,"화이트_99,000","화이트_99,000"
101012051,HAVN BF 360,"_블랙_243,570|_화이트_243,570","_블랙_243,570|_화이트_243,570"
101012141,HAVN BF 360 FLOW,"_블랙_259,000|_화이트_259,000","_블랙_290,170|_화이트_259,000"
69053777,HAVN HS 420,"_블랙_284,050|_화이트_284,040","_블랙_284,050|_화이트_284,040"
94692467,HAVN HS 420 Limited Edition,"_블랙_382,190|_화이트_382,190","_블랙_382,190|_화이트_382,190"
69053828,HAVN HS 420 VGPU,"_블랙_379,050|_화이트_379,050",0
69053852,HAVN HS 420 VGPU,0,"_블랙_379,050|_화이트_379,050"
94081511,HAVN HS 420 수직 마운트 앵글 팬 브라켓 세트,"_블랙_114,060|_화이트_114,060","_블랙_114,060|_화이트_114,060"
99913124,HYTE PCIe 5.0 하이퍼 라이저 케이블,"_말차 밀크_56,040|블랙 체리_56,050|_스노우 화이트_56,040|스트로베리 밀크_56,040|타로 밀크_56,040|","_말차 밀크_56,040|블랙 체리_56,050|_스노우 화이트_56,040|스트로베리 밀크_56,040|타로 밀크_56,040|"
99913139,HYTE PCIe 5.0 하이퍼 라이저 케이블,"_말차 밀크_56,040|블랙 체리_56,050|_스노우 화이트_56,040|스트로베리 밀크_56,040|타로 밀크_56,040|","_말차 밀크_56,040|블랙 체리_56,050|_스노우 화이트_56,040|스트로베리 밀크_56,040|타로 밀크_56,040|"
94881146,HYTE Powered USB Hub,"37,040","37,040"
16384043,HYTE Revolt 3,"_블랙_182,740|_화이트_183,000","_블랙_182,740|_화이트_183,000"
99739223,HYTE X50,"_말차 밀크_226,000|스노우 화이트_226,000|스트로베리 밀크_226,000|와일드 체리_226,000|타로 밀크_226,000|_피치 블랙_226,000","_말차 밀크_226,000|스노우 화이트_226,000|스트로베리 밀크_226,000|와일드 체리_226,000|타로 밀크_226,000|_피치 블랙_226,000"
99739475,HYTE X50 AIR,"_스노우 화이트_196,400|_피치 블랙_196,400","_스노우 화이트_196,400|_피치 블랙_196,400"
28154438,HYTE Y40,"_블랙_200,560|_스노우 화이트_198,550|화이트_198,550","_블랙_200,560|_스노우 화이트_198,550|화이트_198,550"
19278527,HYTE Y60,"레드_256,050|_블랙_255,550|_스노우 화이트_255,550|화이트_255,550","레드_256,050|_블랙_255,550|_스노우 화이트_255,550|화이트_255,550"
42287372,HYTE Y70,"레드_265,050|말차 밀크_274,820|블랙_265,050|블루베리 밀크_265,050|스트로베리 밀크_265,050||_스노우 화이트_265,050|_화이트_265,050",0
42287291,HYTE Y70,0,"레드_265,050|말차 밀크_274,820|_블랙_265,050|블루베리 밀크_265,050|스트로베리 밀크_265,050||_스노우 화이트_265,050|"
61844228,HYTE Y70 Touch Infinite,"블랙 체리_550,050|_스노우 화이트_550,050|판다_550,050|_피치 블랙_550,050","블랙 체리_550,050|_스노우 화이트_550,050|판다_550,050|_피치 블랙_550,050"
65303732,HYTE Y70 Touch Infinite Display Upgrade,"_피치 블랙_369,540|_스노우 화이트_369,540|스트로베리 밀크_389,000","_피치 블랙_369,540|_스노우 화이트_369,540|스트로베리 밀크_389,000"
10085070,JONSBO A4,"실버_208,000","실버_208,000"
20555807,JONSBO C6 HANDLE,"블랙_64,980","블랙_64,980"
75071384,JONSBO C6 MAX,0,"_블랙_67,470|_화이트_67,470"
63559796,JONSBO C6-ITX,"_블랙_64,300|_화이트_64,800","_블랙_64,300|_화이트_64,980"
98181554,JONSBO D200,"화이트_76,770","_블랙_76,900|_화이트_76,770"
98181524,JONSBO D200,0,"_블랙_76,900|_화이트_76,770"
47487935,JONSBO D300,"_블랙_87,196|_화이트_79,000","_블랙_87,196|_화이트_79,000"
18637934,JONSBO D31 MESH SCREEN,"_블랙_138,800|_화이트_144,320","_블랙_138,980|_화이트_144,320"
75071522,JONSBO D32 PRO BTF,"_블랙_78,800|_화이트_83,160",0
75071534,JONSBO D32 PRO BTF,0,"_블랙_78,980|_화이트_83,160"
92186165,JONSBO D400 BTF,"_블랙_138,800|_화이트_135,550","_블랙_138,980|_화이트_135,550"
10419432,JONSBO MOD4,"그레이_237,500","그레이_237,500"
52155758,JONSBO N4 for NAS,"_블랙_126,260|_화이트_126,640","_블랙_126,260|_화이트_126,640"
68436584,JONSBO N5,"266,000","266,000"
94694240,JONSBO NV10,"실버_92,080","_블랙_77,300|_실버_77,300"
96060407,JONSBO T7,"_블랙_193,790|_실버_193,790","_블랙_193,790|_실버_193,790"
98184944,JONSBO T9,"_블랙_204,700|_실버_204,700","_블랙_204,700|_실버_204,700"
64300208,JONSBO TK-0,"화이트_157,230",0
64300145,JONSBO TK-0,0,"_블랙_158,980|_화이트_157,230"
29876945,JONSBO TK-1,"_블랙_158,800|_화이트_198,750","_블랙_158,800|_화이트_155,850"
32003396,JONSBO TK-2,"_블랙_154,700|_화이트_149,500","_블랙_154,700|_화이트_149,500"
52156013,JONSBO TK-3 BTF,"_블랙_116,850|_화이트_116,850",0
52156076,JONSBO TK-3 BTF,0,"_블랙_116,850|_화이트_116,850"
99052202,JONSBO TK-4 BTF,"블랙_214,390","_블랙_214,390|_우드_271,110|화이트_214,450"
94566926,JONSBO V12,"_블랙_145,300|_화이트_146,880","_블랙_145,610|_화이트_146,880"
17006102,JONSBO VR3 PCIe 4.0,"블랙_198,000","블랙_198,000"
75071696,JONSPLUS BO400 BTF,"그레이_359,000","그레이_359,000"
98544041,JONSPLUS BO400CG BTF,0,"실버_369,500"
47841839,JONSPLUS Z20,"_블랙 오렌지_110,000|_화이트_94,240","_블랙_96,010|블랙 오렌지_108,780|_화이트_94,240"
13240034,JONSPLUS i100 Pro,"_블랙_217,990|_실버_217,990","_블랙_217,990|_실버_217,990"
21699143,KRAFT KOREA STARK IMPACT,0,"_블랙_133,000|_화이트_128,000"
98227619,MONTECH HS01 PRO BTF,"_블랙_135,560|_화이트_140,320","_블랙_135,560|_화이트_140,320"
98227676,MONTECH HS02 PRO BTF,"_블랙_145,080|_화이트_150,370","_블랙_145,080|_화이트_150,370"
72061460,MONTECH KING 65 PRO,"_블랙_106,400|_화이트_111,620","_블랙_106,400|_화이트_111,620"
31339535,MONTECH KING 95,"레드_181,450|_블랙_161,980|블루_185,980|_화이트_176,980","레드_181,450|_블랙_161,980|블루_185,980|_화이트_176,980"
31339415,MONTECH KING 95 PRO,"레드_600,000|_블랙_210,000|_블루_251,000","레드_600,000|_블랙_210,000|_블루_251,000"
27475526,MONTECH SKY TWO ARGB 강화유리,"블루_118,960","블루_118,960"
58023332,MONTECH SKY TWO GX ARGB 강화유리,"_블랙_97,590|_화이트_107,390",0
58023323,MONTECH SKY TWO GX ARGB 강화유리,0,"_블랙_97,590|_화이트_107,390"
55083089,MSI MAG PANO 100L 프로젝트 제로,"_블랙_117,970|_화이트_117,990","_블랙_117,970|_화이트_117,990"
63031391,MSI MAG PANO 100R 프로젝트 제로,"_블랙_137,840|_화이트_137,820","_블랙_137,840|_화이트_137,820"
48926027,MSI MAG PANO M100R 프로젝트 제로,"_블랙_93,490|_화이트_93,240","_블랙_93,490|_화이트_93,240"
15031841,MSI MAG 뱀파이어 300R,0,"90,000"
30249392,MSI MAG 포지 120A 에어플로우,"39,890","39,890"
30249503,MSI MAG 포지 320R 에어플로우,"_블랙_57,340|_화이트_62,850","_블랙_57,340|_화이트_62,850"
54484445,MSI MAG 포지 321R 에어플로우,"블랙_66,590","블랙_66,590"
29679023,MSI MPG 궁니르 300R 에어플로우,"_블랙_192,990|_화이트_186,210","_블랙_192,990|_화이트_186,210"
20592965,MSI MPG 벨록스 100R,"_블랙_109,000|_화이트_103,380","_블랙_109,000|_화이트_103,380"
29311724,MSI PCI-E 4.0 X16 라이저 케이블,"_180mm, 블랙_69,000|_180mm, 화이트_65,880","_180mm, 블랙_69,000|_180mm, 화이트_65,880"
90889289,NZXT H3 Flow,"_블랙_95,000|_화이트_95,000","_블랙_95,000|_화이트_95,000"
79557347,NZXT H5 Elite,"화이트_186,480","화이트_186,480"
79556363,NZXT H5 Flow RGB,"_블랙_139,000|_화이트_127,770","_블랙_139,000|_화이트_127,770"
79556231,NZXT H5 Flow RGB V2,"_블랙_127,080|_화이트_136,800","_블랙_127,080|_화이트_136,800"
79556075,NZXT H5 Flow V2,"_블랙_99,550|_화이트_96,500","_블랙_99,550|_화이트_96,500"
7743760,NZXT H500 OVERWATCH,"198,000","198,000"
8808818,NZXT H510 Elite,"매트 블랙_218,000","매트 블랙_218,000"
79556873,NZXT H6 Flow,"_블랙_139,000|_화이트_139,000","_블랙_139,000|_화이트_139,000"
79556957,NZXT H6 Flow RGB,"_블랙_146,200|_화이트_166,450",0
79556969,NZXT H6 Flow RGB,0,"_블랙_146,200|_화이트_166,450"
19637231,NZXT H7 Elite RGB,"매트 블랙_336,250","매트 블랙_336,250"
77379680,NZXT H7 Flow RGB V2,"_매트 화이트_239,000|_매트 블랙_233,240","_매트 화이트_239,000|_매트 블랙_233,240"
77379554,NZXT H7 Flow V2,"_매트 블랙_207,000|_매트 화이트_202,820",0
77379563,NZXT H7 Flow V2,0,"_매트 블랙_207,000|_매트 화이트_202,820"
79556768,NZXT H9 Elite,"_블랙_382,000|_화이트_382,000","_블랙_382,000|_화이트_382,000"
79556465,NZXT H9 Flow,"_블랙_249,010|_화이트_249,010","_블랙_249,010|_화이트_249,010"
79557863,NZXT H9 Flow RGB V2,"_화이트_264,790|_블랙_252,650","_화이트_264,790|_블랙_252,650"
79558145,NZXT H9 Flow RGB+ V2,"_블랙_387,760|_화이트_366,420","_블랙_387,760|_화이트_366,420"
79557590,NZXT H9 Flow V2,"_블랙_237,730|_화이트_237,730","_블랙_237,730|_화이트_237,730"
99895163,NZXT Vertical GPU Mounting Kit,"_블랙_141,000|_화이트_141,000","_블랙_141,000|_화이트_141,000"
54963182,PCCOOLER CPS C3 D510,"_블랙_67,400|_화이트_73,230","_블랙_67,400|_화이트_73,230"
29757155,PCCOOLER CPS C3 T500,"_블랙_82,380|_화이트_89,900",0
29757200,PCCOOLER CPS C3 T500,0,"_블랙_82,380|_화이트_89,900"
92103647,PCCOOLER CPS C3 T700 ARGB,"화이트_68,840","화이트_68,840"
20639669,PCCOOLER PLATINUM LM300 ARGB,"_블랙_39,900|_화이트_40,303","_블랙_39,900|_화이트_40,303"
99325232,Phanteks ECLIPSE G370A,"블랙_86,310","블랙_86,310"
9822933,Phanteks ECLIPSE P400A,"_블랙_141,690|_화이트_141,690","_블랙_141,690|_화이트_141,690"
7182562,Phanteks ECLIPSE P600S,"블랙_271,000","블랙_271,000"
2908396,Phanteks ENTHOO EVOLV,"_블랙_204,100|그레이_206,600|_화이트_221,000","_블랙_204,100|그레이_206,600|_화이트_221,000"
4037771,Phanteks ENTHOO EVOLV ATX TG,"_AG_330,000|_GS_330,000","_AG_330,000|_GS_330,000"
3013190,Phanteks ENTHOO Mini XL,"255,500","255,500"
6152004,Phanteks ENTHOO PRO TG,"블랙_189,000","블랙_189,000"
75376628,Phanteks EVOLV X2,"_블랙_232,900|_화이트_244,900","_블랙_235,000|_화이트_234,000"
21674921,Phanteks G300A TRIPLE FAN EDITION,"104,690","104,690"
17477102,Phanteks G360A DRGB,"_블랙_143,890|_매트 화이트_161,300","_블랙_143,890|_매트 화이트_161,300"
18570371,Phanteks G500A DRGB,"_블랙_270,000|_매트 화이트_270,000","_블랙_270,000|_매트 화이트_270,000"
17676848,Phanteks NEO QUBE 2 DRGB,"_블랙_203,790|_화이트_203,790","_블랙_203,790|_화이트_203,790"
17676860,Phanteks NEO QUBE 2 DRGB IM,"_블랙_256,190|_화이트_256,190","_블랙_256,190|_화이트_256,190"
20050019,Phanteks NV7,"_블랙_326,990|_매트 화이트_326,990","_블랙_326,990|_매트 화이트_326,990"
12010583,Phanteks P300A,"90,490","90,490"
6558632,Phanteks STACKABLE HDD BRACKET,"15,890","15,890"
20218466,Phanteks VERTICAL GPU KIT 4.0 WT,"104,880","104,880"
7825258,Phanteks VERTICAL GPU RISER EXTENDER,"_Flatline 220mm/90_41,490|_Flatline 300mm/180_41,490|Slimline 220mm/90_41,500|Premium 220mm/90_59,990","_Flatline 220mm/90_41,490|_Flatline 300mm/180_41,490|Slimline 220mm/90_41,500|Premium 220mm/90_59,990"
20218475,Phanteks VERTICAL GPU RISER EXTENDER PCIe 4.0 WT,"Flatline 220mm/90_89,990","Flatline 220mm/90_89,990"
9823071,Phanteks Vertical GPU Kit 2,"61,700","61,700"
49644077,Phanteks XT PRO ULTRA,"_블랙_94,010|_화이트_102,000",0
99287318,Phanteks XT V3,"_블랙_99,750|_화이트_99,750","_블랙_99,750|_화이트_99,750"
12706487,Razer 토마호크 Mini-ITX,"219,000","219,000"
27989129,SSUPD MESHROOM D,"_스노우 화이트_171,770|_차콜 블랙_179,000","_스노우 화이트_171,770|_차콜 블랙_179,000"
93917090,SSUPD MESHROOM D V2,"_블랙_171,560|_화이트_170,050","_블랙_171,560|_화이트_170,050"
31050638,SSUPD MESHROOM Extender 브라켓,"_블랙_64,950|_화이트_64,950","_블랙_64,950|_화이트_64,950"
17982779,SSUPD MESHROOM S,"_세이지 그린_229,000|차콜 블랙_286,000|_파슬 그레이_229,000","_세이지 그린_229,000|차콜 블랙_286,000|_파슬 그레이_229,000"
42291272,SSUPD MESHROOM S V2,"_스노우 화이트_176,700|_차콜 블랙_182,500|파슬 그레이_193,660","_스노우 화이트_176,700|_차콜 블랙_182,500|파슬 그레이_193,660"
94696607,SSUPD MESHROOM S V2 Ver.2,"화이트_176,700","화이트_176,700"
94696658,SSUPD MESHROOM S V2 Ver.2 PCIe,"화이트_283,100","화이트_283,100"
17999627,SSUPD MESHROOM 알루미늄 피트 3cm,"35,500","35,500"
28058237,SSUPD MESHROOM 알루미늄 피트 4.5cm,"38,400","38,400"
28090109,SSUPD PCI-E 4.0 RISER CABLE,"440mm_124,450","440mm_124,450"
98918633,SSUPD PCIE 5.0 라이저 케이블,"200mm, 피메일 리버스_142,300|_320mm, 스트레이트_155,200|_440mm, 피메일 리버스_165,000","200mm, 피메일 리버스_142,300|_320mm, 스트레이트_155,200|_440mm, 피메일 리버스_165,000"
98918648,SSUPD PCIE 5.0 라이저 케이블,"200mm, 피메일 리버스_142,300|_320mm, 스트레이트_155,200|_440mm, 피메일 리버스_165,000","200mm, 피메일 리버스_142,300|_320mm, 스트레이트_155,200|_440mm, 피메일 리버스_165,000"
74809541,SSUPD XHUTTLE,"_블랙_248,500|_화이트_248,500","_블랙_248,500|_화이트_248,500"
58023131,STCOM ST208B-750M,"1,034,000","1,034,000"
63482279,STCOM ST208B-750M + CRPS 1600W 리던던트 패키지,"1,969,990","1,969,990"
93913328,Segotep Nexus1 PRO KR 아트홀,"화이트_65,000","화이트_65,000"
73121021,SilverStone ALTA F2,"1,385,000","1,385,000"
73121255,SilverStone ALTA G1M,"블랙_207,100","블랙_207,100"
12826301,SilverStone FARA SST-FAV1MB-PRO STCOM,"36,340","36,340"
32927750,SilverStone RM400,"246,040","246,040"
32919194,SilverStone RM51,"565,240","565,240"
33037838,SilverStone RMS05-22 마이크로닉스,"141,540","141,540"
33039626,SilverStone RMS06-22,"95,920","95,920"
73121354,SilverStone SST-ALTA D1 마이크로닉스,"블랙_1,215,000","블랙_1,215,000"
93500879,SilverStone SST-FLP01W 마이크로닉스,"149,140","145,000"
100694585,SilverStone SST-FLP02W 마이크로닉스,"261,570","261,570"
10990290,SilverStone SST-LD03 STCOM,"185,000","185,000"
63034253,SilverStone SST-RM21-304 마이크로닉스,"527,240","527,240"
63034277,SilverStone SST-RM21-308 마이크로닉스,"579,990","579,990"
63034286,SilverStone SST-RM22-308 마이크로닉스,"492,890","492,890"
63034319,SilverStone SST-RM22-312 마이크로닉스,"615,490","615,490"
64300355,SilverStone SST-RM23-502 마이크로닉스,"179,000","179,000"
63034373,SilverStone SST-RM23-502-MINI 마이크로닉스,"161,120","161,120"
63034448,SilverStone SST-RM41-506 마이크로닉스,"251,270","251,270"
63034538,SilverStone SST-RM41-H08 마이크로닉스,"470,720","470,720"
63034661,SilverStone SST-RM42-502 마이크로닉스,"366,690","366,690"
63034964,SilverStone SST-RM43-320-RS 마이크로닉스,"1,015,490","1,015,490"
63035051,SilverStone SST-RM44 마이크로닉스,"360,990","360,990"
74117300,SilverStone SST-RM45-360 마이크로닉스,"435,090","435,090"
63035120,SilverStone SST-RM46-502-I 마이크로닉스,"443,170","443,170"
63035153,SilverStone SST-RM47-502-I 마이크로닉스,"506,340","506,340"
63032180,SilverStone SST-RM52 마이크로닉스,"658,990","658,990"
100693148,SilverStone SST-RM53-502 마이크로닉스,"675,770","675,770"
63035309,SilverStone SST-RM600 마이크로닉스,"886,490","886,490"
63035258,SilverStone SST-RM61-312 마이크로닉스,"1,108,990","1,108,990"
63035342,SilverStone SST-RMS03-26 마이크로닉스,"141,540","141,540"
70766837,SilverStone SST-RMS09-20 마이크로닉스,"99,430","99,430"
68576840,TRYX LUCA L70,"_블랙_338,890|_화이트_341,950","_블랙_338,890|_화이트_341,950"
99321359,TRYX STRING PCIE 5.0 라이저 케이블,"_200mm, 블랙_86,800|_200mm, 화이트_85,500","_200mm, 블랙_86,800|_200mm, 화이트_85,500"
97224392,Thermalright TL-M10,"_블랙_85,250|_화이트_85,250","_블랙_85,250|_화이트_85,250"
97224500,Thermalright TL-M10 VISION,"_블랙_133,230|_화이트_133,230","_블랙_133,230|_화이트_133,230"
48647222,be quiet DARK BASE 701,"_블랙_299,000|_화이트_299,000","_블랙_299,000|_화이트_299,000"
49536398,be quiet HDD CAGE 2,"12,500","12,500"
6460690,be quiet HDD Slot Cover (Dark Base / Silent Base),"9,350","9,350"
71277161,be quiet LIGHT BASE 600 DX,"_블랙_189,000|_화이트_199,000","_블랙_189,000|_화이트_199,000"
71277224,be quiet LIGHT BASE 600 LX,"_블랙_229,000|_화이트_249,000","_블랙_229,000|_화이트_249,000"
71277764,be quiet LIGHT BASE 900 DX,"_블랙_271,700|_화이트_281,200","_블랙_271,700|_화이트_281,200"
71277872,be quiet LIGHT BASE 900 FX,"_블랙_350,550|_화이트_360,050","_블랙_350,550|_화이트_360,050"
14837960,be quiet PSU SHROUD for DARK BASE PRO 900 서린,"32,900","32,900"
9647886,be quiet PURE BASE 500 WINDOW,"_메탈릭 그레이_132,000|_화이트_132,000","_메탈릭 그레이_132,000|_화이트_132,000"
93018971,be quiet PURE BASE 501,"113,050","112,000"
93019016,be quiet PURE BASE 501 Airflow,"_블랙_133,230|_화이트_145,350","_블랙_133,230|_화이트_145,350"
93019178,be quiet PURE BASE 501 Airflow Window,"_블랙_141,550|_화이트_154,850","_블랙_141,550|_화이트_154,850"
93020354,be quiet PURE BASE 501 DX,"_블랙_139,000|_화이트_149,000","_블랙_139,000|_화이트_149,000"
93020210,be quiet PURE BASE 501 LX,"_블랙_159,000|_화이트_169,000","_블랙_159,000|_화이트_169,000"
28804916,be quiet SHADOW BASE 800,"블랙_208,050","블랙_208,050"
28804802,be quiet SHADOW BASE 800 DX,"_블랙_227,050|_화이트_239,000","_블랙_227,050|_화이트_239,000"
14644658,be quiet Silent Base 802,"_블랙_265,000|_화이트_261,500","_블랙_265,000|_화이트_248,000"
14644838,be quiet Silent Base 802 WINDOW,"_블랙_270,750|_화이트_281,220","_블랙_270,750|_화이트_281,220"
17485355,be quiet WINDOW SIDE PANEL for DARK BASE 900,"43,300","43,300"
65351987,darkFlash DB330M RGB 강화유리,"_블랙_36,990|_화이트_42,500","_블랙_36,990|_화이트_42,500"
73885505,darkFlash DB330X RGB 강화유리,"_블랙_37,880|_화이트_42,880","_블랙_37,880|_화이트_42,880"
80464100,darkFlash DB460M MESH RGB,"_블랙_40,850|_화이트_44,640","_블랙_40,850|_화이트_44,640"
44371118,darkFlash DBM60 MESH RGB 강화유리,"화이트_49,500","화이트_49,500"
72723491,darkFlash DCM30 RGB 강화유리,"_블랙_28,480|_화이트_31,330","_블랙_28,480|_화이트_31,330"
89861615,darkFlash DCM33 RGB,"_블랙_33,870|_화이트_34,240",0
89861651,darkFlash DCM33 RGB,0,"_블랙_33,870|_화이트_34,240"
20255537,darkFlash DF2100 MESH RGB 강화유리,"화이트_68,460","화이트_68,650"
76946669,darkFlash DF4100 MESH ARGB BTF,"_블랙_74,830|_화이트_80,520","_블랙_74,830|_화이트_80,520"
21522878,darkFlash DF5000 MESH ARGB 강화유리,"화이트_99,000",0
37693031,darkFlash DF5000 VB-F 4.0 라이저 케이블 지지대 KIT,"_블랙_46,550|_화이트_47,970","_블랙_46,550|_화이트_47,970"
37292048,darkFlash DF5000-BS MESH ARGB 강화유리,"화이트_100,000","화이트_100,000"
16542008,darkFlash DK1000 MESH 강화유리,"_블랙_65,770|_화이트_68,890","_블랙_65,770|_화이트_68,890"
17976938,darkFlash DK110,"18,240","18,240"
18053684,darkFlash DK200 RGB ADVANCED 강화유리,"_블랙_36,030|_화이트_40,800","_블랙_36,030|_화이트_40,800"
13381619,darkFlash DK200 RGB 강화유리,"_블랙_37,170|_화이트_43,270","_블랙_37,170|_화이트_43,270"
16676309,darkFlash DK210 그래피티 ARGB 강화유리,"64,330","64,330"
36935618,darkFlash DK290 Air MESH RGB 강화유리,"_블랙_43,000|_화이트_59,500","_블랙_43,000|_화이트_59,500"
59762132,darkFlash DK301M RGB MESH 강화유리,"블랙_31,240","블랙_31,240"
17783147,darkFlash DK360 MESH RGB 강화유리,"_블랙_47,000|_화이트_48,900","_블랙_47,000|_화이트_48,900"
74338760,darkFlash DK370 MESH RGB 강화유리,"_블랙_40,680|_화이트_44,620","_블랙_40,680|_화이트_44,620"
12985601,darkFlash DLH21,"민트_66,000|_블랙_63,000|_핑크_68,424|화이트_98,000","민트_66,000|_블랙_63,000|_핑크_68,424|화이트_98,000"
12487766,darkFlash DLM ZERO 강화유리,"96,120","96,120"
9376470,darkFlash DLM21 RGB MESH 강화유리,"_블랙_54,200|_화이트_56,140","_블랙_54,200|_화이트_56,140"
8457879,darkFlash DLM22 RGB 강화유리,"_블랙_78,980|_화이트_49,000","_블랙_78,980|_화이트_49,000"
28212629,darkFlash DLM4000 GLASS,"_블랙_54,800|_화이트_74,000","_블랙_55,000|_화이트_74,000"
11202177,darkFlash DLN25 SILENT,"96,900","96,900"
17525405,darkFlash DLX200 MESH RGB 강화유리,"_블랙_119,000|_화이트_125,000","_블랙_119,000|_화이트_125,000"
11884168,darkFlash DLX21 RGB MESH 강화유리,"_블랙_95,540|_화이트_94,050","_블랙_95,540|_화이트_94,050"
11843785,darkFlash DLX22 RGB 강화유리,"화이트_148,000","화이트_148,000"
20504855,darkFlash DLX4000 GLASS,"_블랙_33,990|_화이트_37,990",0
20504921,darkFlash DLX4000 GLASS,0,"_블랙_33,990|_화이트_37,990"
62071772,darkFlash DMO11,"_블랙_18,790|_화이트_21,840","_블랙_18,790|_화이트_21,840"
18922775,darkFlash DNM600 MESH RGB,"화이트_48,080","화이트_48,080"
18769955,darkFlash DNX700 MESH RGB,"_블랙_59,000|_화이트_71,080","_블랙_57,000|_화이트_71,080"
71904314,darkFlash DP360 MESH RGB 강화유리,"_블랙_38,950|_화이트_44,660","_블랙_39,000|_화이트_44,660"
71904638,darkFlash DP430 MESH RGB 강화유리,"_블랙_49,000|_화이트_45,900","_블랙_49,000|_화이트_45,900"
100271060,darkFlash DPF70 ARGB,"_블랙_58,140|_화이트_62,920","_블랙_58,140|_화이트_62,920"
57307040,darkFlash DPW90M ARGB 강화유리,"블랙_61,750","블랙_61,750"
53417006,darkFlash DPX90 ARGB 강화유리,"_블랙_57,540|_화이트_57,900","_블랙_57,540|_화이트_57,900"
72723323,darkFlash DQX80 ARGB BTF,"_블랙_83,470|_화이트_89,990","_블랙_83,470|_화이트_89,990"
70874867,darkFlash DRX50 MESH RGB 강화유리,"블랙_36,720","블랙_36,720"
31413674,darkFlash DRX70 MESH RGB 강화유리,"_블랙_48,300|_화이트_52,380","_블랙_48,300|_화이트_52,380"
49645922,darkFlash DRX90 MESH RGB 강화유리,"_블랙_50,860|_화이트_56,520","_블랙_50,860|_화이트_56,520"
27268553,darkFlash DS200 강화유리,"_블랙_43,000|_화이트_45,000","_블랙_43,000|_화이트_45,000"
17954243,darkFlash DS2000 MESH 강화유리,"_블랙_91,740|_화이트_93,940","_블랙_91,740|_화이트_93,940"
78530048,darkFlash DS500 RGB,"_블랙_39,480|_화이트_44,800","_블랙_39,470|_화이트_43,900"
18190976,darkFlash DS5000 MESH 강화유리,"_블랙_121,160|_화이트_126,790","_블랙_121,160|_화이트_126,790"
18515747,darkFlash DS5000 전면 강화유리 KIT,"_블랙_14,850|_화이트_14,850","_블랙_14,850|_화이트_14,850"
101013590,darkFlash DS500M RGB,_블랙_가격비교예정|_화이트_가격비교예정,_블랙_가격비교예정|_화이트_가격비교예정
32861099,darkFlash DS900 ARGB 강화유리,"_블랙_57,500|블랙 우드_61,750|_화이트_61,500|화이트 우드_65,540","_블랙_57,500|블랙 우드_61,750|_화이트_61,500|화이트 우드_65,540"
93804113,darkFlash DS900G ARGB,"_블랙_80,740|_화이트_88,000","_블랙_80,740|_화이트_88,000"
60321833,darkFlash DS900M RGB 강화유리,"_블랙_40,340|_화이트_42,120","_블랙_40,340|_화이트_42,120"
94880948,darkFlash DS900XL 우드 ARGB,"_블랙_93,780|_화이트_99,780","_블랙_93,780|_화이트_99,780"
92187578,darkFlash DW500 우드 MESH RGB,"_블랙_66,300|_화이트_72,080","_블랙_66,300|_화이트_72,080"
99735548,darkFlash DY460 ARGB BTF,"_블랙_93,880|_화이트_95,380","_블랙_93,880|_화이트_95,380"
68440877,darkFlash DY470 ARGB 강화유리,"_블랙_118,400|_화이트_122,550","_블랙_118,400|_화이트_122,550"
91497431,darkFlash DY570 ARGB BTF,"_블랙_213,650|_화이트_217,550","_블랙_213,650|_화이트_217,550"
68577197,darkFlash GCB470 라이저 케이블 지지대 KIT,"_블랙_36,080|_화이트_37,200","_블랙_36,080|_화이트_37,200"
17989952,darkFlash LP20 ARGB PANEL,"_블랙_14,240|_화이트_14,240","_블랙_14,240|_화이트_14,240"
60063428,darkFlash PCIe 4.0 라이저 케이블,"160mm_36,560","160mm_36,560"
17396630,darkFlash V4.0 라이저 케이블,"215mm_55,220","215mm_55,220"
17584163,darkFlash VB-X 4.0 라이저 케이블 지지대 KIT 215mm,"_네오민트_67,270|_블랙_64,780|핑크_68,000|화이트_67,830","_네오민트_67,270|_블랙_64,780|핑크_68,000|화이트_67,830"
12192491,darkFlash VB-X 라이저 케이블 지지대 KIT,"네오민트_38,640","네오민트_38,550"
90642527,대양케이스 ARIGUE 240 RGB,"_블랙_37,050|_화이트_39,900","_블랙_37,050|_화이트_39,900"
90642461,대양케이스 ARIGUE 360 ARGB,"_블랙_54,150|_화이트_58,900","_블랙_54,150|_화이트_58,900"
92358206,대양케이스 ARTISTIC ARGB,"_블랙_63,650|_화이트_67,450","_블랙_63,650|_화이트_67,450"
9795618,대양케이스 ME NO.8 RGB 강화유리,"_블랙_77,210|_화이트_82,420","_블랙_77,210|_화이트_82,420"
61845671,리안리 A3-1 라이저 케이블 킷,"_블랙, A3-1X, 200mm_75,050|_화이트, A3-1W, 200mm_74,350","_블랙, A3-1X, 200mm_75,050|_화이트, A3-1W, 200mm_74,350"
61845713,리안리 A3-2 강화유리 사이드 패널,"화이트, A3-2W_20,900","_블랙, A3-2X_22,000|_화이트, A3-2W_20,900"
76329269,리안리 A3-3WD A3 m-ATX 프론트 우드 패널,"37,050","37,050"
68329244,리안리 A3-mATX,"_블랙_113,050|_우드 블랙_139,650|우드 화이트_139,650|화이트_113,050","_블랙_113,050|_우드 블랙_139,650|우드 화이트_139,650|화이트_113,050"
16516247,리안리 A4-H2O,"_블랙_254,600|_실버_267,540","_블랙_254,600|_실버_267,540"
89861942,리안리 DK07,"1,990,000","1,990,000"
73767881,리안리 LAN207-1 전면 먼지 필터,"_블랙_6,900|_화이트_6,640","_블랙_6,900|_화이트_6,640"
18642950,리안리 LAN216-1W ARGB Control & USB Module,"화이트_17,200","화이트_17,200"
18642944,리안리 LAN216-1X ARGB Control & USB Module,"블랙_20,900","블랙_20,900"
19176308,리안리 LAN3-1X Dust Filter Kit,"블랙_14,160","블랙_14,160"
54814049,리안리 LANCOOL 206,"_블랙_183,500|_화이트_103,550","_블랙_183,500|_화이트_103,550"
70619144,리안리 LANCOOL 207,"_블랙_103,550|_화이트_110,200",0
70619111,리안리 LANCOOL 207,0,"_블랙_103,550|_화이트_110,200"
18538823,리안리 LANCOOL 216,"블랙_117,000","블랙_117,000"
18538844,리안리 LANCOOL 216 RGB,"_블랙_128,000|_화이트_133,230","_블랙_128,000|_화이트_133,230"
90647099,리안리 LANCOOL 217,"_블랙_198,610|_화이트_199,000","블랙_198,610"
12001715,리안리 LANCOOL II MESH RGB,"블랙_129,000","블랙_129,000"
10274328,리안리 LANCOOL II-1X,"29,000","29,000"
17661059,리안리 LANCOOL III,"_블랙_189,050|_화이트_213,000","_블랙_189,050|_화이트_213,000"
17661170,리안리 LANCOOL III RGB,"_블랙_202,350|_화이트_217,550","_블랙_202,350|_화이트_217,550"
97123115,리안리 Multi-Directional Vertical GPU Bracket Kit,"_블랙_122,540|_화이트_122,540",0
97123091,리안리 Multi-Directional Vertical GPU Bracket Kit,0,"_블랙_122,540|_화이트_122,540"
70678196,리안리 O11 VISION COMPACT,"_블랙_201,500|_화이트_196,650","_블랙_201,500|_화이트_196,650"
61534949,리안리 O11D EVO RGB 오토모빌리 람보르기니 에디션,"407,550","407,550"
95056910,리안리 O11D MINI V2,"_블랙_142,990|_화이트_135,850","_블랙_135,850|_화이트_135,850"
95057000,리안리 O11D MINI V2 FLOW,"_블랙_154,850|_화이트_154,850","_블랙_154,850|_화이트_154,850"
28213538,리안리 O11DEXL-1 업라이트 GPU 브라켓,"_블랙_10,900|_화이트_10,360","_블랙_10,900|_화이트_10,360"
13299440,리안리 O11DMINI-1,"_블랙_59,000|_화이트_78,000","_블랙_59,000|_화이트_78,000"
14654723,리안리 O11DMINI-1W-4,"화이트_97,000","화이트_97,000"
14654675,리안리 O11DMINI-1X-4,"_블랙_95,990|_화이트_97,000",0
15164108,리안리 O11DMINI-1X-4,0,"_블랙_95,990|_화이트_97,000"
6105087,리안리 PC-O11 Dynamic,"화이트_265,500","화이트_265,500"
30329966,리안리 PC-O11 VISION,"_블랙_200,510|크롬_214,700|_화이트_214,700","_블랙_200,510|크롬_214,700|_화이트_214,700"
32074469,리안리 PC-O11D EVO RGB,"_블랙_265,050|_화이트_265,050","_블랙_265,050|_화이트_265,050"
36156665,리안리 PC-O11D EVO RGB 프론트 메쉬 킷,"화이트_28,410","화이트_28,410"
27499688,리안리 PC-O11D EVO XL,"_블랙_387,600|_화이트_397,100","_블랙_387,600|_화이트_397,100"
32108681,리안리 PC-O11D EVO XL 프론트 메쉬 킷,"_블랙_36,100|_화이트_36,010","_블랙_36,100|_화이트_36,010"
16338725,리안리 PC-O11D EVO 애디셔널 IO 킷,"_블랙_27,490|_화이트_26,130","_블랙_27,490|_화이트_26,130"
16910258,리안리 PC-O11D EVO 업라이트 GPU 브라켓,"화이트_9,900","화이트_9,900"
16338878,리안리 PC-O11D EVO 탑 패널 IO 킷,"그레이_18,900","그레이_18,900"
16339061,리안리 PC-O11D EVO 프론트 메쉬 킷,"블랙_26,900","블랙_26,900"
15794921,리안리 PC-O11D XL LOL 영혼의 꽃 아리 에디션,"314,000","314,000"
95200685,리안리 PW-PCI-520X 라이저 케이블,"200mm_94,040","200mm_94,040"
17484737,리안리 RB-001,"12,370","12,370"
59542694,리안리 SUP01,"_블랙_189,050|_화이트_189,050","_블랙_189,050|_화이트_189,050"
92682095,리안리 Vector V100,"_블랙_73,150|_화이트_73,150","_블랙_73,150|_화이트_73,150"
92682194,리안리 Vector V100 ARGB,"_블랙_94,050|_화이트_94,050","_블랙_94,050|_화이트_94,050"
29655500,마이크로닉스 ANGEL MINI,"45,890","44,900"
6456172,마이크로닉스 BOHEMIAN GUSTO,"40,960","40,960"
15906290,마이크로닉스 COOLMAX BANSHEE,"43,500","43,500"
17791067,마이크로닉스 COOLMAX HEAVEN,"_블랙_19,990|_화이트_23,000","_블랙_19,990|_화이트_23,000"
100269842,마이크로닉스 COOLMAX V6,"_블랙_76,690|_화이트_81,490","_블랙_76,690|_화이트_81,490"
10165092,마이크로닉스 COOLMAX 가성비 NO.2,"20,890","20,890"
67510613,마이크로닉스 COOLMAX 댄디,"16,390","16,390"
59927054,마이크로닉스 COOLMAX 레디,"33,820","33,800"
56156108,마이크로닉스 COOLMAX 멜로디 View,"_블랙_35,340|_화이트_39,860","_블랙_35,340|_화이트_39,860"
63481544,마이크로닉스 COOLMAX 멜로디 XL View,"_블랙_37,450|_화이트_45,550",0
63481523,마이크로닉스 COOLMAX 멜로디 XL View,0,"_블랙_37,430|_화이트_45,550"
44906552,마이크로닉스 COOLMAX 버디,"19,890","19,890"
48648926,마이크로닉스 COOLMAX 스테디,"_블랙_41,820|_화이트_47,280","_블랙_41,800|_화이트_47,260"
98778077,마이크로닉스 COOLMAX 크리스탈,"블랙_39,890","블랙_39,890"
28857275,마이크로닉스 COOLMAX 투헤븐,"52,160","52,160"
19743740,마이크로닉스 EH1-몬드리안,"_블랙_66,920|_화이트_69,000","_블랙_66,920|_화이트_69,000"
12192788,마이크로닉스 EM1-Woofer 강화유리,"_블랙_49,400|_화이트_54,430","_블랙_49,400|_화이트_54,430"
57709430,마이크로닉스 EM1-Woofer 시그니처 에디션,"팝핀 레드_48,860|_대니쉬 블루_49,900|_메리골드 오렌지_48,860","팝핀 레드_48,860|_대니쉬 블루_49,900|_메리골드 오렌지_48,860"
5297301,마이크로닉스 Frontier H100 PC방,"26,500","26,500"
29823077,마이크로닉스 GH5-미다스,"_블랙_89,000|_화이트_92,050","_블랙_89,000|_화이트_92,050"
16541072,마이크로닉스 GL1 모타,"35,300","35,300"
16710428,마이크로닉스 GM3-문,"45,740","45,740"
12964061,마이크로닉스 GX1-PUNCH 강화유리,"108,000","108,000"
17451719,마이크로닉스 GX2-뉴런 글래스,"106,390","106,390"
16445945,마이크로닉스 Glory,"32,110","32,110"
98229971,마이크로닉스 LO1- FINO Plus 스마트 솔루션,"48,000","48,000"
20461073,마이크로닉스 MANIC GM4-윙,"72,670","72,670"
32102741,마이크로닉스 ML-420 BTF,"_블랙_145,000|_화이트_138,540","_블랙_145,000|_화이트_138,540"
52066547,마이크로닉스 ML-420 View BTF,"_블랙_151,810|_화이트_144,400",0
33362510,마이크로닉스 ML-420 View BTF,0,"_블랙_151,810|_화이트_144,300"
14566301,마이크로닉스 Master M60 + Classic II 600W 화이트 패키지,"117,030","117,030"
10423167,마이크로닉스 Master M60 메쉬,"_블랙_44,610|_화이트_54,610","_블랙_44,590|_화이트_54,610"
9735324,마이크로닉스 Master Z4 강화유리,"_블랙_87,000|_화이트_90,000","_블랙_87,000|_화이트_90,000"
18963641,마이크로닉스 PCIE 4.0 라이저 케이블,"_100mm_46,600|_200mm_48,470","_100mm_46,600|_200mm_48,470"
12399140,마이크로닉스 POCO ITX 강화유리,"120,160","120,160"
3108227,마이크로닉스 QUANTA HMR-145N1,"156,470","156,460"
3108232,마이크로닉스 QUANTA HMR-155N1,"169,500","169,500"
3095050,마이크로닉스 QUANTA HMR-245N1,"135,990","135,990"
3093870,마이크로닉스 QUANTA HMR-255N1,"139,990","139,990"
13199333,마이크로닉스 QUANTA HMR-340SE,"101,260","101,260"
13199378,마이크로닉스 QUANTA HMR-340SE + 하드랙 패키지,"132,000","132,000"
3092287,마이크로닉스 QUANTA HMR-345N1,"146,890","146,890"
3089595,마이크로닉스 QUANTA HMR-445N1,"131,230","131,230"
90956399,마이크로닉스 QUANTA HMR-445N1-GPU,"121,510","121,510"
3597766,마이크로닉스 QUANTA HMR-445SE,"108,000","108,000"
90956324,마이크로닉스 QUANTA HMR-445SE-GPU,"94,040","94,040"
3088902,마이크로닉스 QUANTA HMR-455N1,"147,880","147,880"
93913109,마이크로닉스 WIZMAX CHILL 세븐팬,"48,550","48,530"
75071627,마이크로닉스 WIZMAX H100 V2,"22,800","22,800"
74545637,마이크로닉스 WIZMAX ML-360,"54,800","54,800"
67690010,마이크로닉스 WIZMAX ML-360 View,"_블랙_43,900|_화이트_55,500",0
67690019,마이크로닉스 WIZMAX ML-360 View,0,"_블랙_43,900|_화이트_55,500"
75657164,마이크로닉스 WIZMAX ML-360 WIDE BTF,"_블랙_87,620|_화이트_88,580","_블랙_87,620|_화이트_88,580"
62791454,마이크로닉스 WIZMAX ML-360 WIDE View BTF,"_블랙_90,490|_화이트_91,860","_블랙_90,490|_화이트_91,860"
90270587,마이크로닉스 WIZMAX ML-360 WIDE View BTF 카잔 에디션,"블랙_94,000","블랙_94,000"
92045816,마이크로닉스 WIZMAX 루프탑,"_블랙_103,460|_화이트_103,540","_블랙_103,440|_화이트_103,540"
99290720,마이크로닉스 WIZMAX 모노크롬,"45,700","45,680"
72224144,마이크로닉스 WIZMAX 문,"블랙_50,820","블랙_50,820"
74809850,마이크로닉스 WIZMAX 문 + MANIC 트윙클 Digital RGB Sync,"트윙클 패키지_59,000","트윙클 패키지_59,000"
72753428,마이크로닉스 WIZMAX 벨라,"42,360","42,360"
56154374,마이크로닉스 WIZMAX 아스트라,"23,140","23,140"
74116568,마이크로닉스 WIZMAX 아트리안,"65,440","65,420"
99053390,마이크로닉스 WIZMAX 에어리안 130,"블랙_39,750","블랙_39,730"
79559438,마이크로닉스 WIZMAX 오닉스,"27,980","27,960"
72224177,마이크로닉스 WIZMAX 오로라,"달고나_25,690|_블랙_22,760|_화이트_25,660","달고나_25,690|_블랙_22,740|_화이트_25,640"
79559156,마이크로닉스 WIZMAX 우드리안 MAX,"85,480","85,460"
100692953,마이크로닉스 WIZMAX 우드리안 MAX 스텔라 블레이드 에디션,"84,280","84,260"
79558676,마이크로닉스 WIZMAX 우드리안 PRO,"54,880","54,860"
91767113,마이크로닉스 WIZMAX 우드리안 ULTRA,"138,200","138,180"
96773051,마이크로닉스 WIZMAX 우퍼 딥톤,"_블랙_33,060|_화이트_36,850","_블랙_33,040|_화이트_36,830"
98074946,마이크로닉스 WIZMAX 파워업 키트,"9,500","9,500"
3571802,마이크로닉스 루키,"22,000","22,000"
8003710,마이크로닉스 루키 II,"11,000","11,000"
10359000,마이크로닉스 오피스,"33,460","33,460"
100192844,몬스타 가츠 X200 오륙도 타이푼,"블랙_44,990","블랙_44,990"
100192799,몬스타 가츠 X225 용두산 스파크,"블랙_43,890","블랙_43,890"
99945662,몬스타 가츠 X30M BTF,"_블랙_34,200|_화이트_36,900","_블랙_34,200|_화이트_36,900"
100193102,몬스타 가츠 X360 해운대 웨이브,"화이트_58,890","화이트_58,890"
99888869,몬스타 가츠 X50A BTF,"_블랙_41,400|_화이트_45,900","_블랙_41,400|_화이트_45,900"
100193135,몬스타 가츠 X520LA 자갈치 타이탄,"블랙_76,490","블랙_76,490"
100193024,몬스타 가츠 X523A 금정산 볼케이노,"블랙_62,990","블랙_62,990"
100193084,몬스타 가츠 X620A 동백 블라썸,"화이트_80,990","화이트_80,990"
100192853,몬스타 가츠 Y226 태종대 썬더,"블랙_56,490","블랙_56,490"
100192727,몬스타 가츠 Y300M 갈매기 소닉,"화이트_43,990","화이트_43,990"
100193057,몬스타 가츠 Y623A 황령산 미스트,"화이트_86,890","화이트_86,890"
100193171,몬스타 가츠 Y724 광안대교 라이트닝,"화이트_89,990","화이트_89,990"
99915929,선경씨앤씨 RPC-6508 G4 AI,"529,990","529,990"
14468801,시소닉 SYNCRO Q704 with DPC-850 PLATINUM,"790,000","790,000"
90157973,싸이번 EDGE CV-R5,"_블랙_39,500|_화이트_42,500","_블랙_39,500|_화이트_42,500"
90157820,싸이번 EDGE CV-Z3 iCafe,"_블랙_37,590|_화이트_40,200","_블랙_37,590|_화이트_40,200"
77015135,싸이번 Edge CV-Z9,"_블랙_119,000|_화이트_117,800","_블랙_119,000|_화이트_117,800"
76943861,싸이번 LIMPID Micro-1,"_블랙_19,950|_화이트_21,760","_블랙_19,950|_화이트_21,760"
77783474,싸이번 LIMPID SC-M5,"_블랙_37,910|_화이트_41,330","_블랙_37,910|_화이트_41,330"
98072684,싸이번 LIMPID SC-M5 PLUS BONITO Edition,"_블랙_61,750|_화이트_64,590","_블랙_61,750|_화이트_64,590"
98072711,싸이번 LIMPID SC-M5 PLUS BONITO Edition,"_블랙_61,750|_화이트_64,590","_블랙_61,750|_화이트_64,590"
90157679,싸이번 LIMPID SC-X7 BTF,"_블랙_72,010|_화이트_75,700","_블랙_72,010|_화이트_75,700"
99732599,싸이번 SD600 도미닉 RGB,"블랙_28,910","블랙_28,910"
48476918,써멀테이크 3.9 LCD 스크린 키트,"133,290",0
99732014,써멀테이크 6.0 LCD 스크린 키트,"125,000","125,000"
97308608,써멀테이크 AX100,"_블랙_253,000|_스노우_253,000","_블랙_253,000|_스노우_253,000"
97308200,써멀테이크 AX700,"_블랙_561,400|_스노우_561,400",0
97308263,써멀테이크 AX700 TG,"_블랙_577,700|_스노우_577,700","_블랙_577,700|_스노우_577,700"
97954748,써멀테이크 View 380 XL TG ARGB,"_그래벌 샌드_189,000|범블비_189,000|블랙_179,000|_스노우_184,000","_그래벌 샌드_189,000|범블비_189,000|블랙_179,000|_스노우_184,000"
98228930,써멀테이크 View 390 Air,"_블랙_198,000|_스노우_198,000|퓨처 더스크_197,990","_블랙_198,000|_스노우_198,000|퓨처 더스크_197,990"
15407204,아이구주 HATCH 1 야인,"_블랙_24,800|_화이트_25,800","_블랙_24,800|_화이트_25,800"
17130326,아이구주 HATCH 2 소이,0,"블랙_62,900"
11113710,아이구주 HATCH 6 플렉스 메쉬 강화유리,"_블랙_37,310|_화이트_39,900",0
11339625,아이구주 HATCH 6 플렉스 메쉬 강화유리,0,"_블랙_37,310|_화이트_39,900"
48479537,아이구주 HATCH DIO,"블랙_30,880","블랙_30,880"
27689909,아이구주 HATCH MIO,"_블랙_36,860|_화이트_37,810","_블랙_36,860|_화이트_37,810"
96772487,아이구주 HATCH S300,"블랙_37,280","블랙_37,280"
98230358,아이구주 HATCH S400 BTF FULL MESH,"_블랙_52,250|_화이트_56,050","_블랙_52,250|_화이트_56,050"
98230433,아이구주 HATCH S600 BTF,"_블랙_56,120|_화이트_63,000","_블랙_56,120|_화이트_60,600"
18147938,아이구주 PRAY 30 PLUS,"화이트_92,950","화이트_92,950"
64375559,아이구주 S-CUBE,"화이트_35,630","화이트_35,630"
16282388,아이구주 V-CUBE,"68,990","68,990"
13517816,아이구주 VENTI C60,"67,620","67,620"
18019721,아이구주 VENTI D1000,"화이트_48,900","화이트_48,900"
79114157,아이구주 VENTI P500,"화이트_40,500","화이트_40,500"
76329197,아이구주 VENTI P5000L,"_블랙_64,600|_화이트_69,350","_블랙_64,600|_화이트_69,350"
98230664,아이구주 VENTI T7000 BTF STEALTH,"84,550","84,550"
96308750,앱코 C10M 컴팩트,"블랙_15,900","블랙_15,900"
28058570,앱코 G15 세이퍼 아크릴,"_블랙_35,000|_화이트_39,900","_블랙_35,000|_화이트_39,900"
31646468,앱코 G20 에픽 강화유리,"_블랙_34,900|_화이트_39,900","_블랙_34,900|_화이트_39,900"
16185371,앱코 G20M 미니킬러,"화이트_69,030","화이트_69,030"
27762230,앱코 G21M 니트,"30,900","47,890"
31986053,앱코 G25 매그넘 강화유리,"_블랙_56,230|_화이트_48,000","_블랙_56,230|_화이트_48,000"
94088714,앱코 G26 메가플로우 MESH,"_블랙_39,900|_화이트_45,900","_블랙_39,900|_화이트_45,900"
94088324,앱코 G26M 메가플로우 미니 MESH,"_블랙_32,800|_화이트_36,300","_블랙_32,800|_화이트_36,300"
16900748,앱코 G40 시그니처,"_블랙_105,470|_화이트_55,500","_블랙_105,470|_화이트_55,500"
99640949,앱코 G50 빅플로우 MESH ARGB BTF,"_블랙_89,000|_화이트_92,000","_블랙_89,000|_화이트_92,000"
14705840,앱코 NCORE G30 트루포스,"_블랙_47,500|_화이트_53,500","_블랙_47,500|_화이트_53,500"
30140324,앱코 NCORE R320 SYNC,"88,600","88,600"
14078096,앱코 NCORE S10M 사일런티 II,"블랙_68,200","블랙_68,200"
12013670,앱코 NCORE 베놈 식스LED 강화유리,"화이트_44,000",0
3992049,앱코 NCORE 볼트론 RX USB3.0 화이트,"42,000","42,000"
8043859,앱코 NCORE 언더바,"21,500","21,500"
11626910,앱코 NCORE 커넬 강화유리,"32,500","32,500"
4033315,앱코 NCORE 픽셀,"32,100","32,100"
31412510,앱코 O10M 오피스 라이트,"_블랙_17,800|_화이트_20,000","_블랙_17,800|_화이트_20,000"
27922328,앱코 O20M 오피스,"_블랙_19,500|_화이트_23,000",0
27922283,앱코 O20M 오피스,0,"_블랙_19,500|_화이트_23,000"
99889706,앱코 O31 태스크,블랙_가격비교예정,블랙_가격비교예정
99889685,앱코 O31M 태스크 미니,블랙_가격비교예정,블랙_가격비교예정
14799467,앱코 PUBG 배틀그라운드 하자드 에디션,"60,500","60,500"
8577818,앱코 SUITMASTER 321X 듀얼리티 강화유리 스펙트럼 Dualight,"_블랙_74,000|_화이트_78,000","_블랙_74,000|_화이트_78,000"
9456939,앱코 SUITMASTER 322S 인테이커 강화유리 스펙트럼 Dualight,"화이트_40,000","화이트_40,000"
5718431,앱코 SUITMASTER 361G 칼리스토 강화유리 DOUBLING,"화이트_89,000","화이트_89,000"
12969350,앱코 SUITMASTER 391T 아르카스 강화유리,"58,470","58,470"
9514584,앱코 SUITMASTER 760S 어트랙션 강화유리 스펙트럼 Duplex,"_블랙_64,240|_화이트_50,000","_블랙_64,240|_화이트_50,000"
12689864,앱코 SUITMASTER AL1000,"레드와인_319,000","레드와인_319,000"
12649013,앱코 SUITMASTER AL300M 강화유리,"_로즈골드_108,990|_미드나잇블루_110,750","_로즈골드_108,990|_미드나잇블루_110,750"
25642133,앱코 SUITMASTER B4000 스토리지 마스터 강화유리,"423,560","423,560"
15894449,앱코 SUITMASTER H2000 스마트 쿨링,"화이트_78,000","화이트_78,000"
29905487,앱코 SUITMASTER M2000 NOVA ARGB 강화유리,"_블랙_123,600|_화이트_74,000","_블랙_123,600|_화이트_74,000"
41495963,앱코 SUITMASTER M3000 뉴본 ARGB 강화유리,"화이트_108,000","화이트_108,000"
73616639,앱코 SUITMASTER MF360 리얼우드,"_블랙_73,900|_화이트_76,900","_블랙_73,900|_화이트_76,900"
15050393,앱코 SUITMASTER P1000 강화유리,"화이트_59,000","화이트_59,000"
10558761,앱코 SUITMASTER TA210 플라즈마 아크릴 LUNAR,"58,470","58,470"
18412478,앱코 SUITMASTER U1000 ONE ARGB,"_블랙_92,000|_화이트_92,000","_블랙_92,000|_화이트_92,000"
21583037,앱코 SUITMASTER U3000 갤러리 ARGB 강화유리,"_블랙_105,000|_화이트_112,000","_블랙_105,000|_화이트_112,000"
34336412,앱코 SUITMASTER U3000M 갤러리 미니 리버스 ARGB BTF,"_블랙_69,900|_화이트_74,000","_블랙_69,900|_화이트_74,000"
16604054,앱코 SUITMASTER V2000 베놈 ARGB,"화이트_56,250","화이트_56,250"
16663688,앱코 SUITMASTER V3000 베놈 ARGB,"_블랙_58,980|_화이트_71,500","_블랙_58,980|_화이트_71,500"
32865761,앱코 U20 큐빅 강화유리,"_블랙_39,000|_화이트_37,500","_블랙_39,000|_화이트_37,500"
56138000,앱코 U20M 큐빅 미니,"_블랙_31,500|_화이트_36,200","_블랙_31,500|_화이트_36,200"
95424719,앱코 U20MP 큐빅 미니+ 디스플레이,"_블랙_39,900|_화이트_45,500","_블랙_39,900|_화이트_45,500"
53783243,앱코 U30 마린,"_블랙_39,900|_화이트_48,000","_블랙_39,900|_화이트_48,000"
94812776,앱코 U30P 마린+ 디스플레이,"_블랙_49,900|_화이트_54,500","_블랙_49,900|_화이트_54,500"
64392029,앱코 U40M 웨일샤크 ARGB BTF,"_블랙_52,500|블랙화이트_58,500|_화이트_58,500","_블랙_52,500|블랙화이트_58,500|_화이트_58,500"
91348970,앱코 UD20M 미니웨일,"_블랙_34,500|_화이트_36,000","_블랙_34,500|_화이트_36,000"
68574686,앱코 UD50 블루웨일 ARGB BTF,"_블랙_67,000|_화이트_68,500","_블랙_67,000|_화이트_68,500"
93320456,앱코 UD50C 루시드 앰비언트 풀커브드 ARGB BTF,"_블랙_139,000|_화이트_138,990","_블랙_139,000|_화이트_138,990"
76160333,앱코 UH40 킬러웨일 ARGB,"_블랙_58,000|_화이트_62,000",0
76160312,앱코 UH40 킬러웨일 ARGB,0,"_블랙_58,000|_화이트_62,000"
24138818,앱코 V30 스퀘어 강화유리,"36,000","36,000"
100693304,엠탑코리아 MTOP MINI USB-C,"40,000","40,000"
9941820,영재컴퓨터 NUDI BRANCH,"_블랙_158,220|_화이트_168,320",0
99837230,이엠텍 레드빗 CRPS 서포트킷,"24,400","24,400"
72300917,이엠텍 레드빗 EFFICMIZER,"396,490","396,490"
98182850,이엠텍 레드빗 MAXIMIZER PRO,"380,710","380,710"
99740273,이엠텍 레드빗 MAXIMIZER PRO + 레일 키트 V2,"436,000","436,000"
17865833,이엠텍 레드빗 OPTIMIZER B TYPE,"303,960","303,960"
96772616,이엠텍 레드빗 OPTIMIZER PRO A,"270,750","270,750"
99740405,이엠텍 레드빗 OPTIMIZER PRO A + 레일 키트 V2,"331,150","331,150"
98612912,이엠텍 레드빗 OPTIMIZER PRO B,"309,700","309,700"
99740531,이엠텍 레드빗 OPTIMIZER PRO B + 레일 키트 V2,"363,850","363,850"
68365325,이엠텍 레드빗 PERFORMIZER,"303,050","303,050"
99740558,이엠텍 레드빗 PERFORMIZER + 레일 키트 V2,"373,000","373,000"
56063507,이엠텍 레드빗 서버 케이스 전용 레일 키트 V2,"55,730","55,730"
6626509,잘만 K1 SPECTRUM RGB 강화유리,"44,990","44,990"
14483120,잘만 M2 mini,"_그레이_170,000|_실버_169,460","_그레이_170,000|_실버_169,450"
28418435,잘만 M4,"화이트_63,480","화이트_63,470"
69058058,잘만 N10,"_블랙_23,680|_화이트_25,420","_블랙_23,660|_화이트_25,400"
14916101,잘만 N3 FM 강화유리,"_블랙_35,500|_화이트_39,000","_블랙_35,490|_화이트_38,990"
96580280,잘만 N30 백사십,"_블랙_38,600|_화이트_41,260","_블랙_38,580|_화이트_41,240"
96580325,잘만 N30 백사십 PLUS,"_블랙_40,860|_화이트_46,580","_블랙_40,840|_화이트_46,560"
17234591,잘만 N4 CTRL,"42,700","42,690"
99556778,잘만 N6 백사십,"_블랙_37,460|_화이트_42,170","_블랙_37,440|_화이트_42,150"
20136923,잘만 N7,"블랙_43,000","블랙_43,000"
91765937,잘만 N7 Plus V2,"블랙_40,820","블랙_40,800"
35224325,잘만 P10,"_블랙_52,080|_화이트_55,980","_블랙_52,060|_화이트_55,960"
78100139,잘만 P10 NAMU,"_블랙_72,220|_화이트_74,960",0
78100109,잘만 P10 NAMU,0,"_블랙_72,200|_화이트_74,950"
53522486,잘만 P30,"블랙_88,590|_블랙화이트_96,330|_화이트_91,930","_블랙_88,570|_블랙화이트_96,300|화이트_91,900"
35225579,잘만 P30 Air BTF,"_블랙_92,480|_화이트_90,760","_블랙_92,460|_화이트_90,730"
90156788,잘만 P40 DS,"_블랙_158,420|_화이트_166,000","_블랙_158,400|_화이트_165,980"
92234435,잘만 P40 NAMU,"_블랙_109,650|_화이트_114,970","_블랙_109,640|_화이트_114,940"
71217980,잘만 P40 PRISM,"_블랙_110,930|_화이트_116,600","_블랙_110,920|_화이트_116,580"
54328352,잘만 P50 DS,"_블랙_131,870|_화이트_137,560","_블랙_131,840|_화이트_137,540"
98231528,잘만 P60,"_블랙_128,380|_화이트_133,990","_블랙_128,360|_화이트_133,970"
6683047,잘만 S2 풀 아크릴,"38,050","38,030"
19814957,잘만 T3 PLUS,"27,420","27,400"
72755741,잘만 T4 PLUS,"_블랙_32,380|_화이트_34,010","_블랙_32,360|_화이트_33,990"
7689277,잘만 T6,"27,960","27,950"
13392233,잘만 T8,"28,980","28,970"
13289675,잘만 Z-Machine 500,"701,050","701,050"
17185946,잘만 Z10,"83,520","83,510"
64270742,잘만 Z10 DS,"블랙_218,250","블랙_218,220"
17192525,잘만 Z10 DUO,"_블랙_115,560|_화이트_128,200","_블랙_115,550|_화이트_128,180"
17192498,잘만 Z10 PLUS,"_블랙_89,700|_화이트_97,780","_블랙_89,690|_화이트_97,770"
14230871,잘만 Z9 아이스버그,"_블랙_184,370|_화이트_99,000","_블랙_184,370|_화이트_99,000"
27678524,잘만 Z9 아이스버그 MS,"_블랙_122,550|_화이트_130,630","_블랙_122,540|_화이트_130,620"
14482634,잘만 ZM-RCG422 PCIe 4.0 x16 라이저 케이블,"73,960","73,950"
20516348,잘만 i3 NEO,"_블랙_49,000|_화이트_55,500","_블랙_49,000|_화이트_55,480"
20229998,잘만 i3 NEO TG,"_블랙_66,260|_화이트_71,580","_블랙_66,240|_화이트_71,560"
28418531,잘만 i4,"_블랙_54,810|_화이트_60,580","_블랙_54,770|_화이트_60,560"
20136848,잘만 i6,"_블랙_67,500|_화이트_73,950","_블랙_67,480|_화이트_73,930"
100328753,잘만 i8 백사십 터보,"_블랙_57,130|_화이트_61,930","_블랙_57,100|_화이트_61,900"
100328762,잘만 i8 백사십 터보,"_블랙_57,130|_화이트_61,930",0
54101180,주연테크 MARINE D3,"_블랙_42,900|_화이트_59,900","_블랙_42,900|_화이트_59,900"
51395597,주연테크 굿워크 D1,"_블랙_29,640|_화이트_30,770","_블랙_29,640|_화이트_30,770"
59761130,주연테크 굿워크 D2,"39,900","39,900"
51366674,주연테크 메쉬박스,"화이트_81,900","화이트_81,900"
51386318,주연테크 카운터 D4,"_블랙_41,900|_화이트_39,900","_블랙_41,900|_화이트_39,900"
91493210,주연테크 카운터 D6,"_블랙_75,000|_화이트_78,000",0
79401749,컴이지 킹덤 박스 미니,"_블랙_13,000|_화이트_13,800","_블랙_13,000|_화이트_13,800"
69467414,컴이지 킹덤 비바리움 나노,"_블랙_18,630|_화이트_21,490","_블랙_18,630|_화이트_21,490"
99556364,컴이지 킹덤 비바리움 맥스,"_블랙_34,730|_화이트_39,190","_블랙_34,730|_화이트_39,190"
47489189,컴이지 킹덤 비바리움 미니,"_블랙_29,870|_화이트_33,490","_블랙_29,870|_화이트_33,490"
13270586,컴이지 킹덤 코디101 V2,0,"_블랙_32,980|_화이트_36,940"
8869058,쿨러마스터 COSMOS C700P 강화유리 BLACK EDITION,"502,550","502,550"
14976353,쿨러마스터 ELITE 500 강화유리,"블랙_77,990","블랙_77,990"
96775775,쿨러마스터 ELITE 600 SEVEN ARGB,"_블랙_145,080|_화이트_152,490","_블랙_145,080|_화이트_152,490"
16121369,쿨러마스터 HAF 500,"_블랙_118,960|_화이트_125,390","_블랙_118,960|_화이트_125,390"
34810400,쿨러마스터 HAF 700,"화이트_479,990","화이트_479,990"
2585051,쿨러마스터 HAF STACKER 935 상단커버,"24,980","24,980"
2585065,쿨러마스터 HAF STACKER 935 하단 레일,"19,990","19,990"
28059506,쿨러마스터 MASTER BOX TD500 Mesh V2 Street Fighter 6 Chun-Li,"93,210","93,210"
28059635,쿨러마스터 MASTER BOX TD500 Mesh V2 Street Fighter 6 Ryu,"95,320","95,320"
51549635,쿨러마스터 MASTERBOX 600 BTF,"_블랙_138,000|_화이트_133,520","_블랙_138,000|_화이트_133,520"
101079269,쿨러마스터 MASTERFRAME 400 MESH,"_블랙_196,650|_실버_196,650","_블랙_196,650|_실버_196,650"
100695728,쿨러마스터 MASTERFRAME PANEL NETURAL,"_블랙_78,500|_실버_78,500","_블랙_78,500|_실버_78,500"
100695740,쿨러마스터 MASTERFRAME PANEL STONE,"_블랙_78,490|_실버_78,490","_블랙_78,490|_실버_78,490"
27526658,쿨러마스터 MasterAccessory GEM,"_블랙_40,290|_화이트_40,290","_블랙_40,290|_화이트_40,290"
15511673,쿨러마스터 MasterAccessory Riser Cable PCIe4.0 x16,"_200mm_91,990|_300mm_96,990","_200mm_91,990|_300mm_96,990"
16177940,쿨러마스터 MasterBox 500,"블랙_63,600","블랙_63,600"
14298059,쿨러마스터 MasterBox 540,"97,370","97,370"
11096313,쿨러마스터 MasterBox MB311L ARGB,"54,060","54,060"
11096421,쿨러마스터 MasterBox MB320L ARGB,"56,990","56,990"
12454685,쿨러마스터 MasterBox NR200P,"화이트_85,610","화이트_85,610"
15690299,쿨러마스터 MasterBox NR200P MAX,"534,990","534,990"
6024625,쿨러마스터 MasterBox Q300P 풀 아크릴,"116,540","116,540"
16178309,쿨러마스터 MasterBox TD300 Mesh,"_블랙_61,820|_화이트_65,510","_블랙_61,820|_화이트_65,510"
19389065,쿨러마스터 MasterBox TD500 Mesh V2,"화이트_89,400","화이트_89,400"
4398158,쿨러마스터 MasterCase Glass Side Panel,"58,990","58,990"
80548145,쿨러마스터 MasterFrame 600,"_블랙_375,240|_실버_380,000","_블랙_375,240|_실버_380,000"
95845229,쿨러마스터 MasterFrame 600 MESH ARGB,"_블랙_300,740|_실버_300,750","_블랙_300,740|_실버_300,750"
13848668,쿨러마스터 MasterFrame 700,"273,000","273,000"
95845592,쿨러마스터 Masterframe 500 MESH ARGB,"_블랙_257,120|_실버_262,630",0
95845601,쿨러마스터 Masterframe 500 MESH ARGB,0,"_블랙_257,120|_실버_262,630"
95845367,쿨러마스터 Masterframe 500 MESH NON ARGB,"_블랙_233,270|_실버_238,270","_블랙_233,270|_실버_238,270"
74012729,쿨러마스터 NCORE 100 AIR,"_블랙_268,840|_화이트_279,290","_블랙_268,840|_화이트_279,290"
14751392,쿨러마스터 NR200P,"_민트_97,280|_핑크_92,550","_민트_97,280|_핑크_92,550"
96368795,쿨러마스터 NR200P V3,"블랙_154,610","블랙_154,610"
32127659,쿨러마스터 Ncore 100 MAX,"_다크 그레이_545,690|_브론즈_545,690","_다크 그레이_545,690|_브론즈_545,690"
101079215,쿨러마스터 QUBE 540,"_문스톤_93,900|_스타더스트 아이언_93,900","_문스톤_94,240|_스타더스트 아이언_94,240"
11719853,쿨러마스터 RISER CABLE PCI-E 3.0 x16 Ver.2,"_200mm_46,000|_300mm_34,990","_200mm_46,000|_300mm_34,990"
9341127,쿨러마스터 Rotatable Graphics Card Bracket,"37,980","37,980"
67513115,쿨러마스터 SHARK X,"_화이트_5,469,990|_블랙_5,242,040","_화이트_5,469,990|_블랙_5,242,040"
52370321,쿨러마스터 SNEAKER X,"1,449,990","1,449,990"
1359127,쿨러마스터 USB 3.0 Adapter 대양케이스,"18,990","18,990"
11610125,쿨러마스터 Universal Vertical GPU Holder Kit Ver.2,"36,980","36,980"
19448786,쿨러마스터 Vertical Graphics Card Holder Kit V3,0,"화이트_141,270"
97779320,투민시스템 TA200 AIR1 RGB 강화유리,"_블랙_28,880|_화이트_31,380","_블랙_28,880|_화이트_31,380"
98780468,투민시스템 TM200 AIR1 RGB 강화유리,"_블랙_26,780|_화이트_29,480","_블랙_26,780|_화이트_29,480"
98780594,투민시스템 TM40,"_블랙_12,880|_화이트_14,480","_블랙_12,880|_화이트_14,480"
