Id,Name,2021-06-01 11:56:57,2021-06-02 11:59:20,2021-06-03 11:34:22
11845294,3RSYS APB BAR,"8,560","8,550","8,550"
9637392,3RSYS APB BAR 35,"13,500","13,500","13,500"
12329015,3RSYS FX FAN 120 RGB,"5,440","5,440","5,440"
12329045,3RSYS FX FAN 140 RGB,"7,450","7,450","7,450"
6560889,3RSYS ICEAGE G3 380 그래픽카드 지지대,"18,700","18,600","18,580"
6560905,3RSYS ICEAGE G3 460 그래픽카드 지지대,"18,980","18,960","18,930"
7798183,3RSYS ICEAGE G4 그래픽카드 지지대,"11,500","11,500","11,500"
13067462,3RSYS ICEAGE G5 이정표 그래픽카드 지지대,"9,370","9,370","9,370"
10114134,3RSYS LX FAN 2 RGB,"6,540","6,540","6,540"
7716196,3RSYS LX FAN RGB,"5,380","5,290","5,380"
9775374,3RSYS MOON FAN 2 200 RGB,"15,000","15,000","15,000"
11813794,3RSYS PF-12025,"11,000","11,000","11,000"
12820946,3RSYS PH-12025 ARGB,"12,340","12,340","12,330"
12835391,3RSYS RC310 RGB + RTC-6.5,"24,080","24,080","24,080"
1169265,3RSYS Raptor-N20,"8,500","8,500","8,500"
14181770,3RSYS SCV2000,"7,480","7,480","7,480"
12806516,3RSYS Socoool AMD 세이프티 브라켓,0,"3,000","3,000"
10348740,3RSYS Socoool CT 240 RGB,"48,690","48,690","48,690"
10348779,3RSYS Socoool CT 360 RGB,"68,310","68,310","68,310"
11845195,3RSYS Socoool CX120 ARGB,"7,480","7,480","7,480"
11814874,3RSYS Socoool DIA 240 ARGB,"80,000","80,000","80,000"
11814880,3RSYS Socoool DIA 360 ARGB,"92,600","92,600","92,600"
11823259,3RSYS Socoool INT 240 RGB,"67,250","67,250","67,250"
11823313,3RSYS Socoool INT 360 RGB,"81,580","82,000","81,580"
11813689,3RSYS Socoool RC 1000,"98,000","98,000","98,000"
8180158,3RSYS Socoool RC100 RGB,"14,170","14,170","14,170"
8702816,3RSYS Socoool RC120,"9,000","9,000","9,000"
11823121,3RSYS Socoool RC200 RGB,"18,800",0,0
11823145,3RSYS Socoool RC200 RGB,0,"18,800","18,800"
8180278,3RSYS Socoool RC300 RGB,"20,500","20,500","20,500"
11911663,3RSYS Socoool RC310 RGB,"20,500","20,500","20,500"
12472358,3RSYS Socoool RC310 SE,"26,200","26,200","26,200"
12398060,3RSYS Socoool RC400,"29,400","29,000","29,000"
12808946,3RSYS Socoool RC410 ARGB,"33,500","33,000","33,000"
9646389,3RSYS Socoool RC50,"3,800","3,800","3,800"
8180395,3RSYS Socoool RC500 RGB,"27,790","27,790","27,790"
11911693,3RSYS Socoool RC510 RGB,"28,700","28,700","28,700"
12307769,3RSYS Socoool RC550 RGB,"29,900","29,900","29,900"
12432989,3RSYS Socoool RC700 ARGB,"75,260","75,260","75,260"
9646506,3RSYS Socoool RC80 RGB,"5,290","5,290","5,290"
14181167,3RSYS Socoool RC90 RGB,"11,760","11,760","11,760"
10403325,3RSYS Socoool RTC-6.5,"4,220","4,220","4,220"
14134058,3RSYS Z10,"30,000","30,000","30,000"
14134112,3RSYS Z20,"18,720","18,720","18,720"
10963086,3RSYS 빙하7 M.2 SSD 방열판,"7,900","7,900",0
11071722,3RSYS 빙하7 M.2 SSD 방열판,0,0,"7,900"
13410929,ABKO NCORE CL120 AUTO RGB,"26,000","26,000","26,000"
13359080,ABKO NCORE L240 RGB,"57,000","57,000","57,000"
13359128,ABKO NCORE L360 RGB,"79,000","79,000","79,000"
4279631,ABKO SUITMASTER 120F RGB,"9,500","9,500","9,500"
10486944,ABKO SUITMASTER A240 쿨링박스 SPECTRUM,"24,000","24,000","24,000"
6691624,ABKO SUITMASTER CORONA 120F RGB SPECTRUM,"13,000","13,000","13,000"
9603090,ABKO SUITMASTER DUALIGHT 120F RGB SPECTRUM,"15,000","15,000","15,000"
4726014,ABKO SUITMASTER HALO 120F,0,"199,990","199,990"
4626755,ABKO SUITMASTER HALO 120F RGB,"8,800","8,800","8,800"
5325172,ABKO SUITMASTER HALO 120F RGB SPECTRUM,"8,800","8,800","8,800"
5325190,ABKO SUITMASTER HALO 120F RGB SPECTRUM KIT,"24,000","24,000","24,000"
8801798,ABKO SUITMASTER HALO 120F RGB SPECTRUM SL,"10,500","10,500","10,500"
6216832,ABKO SUITMASTER HALO 140F RGB,"9,300","9,300","9,300"
6216870,ABKO SUITMASTER HALO 140F RGB REMOTE KIT,"24,000","24,000","24,000"
5173726,ABKO SUITMASTER HALO DOUBLING 120F,"8,800","8,800","8,800"
5173793,ABKO SUITMASTER HALO DOUBLING 120F RGB,"10,500","10,500","10,500"
5173869,ABKO SUITMASTER HALO DOUBLING 120F RGB REMOTE KIT,"22,500","22,500","22,500"
6226961,ABKO SUITMASTER HALO LAYER 120F AUTO RGB SPECTRUM,"12,000","12,000","12,000"
7196305,ABKO SUITMASTER HALO LAYER 120F RGB SPECTRUM,"14,240","14,240","14,240"
6221239,ABKO SUITMASTER HALO LAYER 120F WHITE LED,"7,700","7,700","7,700"
11627540,ABKO SUITMASTER M.2 SSD 방열판 AUTO RGB,"11,000","11,000","11,000"
11064966,ABKO SUITMASTER M1 LED PSU 커버,"15,470","15,470","15,470"
11064924,ABKO SUITMASTER M1 LED 그래픽카드 지지대,"16,000","16,000","16,000"
13947380,ABKO SUITMASTER MH-1 ARGB 메모리 방열판,"21,900","21,900","21,900"
6308622,ABKO SUITMASTER SPIDER 120F RGB SPECTRUM,"14,500","14,500","14,500"
6308632,ABKO SUITMASTER SPIDER 120F RGB SPECTRUM REMOTE KIT,"29,140","29,140","29,140"
8028751,ABKO SUITMASTER VSP1 그래픽카드 지지대,"9,900","9,900","9,900"
11321043,ABKO SUITMASTER 자이로스 H202,"39,500","39,500","39,500"
11789734,ABKO SUITMASTER 자이로스 P201 AUTO RGB,"28,000","28,000","28,000"
11823913,ABKO SUITMASTER 자이로스 T201 RGB,"22,000","22,000","22,000"
11823937,ABKO SUITMASTER 자이로스 T211 RGB,"28,500","28,500","28,500"
9828390,ABKO SUITMASTER 자이로스 X201 RGB,"19,900","19,900","19,900"
9828411,ABKO SUITMASTER 자이로스 X211 RGB,"27,500","27,500","27,500"
12761606,ABKO SUITMASTER 크레용 120F WHITE LED,"10,000","10,000","10,000"
13050668,ABKO SUITMASTER 크리스탈 M.2 SSD 방열판 AUTO RGB,"9,900","9,900","9,900"
10503492,ABKO SUITMASTER 크리스탈 RGB SPECTRUM,"9,690","9,690","9,690"
12649094,ABKO SUITMASTER 크리스탈 크롬,"16,900","16,900","16,900"
11766620,ACASIS M.2 SSD 방열판,"15,340","15,240","15,770"
10887597,ADATA XPG LEVANTE 240 RGB,"169,660","169,660","169,660"
13557914,ADATA XPG VENTO 120,"9,670","9,670","9,670"
13266947,ADATA XPG VENTO 120 ARGB,"19,480","19,480","19,470"
11223474,AEROCOOL Astro 12F PWM,"14,900","14,900","14,900"
10145457,AEROCOOL Baraf-S,"3,600","3,600","3,600"
9492396,AEROCOOL Cylon 4,"27,200","27,200","27,200"
10117518,AEROCOOL Cylon 4F,"32,700","32,700","32,700"
6563652,ALSEYE AS-T9 MONSTER,"2,900","2,900",0
6563635,ALSEYE D-Ringer LIGHTING 레인보우,"5,810","5,810","5,810"
11427756,ALSEYE D-Ringer PWM RGB SYNC KIT,"24,900","24,900","24,900"
8922236,ALSEYE EL120D RGB,"33,000","33,000","33,000"
6936526,ALSEYE HALO H240,"71,990",0,0
10423050,ALSEYE HALO H280,"68,650","68,650","68,610"
11028897,ALSEYE Halo 3.0 H14 PWM,"7,820","7,820","7,820"
7623319,ALSEYE Halo 3.0 PWM,"5,410","5,410","5,410"
13132283,ALSEYE M120 SE AUTO RGB,"19,890","19,890","19,890"
12378623,ALSEYE MAX M120 ARGB,"29,440","29,330","29,400"
10480068,ALSEYE MAX M120-P KIT 블랙,"28,910","28,820","28,900"
10480116,ALSEYE MAX M120-P KIT 투명,"28,910","28,800","28,880"
10479960,ALSEYE MAX M120-PA,"7,620","7,620","7,590"
10479720,ALSEYE MAX M120-PW,"6,660","6,660","6,600"
12378674,ALSEYE MAX M120D ARGB,"33,900","36,980","36,980"
9631878,ALSEYE T9+,"8,500",0,0
13291733,ALSEYE T9+ Platinum,"8,460","8,460","8,460"
11233335,ALSEYE T9+ Platinum Kit,"15,430","15,380","15,380"
6293080,ALSEYE WIND-DR Plus 화이트 LED,"24,680","24,610","24,610"
13019285,AMD Wraith Prism,"18,530","18,200","18,030"
10854153,AMD Wraith Stealth 정품,"1,700","1,700","1,700"
10348449,ANIX AXcP-COOLMOON,"10,410","10,410","10,410"
7375900,ANIX HYPER AXF120,0,"4,700","4,700"
6445771,AONE DOUBLERING FAN 120,"5,300",0,0
6445779,AONE DOUBLERING FAN 120,0,"5,300","5,880"
6445807,AONE RGB RING FAN 120,"4,400","4,400","4,400"
5838073,AONE STORM 120-4P 120mm,"1,970","1,970","1,970"
6036616,AONE STORM 80-3P 80mm,"1,400","1,400","1,400"
6523164,AONE STORM 80-4P 80mm,"1,400","1,400","1,400"
8175577,AONE STORM ARGB DOUBLERING 120,"6,900","6,900","6,900"
12918650,AONE STORM ARGB DOUBLERING 140,"9,000","9,000","9,000"
12969878,AONE STORM ARGB DOUBLERING 140 화이트 KIT,"19,000","19,000","19,000"
11107806,AONE STORM AUTO RGB DOUBLERING 120,"5,500","5,500","5,500"
1320772,APACK ZEROtherm 쿨맥스 4000,"35,000","35,000","35,000"
9256860,ARCTIC ALPINE 12 PASSIVE,"17,000","17,000","17,000"
2556921,ARCTIC Accelero Twin Turbo III,"89,580","89,580","89,580"
7145716,ARCTIC Alpine 12,"14,500","14,500","14,500"
1885310,ARCTIC Alpine 64GT Rev.2,"11,490","11,490","11,490"
3470702,ARCTIC Alpine M1,"13,490","13,500","13,500"
6573412,ARCTIC BioniX F120,"22,500","22,500","22,500"
6997870,ARCTIC BioniX P120,"23,460","23,220","23,130"
7087321,ARCTIC BioniX P140,"26,830","26,740","27,470"
1441393,ARCTIC F12,"12,490","12,490","12,490"
6573489,ARCTIC F12 PWM PST,"13,800","13,800",0
14117156,ARCTIC F12 PWM PST,0,0,"11,390"
14364893,ARCTIC F12 PWM PST 피씨디렉트,0,0,"13,700"
13437044,ARCTIC F12 SILENT,"12,500","12,500","12,500"
4412496,ARCTIC F14 PWM PST CO,"17,800","17,780","17,780"
5179222,ARCTIC F14 SILENT,"15,800","15,800","15,800"
13572395,ARCTIC F8 PWM PST CO,"13,790","13,760","13,650"
14362868,ARCTIC FREEZER 50,0,0,"127,870"
10030926,ARCTIC FREEZER 50 TR,"112,820","112,820","112,820"
10060698,ARCTIC Freezer 34 eSports DUO,"69,660","69,660","69,630"
3555002,ARCTIC Liquid Freezer 240,"148,830","149,770","148,820"
4704683,ARCTIC Liquid Freezer 360,"203,030","202,850","199,810"
13734242,ARCTIC Liquid Freezer II 240,"128,390","128,160","128,840"
13734311,ARCTIC Liquid Freezer II 280,"138,150","137,970","138,850"
13695359,ARCTIC Liquid Freezer II 360,"158,020","157,900","156,390"
13695482,ARCTIC Liquid Freezer II 420,"198,330","198,990","198,760"
1283442,ARCTIC MX-4,"8,350","8,330","8,310"
6921745,ARCTIC MX-4 2019 Edition,"8,300","8,240","8,170"
5557492,ARCTIC MX-4 병행수입,"5,890","5,890","5,890"
14135426,ARCTIC MX-5 with Spatula,"7,850","7,980","7,800"
14362463,ARCTIC MX-5 with Spatula 피씨디렉트,0,0,"11,990"
14135462,ARCTIC MX-5 without Spatula,"38,000","38,000","37,800"
14135459,ARCTIC MX-5 without Spatula,"38,000","38,000","37,800"
14362487,ARCTIC MX-5 without Spatula 피씨디렉트,0,0,"36,810"
6959008,ARCTIC P12 PWM,"13,520","13,470","13,400"
9547587,ARCTIC P12 PWM PST,"14,300","14,300","14,200"
14134970,ARCTIC P12 PWM PST ARGB,"30,000","30,000","30,000"
7374592,ARCTIC P12 PWM PST VALUE PACK,"53,990","53,880","53,610"
6980560,ARCTIC P12 SILENT,"12,500","12,500","12,500"
8109898,ARCTIC P14 PWM,"16,900",0,0
9547635,ARCTIC P14 PWM PST,"15,190","15,190","15,190"
8109991,ARCTIC P14 PWM PST VALUE PACK,"78,500","78,500","78,500"
1307915,ARCTIC RC PRO,"14,500","14,500","14,500"
3356640,ARCTIC Thermal pad 145x145mm,"19,910","19,820","19,710"
13736333,ASRock ARGB Strip 에즈윈,"21,400","21,400","21,400"
13740815,ASRock DeskMini USB Hub 에즈윈,"12,590","12,590","12,590"
7339126,ASUS ROG RYUJIN 240,"318,240","318,240","318,240"
7339171,ASUS ROG RYUJIN 360,"418,000","418,000","418,000"
7339219,ASUS ROG RYUO 120,"231,960","231,960","231,960"
7339228,ASUS ROG RYUO 240,"284,990","284,990","284,990"
7946695,ASUS ROG STRIX LC 120,"180,470","180,470","180,470"
9702603,ASUS ROG STRIX LC 120 RGB,"210,990","210,990","210,990"
7946788,ASUS ROG STRIX LC 240,"219,450","219,450","219,450"
9702645,ASUS ROG STRIX LC 240 RGB,"265,990","265,990","265,990"
12596174,ASUS ROG STRIX LC 240 RGB WHITE,"270,990","270,990","270,990"
9614955,ASUS ROG STRIX LC 360,"307,000","307,000","307,000"
9614961,ASUS ROG STRIX LC 360 RGB,"329,000","329,000","329,000"
12596234,ASUS ROG STRIX LC 360 RGB WHITE,"339,190","339,190","339,190"
13843349,ASUS ROG STRIX LC II 280 ARGB,"288,900","288,900","288,900"
14163866,ASUS ROG STRIX XF 120,"34,300","34,300","34,300"
4603181,ASUS Royal Knight White,"28,310","28,310","28,310"
5093966,ASUS Royal Knight White for 라이젠,"28,190","28,190","28,310"
13073786,ASUS TUF Gaming LC 120 RGB,"154,000","154,000","154,000"
13073834,ASUS TUF Gaming LC 240 RGB,"177,000","177,000","177,000"
10545435,AVC DBTD1551B8U,"26,730","26,730","26,730"
13537355,AddA AD0812HB-A76GL,0,"5,750","5,830"
2511307,AiOLOS 써멀 테이프 10x10mm,"1,030","1,030","1,030"
4081787,AiOLOS 써멀 테이프 13x13mm,"1,600","1,600","1,600"
4081861,AiOLOS 써멀 테이프 19x19mm,"1,720","1,720","1,720"
4082253,AiOLOS 써멀 테이프 23x23mm,"13,510","13,510","13,510"
4081927,AiOLOS 써멀 테이프 26x26mm,"1,700","1,700","1,700"
4082271,AiOLOS 써멀 테이프 28x28mm,"15,130","15,040","15,630"
2744273,AiOLOS 써멀 패드 100x200,"11,250","11,160","11,070"
2560596,AiOLOS 써멀 패드 150x100mm,"9,580","9,490","9,380"
2560598,AiOLOS 써멀 패드 200x150mm,"16,100","16,100","15,990"
2560599,AiOLOS 써멀 패드 300x200mm,"24,850","24,400","29,670"
7491625,Antec A400 RGB,"49,080","49,080","49,080"
5623597,Antec C40 BLUE LED,"33,170","33,170","33,170"
7321264,Antec C400 Glacial,"46,990","46,990","46,990"
8367249,Antec Kuhler H2O K240 RGB,"109,000","108,780","108,780"
10701780,Antec NEPTUNE 120 ARGB,"92,690","92,690","92,690"
10701795,Antec NEPTUNE 240 ARGB,"127,000","127,000","127,000"
9222699,Antec SPARK 120 RGB,"12,930","12,930","12,930"
13006916,BRAVOTEC M4 마블 블랙팬서,"29,500","29,500","29,400"
13006964,BRAVOTEC M4 마블 스파이더맨,"29,500","29,500","29,400"
13006982,BRAVOTEC M4 마블 아이언맨,"29,500","29,500","29,400"
13007003,BRAVOTEC M4 마블 캡틴아메리카,"29,500","29,500","29,400"
13007036,BRAVOTEC M4 마블 타노스,"29,500","29,500","29,400"
13502168,BRAVOTEC 스톤마일 NEO,"12,810","12,900",0
13502156,BRAVOTEC 스톤마일 NEO,0,0,"12,800"
13502060,BRAVOTEC 스톤마일 NEO ARGB,"12,810","12,900","12,800"
13058999,BT382 메모리 방열판,"1,530","1,470","1,560"
14051861,BYKSKI B-FRD3090H-RBW (해외구매),"260,200",0,0
14052206,BYKSKI B-FT4-TK-V2 (해외구매),"17,360","17,360",0
14052092,BYKSKI B-VGA-SC-FX (해외구매),"81,900","81,900",0
6914158,COOLERTEC AAVID-1450222-2P,"2,500","2,500","2,500"
3441589,COOLERTEC AD0612LB-D70GL-2P,"4,690","4,690","4,690"
5304008,COOLERTEC ALPHA 1000 WHITE,"13,000","13,000","13,000"
2395207,COOLERTEC ALPHA 775P-Slim(PWM),"7,250","7,250","7,250"
5303937,COOLERTEC ALPHA 900 BLUE,"12,810","12,810","12,810"
3662334,COOLERTEC ALPHA-200-BLUE (LED),"11,610","11,610","11,610"
6106126,COOLERTEC ALPHA-300 Orange,"12,890","12,890",0
2691109,COOLERTEC ALPHA-775PL-CU,"4,750","4,750","4,750"
4547389,COOLERTEC ALPHA-800 BLUE-CU,"12,900","12,900","12,900"
11872450,COOLERTEC AM4 CPU GUIDE,"2,410","2,410","2,410"
7172737,COOLERTEC AMD-AM4 RYZEN-AL,"2,000","2,000","2,000"
6913924,COOLERTEC AVC-DS09225R12H-4P,"7,000","7,000","7,000"
3958740,COOLERTEC BB12015DFX-F,"7,000","7,000","7,000"
2121513,COOLERTEC BETA-20-Yellow,"5,450","5,450","5,450"
4783467,COOLERTEC BETA-30 BLUE (PLUS),"6,100","6,100",0
11651801,COOLERTEC BETA-30 BLUE-A,"6,000","6,000","6,000"
2121538,COOLERTEC BETA-30-Blue,"6,000",0,0
2121546,COOLERTEC BETA-40-Blue,"5,300","5,300","5,300"
2198482,COOLERTEC BETA-50-BLUE,"5,250","5,250","5,250"
6380481,COOLERTEC BLOWER FAN-909530,"5,810","5,810","5,810"
1008572,COOLERTEC BlueWhite BW4010DFS-T(3P/4P) Silent,"4,700","4,700","4,700"
3512056,COOLERTEC CA9535FPX-4P,"5,800",0,0
13785452,COOLERTEC CF-9025UX 사일런트 유체,"2,520","2,520","2,520"
1199863,COOLERTEC CF-9835 Silent,"1,200",0,0
5020854,COOLERTEC CHSK-0610 (LGA-2011),"18,620","18,620","18,620"
7986847,COOLERTEC CL-20030DBX-3P/4P,"17,060","17,060",0
5568994,COOLERTEC CL12025DX-3P/4P,"7,000",0,0
5568952,COOLERTEC CL20020DX-3P/4P,"12,240","12,230","12,220"
5304076,COOLERTEC CT 2011 1U V3,"36,460","36,450","36,420"
5304094,COOLERTEC CT 2011 2U V3,"41,850","41,850","41,850"
1660099,COOLERTEC CT-10015L12BA-3P,"9,300","9,300","9,300"
3241854,COOLERTEC CT-10025L12BA-3P,"9,300","9,300","9,300"
4783959,COOLERTEC CT-12025 SHOW (15)-4P,"2,410","2,410","2,410"
4783986,COOLERTEC CT-12025 SHOW (32)-4P,"2,620","2,620","2,620"
2342160,COOLERTEC CT-12025-4P,"2,700","2,700","2,700"
5168735,COOLERTEC CT-12025L12R-2P,"4,700",0,0
3538732,COOLERTEC CT-12025L12RA-3P/4P,0,0,"4,700"
5614234,COOLERTEC CT-12025L12RF-4P,"7,000","7,000","7,000"
6298054,COOLERTEC CT-12025M12RA-3P4P,"5,800",0,0
5796281,COOLERTEC CT-12025SH12DBA-3P,"12,980","12,980","12,980"
6298136,COOLERTEC CT-12025VSH12DBA-3P,"14,000","14,000","14,000"
853905,COOLERTEC CT-12038L12DBA-3P 2볼 고풍량,"8,210",0,0
5796343,COOLERTEC CT-12038SH12DBA-3P,"18,970","18,970","18,970"
5796314,COOLERTEC CT-12038VH12DBA-3P,"15,000","15,000","15,000"
2753706,COOLERTEC CT-14025H12DBA-3P,"11,510","11,480","11,460"
5614242,COOLERTEC CT-14025L12RF-4P,"8,280","8,280","8,280"
5892243,COOLERTEC CT-14038SH12DBA-3P,"26,000","26,000","26,000"
2198501,COOLERTEC CT-250 Gray,0,0,"1,770"
2554352,COOLERTEC CT-3010L05B-2P,"4,700",0,0
1884321,COOLERTEC CT-3010L12BA-3P,0,0,"4,700"
468925,COOLERTEC CT-3P-R 저항,580,580,580
3860156,COOLERTEC CT-4010L12R-2P,"2,010","2,010",0
5357241,COOLERTEC CT-4015L12BA-3P(B),"4,780",0,0
2121634,COOLERTEC CT-4020H12B-2P,"5,900","5,900","5,900"
5796023,COOLERTEC CT-4020L12R-2P,"4,700","4,700","4,700"
9571359,COOLERTEC CT-4020L12RA-3P,"3,700","3,700","3,700"
1660112,COOLERTEC CT-4028M12DBA-3P,"6,860","6,860","6,860"
5020897,COOLERTEC CT-478 PLUS,"9,300","9,300","9,300"
3662349,COOLERTEC CT-478-1U-PASSIVE (PLUS),"33,160","33,720","35,660"
1884378,COOLERTEC CT-5010L12BA-3P,"2,950",0,0
4823186,COOLERTEC CT-6010L12R-4P,"2,400",0,0
4163056,COOLERTEC CT-6015 BLUE-USB (M),"3,500","3,500","3,500"
3538603,COOLERTEC CT-6015L12RA-3P,0,0,"2,400"
3538653,COOLERTEC CT-6025L12R-4P,"2,400","2,400","2,400"
6146760,COOLERTEC CT-6025M12BA-3P,"4,980","4,960",0
5168644,COOLERTEC CT-7010H12BF-4P (PWM),"5,510","5,510","5,510"
853897,COOLERTEC CT-7015L05B-2P 볼 저소음(5V),"3,500","3,500","3,500"
1884416,COOLERTEC CT-8010H12BF-4P PWM,"7,000","7,000","7,000"
9571542,COOLERTEC CT-8015L12RA-3P,"2,860",0,"2,860"
2342143,COOLERTEC CT-8025-4P,"3,200","3,200","3,200"
7172839,COOLERTEC CT-8025L12R-2P,"2,400","2,400","2,400"
2797737,COOLERTEC CT-8025L12R-4P,"2,200","2,200",0
5796088,COOLERTEC CT-8025M12DBF-4P,"7,000","7,000","7,000"
6297994,COOLERTEC CT-8025VH12DBA-3P,"7,000","7,000","7,000"
6549646,COOLERTEC CT-8025VL12B-2P,"3,710","3,710","3,710"
5048778,COOLERTEC CT-9225-4P,"3,500",0,0
5048714,COOLERTEC CT-9225-4P,0,"3,500","3,500"
7172908,COOLERTEC CT-9225H12RF-4P,"6,000","6,000","6,000"
4823109,COOLERTEC CT-9225L12R-4P,"2,400","2,400",0
2658928,COOLERTEC CT-9238VH12DBF,"18,000","18,000","18,000"
4040002,COOLERTEC CT-AM2AM3-IU(2BALL)-PWM,"34,000","34,000","34,000"
7484080,COOLERTEC CT-AN12025LED-WHITE,"2,630","2,630","2,630"
2693266,COOLERTEC CT-FANCON-4,"25,300","25,270","25,160"
14094251,COOLERTEC CT-G120-B 팬그릴,540,540,540
892978,COOLERTEC CT-G250 GRILL SILVER,0,0,"1,790"
14060771,COOLERTEC CT-G70-B,330,330,0
773715,COOLERTEC CT-G80 팬그릴,690,0,0
14093903,COOLERTEC CT-G80-PLUS-B,300,300,300
14094014,COOLERTEC CT-G92-B 팬그릴,330,330,330
613431,COOLERTEC CT-HDC03 사일런트 유체,"9,300","9,300","9,300"
644537,COOLERTEC CT-HDC04,"11,610","11,610","11,610"
11893111,COOLERTEC CT-HS2020,"1,070",0,0
4487507,COOLERTEC CT-HS2708SA,540,540,540
6146981,COOLERTEC CT-HS2715-BLACK,"1,060",0,0
10648524,COOLERTEC CT-HS302030,"1,210","1,210","1,230"
2245612,COOLERTEC CT-HS3415 Black,860,860,860
2245621,COOLERTEC CT-HS3523 Black,900,900,900
3860193,COOLERTEC CT-HS3713 Black,"1,180",0,0
3730187,COOLERTEC CT-HS4007T (BLACK),920,940,930
3662375,COOLERTEC CT-HS4010-STA,810,810,810
10648473,COOLERTEC CT-HS5015,"1,750","1,750","1,900"
5801345,COOLERTEC CT-HS6022-BLACK,"2,770","3,040",0
5801298,COOLERTEC CT-HS7020-BLUE M.2 방열판,"1,070","1,070","1,070"
11650442,COOLERTEC CT-HS7020-GOLD,0,990,990
5357386,COOLERTEC CT-KD12025R-3P4P,"4,800","4,800","4,800"
5357306,COOLERTEC CT-KD8025R-3P4P,"2,400",0,0
5142556,COOLERTEC CT-MC5835-White,"23,800","23,800","23,800"
13476110,COOLERTEC CT-P3-HYD,"6,210","6,210",0
3512033,COOLERTEC CT-RDH8015B-2P,"3,700","3,700","3,700"
2876563,COOLERTEC CT-RDH9025B-4P,"9,300","9,300",0
2753737,COOLERTEC CT-SD12025L-3P,"6,900","6,900","6,900"
3544765,COOLERTEC CT-SD12025L-4P,0,"7,550","7,550"
2962872,COOLERTEC CT-SM6015SL-4P,"2,140","2,140","2,140"
3441470,COOLERTEC CT-XEON 771 PASSIVE,"39,320","39,320","39,320"
9763935,COOLERTEC CT14025L05R,0,0,"7,000"
9764016,COOLERTEC CT5010L12R,"2,570","2,570","2,570"
14059667,COOLERTEC CT8010L12BA,"3,750","3,750",0
5048849,COOLERTEC CTA-8025LS-4P,"1,510","1,510","1,510"
11893021,COOLERTEC CTD-12025LD-4P-100,"1,610","1,610","1,610"
11892976,COOLERTEC CTD-12025LD-4P-2P,"1,600","1,600","1,600"
11893012,COOLERTEC CTD-12025LD-4P-60,"1,610","1,710","1,790"
11283276,COOLERTEC CTI-25030 BLACK-3P,"18,620","18,620","18,620"
475740,COOLERTEC CTV-10,"5,930",0,0
492239,COOLERTEC CTV-13,"2,910",0,0
2534513,COOLERTEC CTV-4 Plus Silent,"4,300","4,300","4,300"
3661777,COOLERTEC CTV-6-B,"3,170","3,170","3,170"
903201,COOLERTEC CTV-A10,"5,900","5,900","5,900"
7250290,COOLERTEC CTV-A19,"4,700","4,700",0
7250452,COOLERTEC CTV-A20,"15,000","15,000","15,000"
7932316,COOLERTEC CTV-AF 01,"13,000","13,000",0
3441510,COOLERTEC CTV-B11 BLUE,"10,300","10,300",0
2342178,COOLERTEC CTV-B12 BLUE Silent,"9,300","9,300","9,300"
2487792,COOLERTEC CTV-B14,"12,700","12,700",0
2898201,COOLERTEC CTV-B15 DUAL GREEN-PLUS,"13,800","13,800","13,800"
2635897,COOLERTEC CTV-B15 DUAL GREEN-SILENT,"13,460","13,440","13,410"
2898321,COOLERTEC CTV-B18 White,"12,700","12,700","12,700"
1729293,COOLERTEC CTV-B5 Silent Black,"15,110","15,110","15,110"
1841000,COOLERTEC CTV-B8 Silent 블랙,"9,100","9,100","9,100"
1841006,COOLERTEC CTV-B9 Silent 블랙,"10,510",0,0
911934,COOLERTEC CTV-C4 Silent White,"9,300","9,300",0
892969,COOLERTEC CTV-C5 Silent White,"10,440","10,440","10,440"
1200037,COOLERTEC CTV-C6-LP Silent 화이트,"4,100",0,0
1165988,COOLERTEC CTV-C7-LP,"4,700","4,700","4,700"
1008473,COOLERTEC CTV-DB1 Silent Yellow,"5,810","5,810","5,810"
1008469,COOLERTEC CTV-DB2 Silent Yellow,"5,800","5,800","5,800"
1084277,COOLERTEC CTV-DB4 Silent Yellow,"6,700",0,0
1199914,COOLERTEC CTV-DB6-LP Silent 옐로우,"4,150","4,150",0
2635969,COOLERTEC CTV-OB7-LP,"7,000","7,000","7,000"
4225147,COOLERTEC CTV-OB9-LP,"7,110","7,110","7,110"
1221790,COOLERTEC CTV-SVC101 4pin Silent 블랙,"18,940","18,940",0
3199558,COOLERTEC CTV-ZA-2P,"15,110",0,0
3199573,COOLERTEC CTV-ZB-4P,"14,900",0,0
911936,COOLERTEC CWF-6012 White Wing,"4,100","4,100","4,100"
911941,COOLERTEC CWF-7015 White Wing,"4,150","4,150","4,150"
869340,COOLERTEC CWF-8025 화이트 윙 팬,"4,500",0,0
773751,COOLERTEC CYF-9225 옐로우 윙 팬,0,"5,250","5,250"
2691122,COOLERTEC DF-9225HR-3P,"3,430","3,430",0
3241951,COOLERTEC DFM7530B-BLOWER FAN,"7,000","7,000","7,000"
6146927,COOLERTEC DFS0712M-BLOWER,"4,960","4,960","4,980"
3441676,COOLERTEC DFS501512L-2P (Blower),"4,700","4,700","4,700"
12970955,COOLERTEC DIAMOND LED STRIP AUTO RGB-400,"12,000",0,0
7484395,COOLERTEC ECB-02 듀얼링 화이트,"17,060",0,0
5873740,COOLERTEC FAN HUB-1,0,0,"6,020"
13502489,COOLERTEC FAN HUB-5,"7,490",0,"7,490"
7484716,COOLERTEC FAN MATE B06,0,0,"3,280"
11233953,COOLERTEC FANCON-11 BLACK,"44,200","44,200",0
1346816,COOLERTEC FFM-120 블랙,"1,740","1,740","1,740"
1281345,"COOLERTEC FS-AM2,AM3 GUIDE PLUS","3,500","3,500","3,490"
613417,COOLERTEC FS-AVP92,"2,500","2,500","2,500"
468934,COOLERTEC FS-AVPSU,"2,500","2,500","2,500"
468936,COOLERTEC FS-AVS01,"2,500","2,500",0
14095127,COOLERTEC FS-FFP120-B,일시품절,일시품절,일시품절
14094950,COOLERTEC FS-FFP80-B,650,650,650
14095046,COOLERTEC FS-FFP92-B,750,750,750
2245591,COOLERTEC GAMMA-100-BLUE,0,0,"10,420"
1269720,COOLERTEC GIANT-775 ORANGE-PP,"8,970","8,950","8,940"
1699528,COOLERTEC IB7015 블루 LED,"5,900","5,900","5,900"
1699532,COOLERTEC IB8025 블루 LED,"5,250","5,250","5,250"
2142409,COOLERTEC IBH-12025HX-T BLUE,0,0,"7,300"
3241383,COOLERTEC ICEAIR-12025 BLUE-T,"2,620","2,620","2,620"
3241348,COOLERTEC ICEAIR-12025 WHITE-T,"2,600","2,600","2,600"
553676,COOLERTEC ICEBERG-775 BLUE 사일런트 유체,"8,140","8,140","8,140"
559184,COOLERTEC ICEBRIDGE-1 사일런트 유체,0,0,"15,000"
916270,COOLERTEC ICEBRIDGE-3 GOLD,"3,700","3,700","3,700"
5357449,COOLERTEC ICFAN-F3010CU-2P,"4,700","4,700","4,700"
2142399,COOLERTEC IG12025DX-T GREEN,"7,220","7,220",0
1460534,COOLERTEC INTEL XEON-771 FAN,"8,140","8,140","8,140"
6915286,COOLERTEC IO20020DX-ORANGE,0,0,"13,000"
1699573,COOLERTEC IR12025 레드 LED,"7,220","7,220","7,220"
2693505,COOLERTEC IR14025DX-T RED,"11,800",0,0
6380321,COOLERTEC IW 9225 WHITE ROUND-4P (PWM),"6,780","6,780","6,780"
6060000,COOLERTEC IW-20030DBX-WHITE,"16,830","16,830","16,830"
2395044,COOLERTEC IW20020DX-WHITE,"12,700","12,700","12,700"
6916405,COOLERTEC IW4010DX-T,"4,900","4,900","4,900"
4822951,COOLERTEC IWH-12025HX-T WHITE,"7,320",0,0
992366,COOLERTEC IceBlue IB12018DX-3P/4P Silent,"7,990","7,990","7,990"
3512103,COOLERTEC JACLF11C,"35,900","35,900","35,900"
4546986,COOLERTEC LED RING FAN-12025,"4,920","4,920","4,920"
3199618,COOLERTEC LED STRIP BLUE-200,"5,660","5,600","5,530"
3322093,COOLERTEC LED STRIP RED-400,"7,400","7,400","7,400"
3322325,COOLERTEC LED STRIP THREE-300,"8,070",0,"7,940"
3322270,COOLERTEC LED STRIP WHITE-500,"7,840",0,0
604291,COOLERTEC LED TUBE 블루-150,"6,860","7,000","6,930"
1008481,COOLERTEC LED TUBE 화이트-150,0,"6,800","6,730"
3511895,COOLERTEC LIGHT SHOW 12025-BLUE,"2,380","2,380","2,380"
3511925,COOLERTEC LIGHT SHOW 12025-GREEN,"2,380","2,380","2,380"
3662296,COOLERTEC LIGHT SHOW 12025-WHITE,"2,540","2,540","2,540"
4823054,COOLERTEC LIGHT SHOW-14025 BLUE (A),"7,410","7,410","7,410"
4823014,COOLERTEC LIGHT SHOW-14025 RED (A),"7,410","7,410","7,410"
4823069,COOLERTEC LIGHT SHOW-14025 WHITE (A),"7,410","7,410","7,410"
5197884,COOLERTEC LIGHT SHOW-20020,"14,560","14,560","14,560"
13475561,COOLERTEC LIGHT SHOW-8025 AUTO RGB,"7,490","7,490","7,490"
4224952,COOLERTEC MAGIC SHOW 12025-WHITE (33),0,"4,150","4,150"
5407270,COOLERTEC MAGIC SHOW RCF-20020-RGB,"18,800","18,800","18,800"
6913294,COOLERTEC MEM-M2 SSD-1 GOLD,0,0,"2,360"
6911197,COOLERTEC MEM-M2 SSD-2 GOLD,"2,360","2,360","2,360"
11233827,COOLERTEC MEM-M2 SSD-3 GOLD,"12,000","12,000",0
13475756,COOLERTEC MEM-M2 SSD-CU1,"12,310",0,0
550278,COOLERTEC MEMORY AL 골드,0,0,"1,150"
1270682,COOLERTEC MEMORY ICETOP-AL6 그린,0,0,"3,700"
12970931,COOLERTEC MODERN LED STRIP AUTO RGB-400,"12,000","12,000","12,000"
793852,COOLERTEC NANOXIA FX09-1400 저소음,"6,020",0,0
1841012,COOLERTEC NBCC-CO5,"20,800","20,800","20,800"
4264687,COOLERTEC Nidec-TA350DC-2P,"3,340",0,"3,320"
4264720,COOLERTEC Nidec-TA350DC-3P,"3,470","3,470","3,470"
4264741,COOLERTEC Nidec-TA350DC-4P,"4,100","4,100","4,100"
6910933,COOLERTEC Nidec-U40G12BS4AB5-57,"9,670","9,670","9,670"
5020370,COOLERTEC Nidec-U40G12MS1A5-3P,"6,000","6,000",0
3114700,COOLERTEC Nidec-U60R12MLAB-2P,"5,900","5,900","5,900"
3114748,COOLERTEC Nidec-U60R12MLAB-4P,"5,900","5,900","5,900"
9219849,COOLERTEC OMEGA-100-CU,"15,670","15,670","15,670"
6909193,COOLERTEC ORITEK CF-12815B,"2,490","2,490","2,490"
1346812,COOLERTEC OW12025DFS-2P,"7,000","7,000","7,000"
5262461,COOLERTEC OW13525DFS-2P,"9,500","9,500","9,500"
5197948,COOLERTEC OW14025DFS-T(3P/4P) Silent,"9,500","9,500","9,500"
2068223,COOLERTEC OW4010DFS-2P,"4,800","4,800","4,800"
3511950,COOLERTEC OW4010DFS-3P,"4,880","4,880","4,880"
2962836,COOLERTEC OW5010DFS-2P,"4,920","4,920","4,920"
1415976,COOLERTEC OW6015DFS-2P,"5,400","5,400",0
2068305,COOLERTEC OW8025DFS-2P,"4,700","4,700","4,700"
3441573,COOLERTEC PSD1206PMBX-A (4Pin-PWM),"11,120","11,150",0
4822925,COOLERTEC RDH8020S-2P,"2,540","2,540","2,540"
4822880,COOLERTEC RDH8020S-4P,"3,060","3,060",0
3662234,COOLERTEC RDH8025S1-Blower,"4,700","4,700","4,700"
3157375,COOLERTEC RGBW LED STRIP-EXTen-300,0,0,"15,900"
4225393,COOLERTEC RWF-12025DFS-T (3p/4p),"4,980",0,0
4225345,COOLERTEC RWF-8025 DFS-T (3p/4p),0,"3,700","3,700"
3730434,COOLERTEC SA12025SA2LO-C,"10,500","10,500","10,500"
3730278,COOLERTEC SA9225SA2LO-C,"9,300","9,300","9,300"
4603722,COOLERTEC SD-12025L-2P,0,0,"7,000"
1567343,COOLERTEC SPECIAL BLUE WING Fan SBW14025DFX-F (PWM),"9,670",0,0
5863227,COOLERTEC SUNON-SF23080AT,"11,940","11,400","11,940"
9571737,COOLERTEC SUPER LED RING,0,0,"12,000"
10405932,COOLERTEC SUPER LED RING 12025 CORE RGB,"8,210","8,210",0
10406361,COOLERTEC SUPER LED RING 20025,"13,800","13,800","13,800"
5477632,COOLERTEC SUPER LED RING-12025,"6,160","6,160","5,510"
6063221,COOLERTEC SUPER LED RING-12025 DUO,"6,940","6,940","6,940"
6063396,COOLERTEC SUPER LED RING-12025 RGB-DUO,"10,920",0,0
6106167,COOLERTEC SUPER LED RING-12025 WHITE(PWM),"10,920",0,0
6453887,COOLERTEC SUPER LED RING-12025-MULTI-1 (64),"4,820","4,820","4,820"
13475696,COOLERTEC SUPER LED RING-20025 AUTO CORE RGB-R/C,"14,880","14,880","14,880"
11872117,COOLERTEC SUPER LED RING-9225 WHITE(DUO),"7,950","7,950","7,950"
9745695,COOLERTEC SUPER PALGAK RING 12025,"7,000",0,0
2395107,COOLERTEC SWW14025DFX-F(PWM)(White),"9,670",0,0
1491614,COOLERTEC Silent ORANGE WHITE Fan OW 8015DFS-2P,"5,250","5,250","5,250"
1882528,COOLERTEC THERMAL PAD-1005,"2,430","2,370","2,500"
1884274,COOLERTEC THERMAL PAD-1015,"4,290","4,220","4,150"
3662386,COOLERTEC THERMAL PAD-10151-BLUE-HQ,"4,800","4,800","4,800"
1884289,COOLERTEC THERMAL PAD-1020,"4,180","4,260","4,190"
1138672,COOLERTEC THERMAL PAD-4015,"3,500","3,500","3,500"
5304248,COOLERTEC USB 12025 CLG1,"7,360","7,360","7,360"
10406214,COOLERTEC USB 12025 LED RING,"8,210","8,210",0
10405992,COOLERTEC USB 8025 AUTO RGB,"7,000","7,000","7,000"
5795978,COOLERTEC USB-12025,"7,000",0,0
11872027,COOLERTEC USB-12025 LED RING BLUE(DUO),"7,950",0,0
11872372,COOLERTEC USB-14025 LED RING AUTO RGB(DUO),"10,510","10,510","10,510"
11872333,COOLERTEC USB-14025 LED RING WHITE(DUO),"9,300","9,300","9,300"
6917146,COOLERTEC USB-14025-CLG1,"9,670","9,670","9,670"
7173181,COOLERTEC USB-20020-CLG1,"13,000","13,000","13,000"
11283153,COOLERTEC USB-20025-BLUE(32),"13,590","13,590",0
11283207,COOLERTEC USB-20025-WHITE(32),"13,590","13,590","13,590"
6103353,COOLERTEC USB-6025-CLG1,"6,000","6,000","6,000"
8226769,COOLERTEC USB-7025-CLGI,"5,800","5,790","5,720"
9817827,COOLERTEC USB-8015,0,"5,900","5,900"
6916555,COOLERTEC USB-8015-CLG1,"6,000","6,000","6,000"
6103392,COOLERTEC USB-8025-CLG1,"6,000","6,000",0
11872405,COOLERTEC USB-9225 LED RING AUTO RGB(DUO),"8,210","8,210",0
11872240,COOLERTEC USB-9225 LED RING WHITE(DUO),"8,210",0,0
2245476,COOLERTEC VCF-06,"5,800","5,800","5,800"
2245485,COOLERTEC VCF-07,"2,400","2,400","2,400"
2245493,COOLERTEC VCF-08,"2,400","2,400","2,400"
2245505,COOLERTEC VCF-09,"8,200","8,200","8,200"
2342185,COOLERTEC VCF-11,"5,800","5,800",0
2342196,COOLERTEC VCF-12,"7,000","7,000","7,000"
2342203,COOLERTEC VCF-13,"8,200","8,200","8,200"
2434427,COOLERTEC VCF-14,0,"6,890",0
14061746,COOLERTEC VCF-18-PLUS,"6,210","6,210","6,210"
2693317,COOLERTEC VCF-22 PWM,"4,910","4,910","4,830"
2797787,COOLERTEC VCF-23 PWM,"7,000","7,000","7,000"
3070172,COOLERTEC VCF-26 (4pin),"8,000",0,0
3661857,COOLERTEC VCF-27 (PWM),"11,700",0,"11,700"
3661916,COOLERTEC VCF-28 (PWM),"7,400","7,400","7,400"
7987003,COOLERTEC VCF-29 (PWM)-PLUS,"7,000","7,000","7,000"
3661954,COOLERTEC VCF-30 (PWM),"7,900","7,900","7,840"
5020763,COOLERTEC VCF-33 (Ball),"4,700","4,700","4,700"
13477493,COOLERTEC VCF-41 (4P-PWM),"7,490","7,490","7,490"
13477589,COOLERTEC VCF-42 (4P-PWM),"8,670","8,670","8,670"
1729230,COOLERTEC VF-6010-2P,"4,700","4,700","4,700"
1729244,COOLERTEC VF-8010-2P,0,"4,780","4,800"
2121604,COOLERTEC VFR-7010-3P,"4,780","4,780","4,800"
6380534,COOLERTEC WING-12025DFS-T,"2,380",0,0
6380530,COOLERTEC WING-12025DFS-T,0,"2,380","2,380"
7932832,COOLERTEC YS TECH-FD124015MB-2P,"4,330",0,0
13477388,COOLERTEC ZY-1202512SL-3P,"2,040","2,040","2,040"
14339177,COOLMOON BINARY STAR-120 2핀,"5,500","5,570","5,500"
12911060,COOLMOON CM-M73S ARGB M.2 SSD 방열판,"8,680","8,890","8,780"
13379684,COOLMOON CM-RA1,0,"11,970","11,970"
13880315,COOLMOON DOUBLE SIDED 120 ARGB,"7,840",0,0
14339234,COOLMOON JADE RING 120 2핀,"5,000","5,000",0
14365130,COOLMOON JADE RING 120 2핀,0,0,"4,990"
12918311,COOLMOON YUPO RAINBOW RGB,"23,000","23,000","23,000"
10326900,CORSAIR A500,"101,800","101,800","101,800"
5163166,CORSAIR HD140 RGB,"68,060","68,060","68,060"
6565649,CORSAIR HYDRO SERIES H115i RGB Platinum,"197,340","197,160","196,930"
3768466,CORSAIR HYDRO SERIES H80i v2,"149,990","149,990","149,990"
2966171,CORSAIR HYDRO SERIES HG10 A1 Edition,"51,910","51,910","51,910"
9751626,CORSAIR HYDRO SERIES XG7 2080 Ti FE Water Block,"165,850","165,850","165,850"
10327086,CORSAIR HYDRO SERIES iCUE H100i RGB PRO XT,"177,570","177,290","177,060"
10327161,CORSAIR HYDRO SERIES iCUE H115i RGB PRO XT,"188,040","187,990","187,810"
10327236,CORSAIR HYDRO SERIES iCUE H150i RGB PRO XT,"246,000","246,000","246,000"
5606395,CORSAIR LL120 RGB BLACK,"41,990","41,990","41,990"
7366861,CORSAIR LL120 RGB WHITE,"45,700","46,000","45,890"
5606431,CORSAIR LL140 RGB,"49,910","49,820","49,710"
5290643,CORSAIR Lighting Node PRO,"84,360","84,360","84,360"
8094127,CORSAIR ML120,"41,160","41,160","41,160"
4401981,CORSAIR ML120 PRO,"32,990","32,990","32,990"
5726629,CORSAIR ML120 PRO RGB,"40,990","40,990","40,990"
14332148,CORSAIR ML120 RGB Replacement,가격비교예정,가격비교예정,가격비교예정
8094307,CORSAIR ML140,"47,000","47,000","47,000"
4402076,CORSAIR ML140 PRO,"41,990","41,990","41,990"
5726535,CORSAIR ML140 PRO RGB,"45,990","45,990","45,990"
12797411,CORSAIR iCUE H100i ELITE CAPELLIX,"224,340","224,160","223,930"
13231844,CORSAIR iCUE H100i ELITE CAPELLIX WHITE,"243,850","243,670","243,440"
12797552,CORSAIR iCUE H115i ELITE CAPELLIX,"246,400","242,170","242,170"
12797597,CORSAIR iCUE H150i ELITE CAPELLIX,"250,580","250,580","250,580"
13231946,CORSAIR iCUE H150i ELITE CAPELLIX WHITE,"272,500","272,500","272,500"
10319172,CORSAIR iCUE LS100,"43,000","43,000","43,000"
10319205,CORSAIR iCUE LS100 Strip Starter,"129,000","129,000","129,000"
12767126,CORSAIR iCUE LT100 EXPANSION KIT,"95,000","95,000","95,000"
12767063,CORSAIR iCUE LT100 STARTER KIT,"185,900","185,900","185,900"
10103832,CORSAIR iCUE QL120 RGB,"55,580","55,980",0
10103766,CORSAIR iCUE QL120 RGB,0,0,"55,890"
10650843,CORSAIR iCUE QL120 RGB WHITE,"55,050","55,050","55,050"
10103901,CORSAIR iCUE QL140 RGB BLACK,"63,100","63,010","63,390"
10650951,CORSAIR iCUE QL140 RGB White,"59,100","59,100","59,100"
14102384,CORSAIR iCUE SP120 RGB ELITE BLACK,가격비교예정,가격비교예정,가격비교예정
14102549,CORSAIR iCUE SP120 RGB ELITE WHITE,가격비교예정,가격비교예정,가격비교예정
9862893,CORSAIR iCUE SP120 RGB PRO,"26,990","26,990","26,990"
14102765,CORSAIR iCUE SP140 RGB ELITE BLACK,가격비교예정,가격비교예정,가격비교예정
14102864,CORSAIR iCUE SP140 RGB ELITE WHITE,가격비교예정,가격비교예정,가격비교예정
9862983,CORSAIR iCUE SP140 RGB PRO,"36,490","36,490",0
9863022,CORSAIR iCUE SP140 RGB PRO,0,0,"36,490"
5414917,CORSAIR 커맨더 프로,"91,540","91,540","91,540"
10551687,COUGAR AQUA 120,"78,000","78,000","78,000"
10551852,COUGAR AQUA 240,"87,190","89,000","89,000"
10551951,COUGAR AQUA 280,"89,000","89,000","89,000"
10552044,COUGAR AQUA 360,"119,000","119,000","119,000"
13845749,COUGAR AQUA ARGB 240,"97,990","98,000","98,000"
13845836,COUGAR AQUA ARGB 280,"89,000","89,000","89,000"
13845902,COUGAR AQUA ARGB 360,"129,000","129,000","129,000"
13894316,COUGAR CORE BOX V3,"28,000","28,000","27,890"
9487374,COUGAR VORTEX LED,"16,390","16,390","16,390"
6324892,COUGAR VORTEX RGB HPB 120 PWM HDB,"28,000","28,000",0
4880684,CRAFT M.2 NVMe 2280 Heat Sink,"15,310","15,260","15,170"
5405935,CRYORIG H7 QUAD LUMI,"91,030","91,030","91,030"
5084140,CRYORIG QF140 SILENT,"20,500","20,500","20,500"
12350543,DEEPCOOL AS500,"69,000","69,000","69,000"
12885731,DEEPCOOL AS500 PLUS,"74,480","75,950","73,640"
13843778,DEEPCOOL CF120 PLUS,"54,000","54,000","54,000"
6291796,DEEPCOOL CF120 RGB,"25,000","25,000","25,000"
6291847,DEEPCOOL CF140 RGB,"56,260","56,260","56,260"
2759218,DEEPCOOL CK-11509,"3,850","3,850","3,850"
3534641,DEEPCOOL DCC-100 AMD,"9,280","9,280","9,280"
3568295,DEEPCOOL DCF-120 PWM,"15,990","15,990","15,990"
3171812,DEEPCOOL DCF-80 3P (유체),"1,680","1,680","1,680"
3171822,DEEPCOOL DCF-80 4P (유체),"1,570","1,570","1,570"
6996823,DEEPCOOL FH-04 FAN HUB,"13,000","12,900","12,890"
5795690,DEEPCOOL FH-10 FAN HUB,"25,970","25,970","25,970"
9338742,DEEPCOOL GAMER STORM ASSASSIN 3,"96,040","97,890","96,040"
6566680,DEEPCOOL GAMER STORM CAPTAIN 240 PRO,"180,410","180,410","180,410"
8300856,DEEPCOOL GAMER STORM CASTLE 240 RGB V2,"98,000","97,820","97,590"
9870822,DEEPCOOL GAMER STORM CASTLE 240EX,"142,000","142,000","142,000"
6830146,DEEPCOOL GAMER STORM CASTLE 360 RGB,"197,700","197,700","197,700"
8688464,DEEPCOOL GAMER STORM CASTLE 360 RGB V2,"127,420","127,360","127,300"
9870876,DEEPCOOL GAMER STORM CASTLE 360EX,"186,000","186,000","186,000"
8063086,DEEPCOOL GAMER STORM G15,0,"4,900","4,900"
8063131,DEEPCOOL GAMER STORM G40,"6,000","6,000","6,000"
6016437,DEEPCOOL GAMER STORM MF120 RGB 트리플 패키지,"149,000","149,000","149,000"
6566730,DEEPCOOL GAMER STORM MF120S,0,"115,000","115,000"
9870738,DEEPCOOL GAMER STORM TF120S,"11,000","11,000","11,000"
10868340,DEEPCOOL GAMER STORM TF120S BLACK,"10,800","10,800","11,000"
11709143,DEEPCOOL GAMER STORM TF140S BLACK,"29,600","29,800","29,800"
5673540,DEEPCOOL GAMMA 200 라이젠,"9,790","9,790","9,790"
3531783,DEEPCOOL GAMMAXX 200T,0,"19,800","19,790"
3441097,DEEPCOOL GAMMAXX 300 FURY,"24,000","24,000","24,000"
5303268,DEEPCOOL GAMMAXX 300R LED,"24,500","24,500","24,500"
11554658,DEEPCOOL GAMMAXX 400 EX,"38,110","38,220","38,210"
11652293,DEEPCOOL GAMMAXX 400 PRO,"38,950","38,950","38,890"
12447437,DEEPCOOL GAMMAXX 400 XT,"23,680","24,000","24,000"
7543789,DEEPCOOL GAMMAXX C40,"32,000","32,000","32,000"
10518450,DEEPCOOL GAMMAXX GT ARGB,"49,500","49,500","49,500"
7543492,DEEPCOOL GAMMAXX GTE,"35,000","35,000",0
10269120,DEEPCOOL GAMMAXX GTE V2,"32,000","31,950","31,890"
13775957,DEEPCOOL GAMMAXX L240 ARGB,"87,000","87,000","86,890"
8200105,DEEPCOOL GAMMAXX L240 V2 RGB,"86,000","86,000","86,000"
13776026,DEEPCOOL GAMMAXX L360 ARGB,"109,000","109,000","108,900"
7351288,DEEPCOOL GH-01 ARGB 그래픽카드 지지대,"20,780","20,890","20,890"
2759207,DEEPCOOL ICE EDGE MINI FS V2.0,"11,990","11,990","11,990"
11276571,DEEPCOOL MF120GT,"59,000","59,000","59,000"
3491109,DEEPCOOL OMEGA-1 PWM,"9,030","9,030","9,030"
3491157,DEEPCOOL OMEGA-4,"5,200","5,200","5,200"
3493431,DEEPCOOL OMEGA-6,"4,290","4,280","4,290"
4813526,DEEPCOOL OMEGA-9,"10,360","10,360","10,360"
11798722,DEEPCOOL RF120 FS PWM,"9,800","9,800","9,800"
5501229,DEEPCOOL RF120 RGB 아우라 싱크 PWM,"65,000","65,000","65,000"
6566760,DEEPCOOL RF120M RGB 아우라 싱크 PWM,"96,750","96,750","96,750"
5793645,DEEPCOOL RF140 RGB 아우라 싱크,"50,220","50,220","50,220"
11872747,DEEPCOOL THETA 15 PWM,0,"10,920","10,920"
11872702,DEEPCOOL THETA 9 PWM,"10,490","10,490","10,490"
3540171,DEEPCOOL V100 BK,"10,350","10,350","10,350"
4238989,DEEPCOOL WIND BLADE 120 WHITE,"7,140","7,200","7,140"
6274835,DEEPCOOL XFAN 200,"11,490","11,490","11,490"
11644691,DIGIX DHS-M.2 SSD 방열판,"2,080","2,080","2,080"
13494791,DWPH EFS-12E12H,"1,640","1,610","1,610"
5759568,DYNATRON B11,"57,990","57,990","57,990"
6526115,DYNATRON B13,0,"57,670","57,670"
5759510,DYNATRON B3,"57,840","57,840","57,830"
5759543,DYNATRON B5,"57,990","57,990","57,990"
6074873,DYNATRON B9,"77,960","77,960","77,960"
5998016,DYNATRON K199,0,0,"49,990"
5759605,DYNATRON R14,0,"54,990","54,990"
10883910,DYNATRON R16,0,0,"57,800"
5759645,DYNATRON R25,0,0,"54,990"
641736,EVERCOOL 3M 써멀패드,840,840,840
1722055,EVERCOOL 55PN-21B510B,"1,930","1,930","1,960"
5016646,EVERCOOL 775-115X 양용쿨러,"8,910","8,910","8,910"
6457076,EVERCOOL AMD AM4 쿨러,"6,350","6,350","6,350"
12207395,EVERCOOL CM-7015L12S,"1,270","1,270","1,270"
7844725,EVERCOOL CM-USBFAN 120,"3,860","3,860","3,860"
4613469,EVERCOOL COOLMARKER 32LED-FAN,"5,280","5,280","5,280"
5064158,EVERCOOL COOLMARKER 33RING,"6,350",0,0
5064149,EVERCOOL COOLMARKER 33RING,0,"6,350","6,350"
5751919,EVERCOOL COOLMARKER AM4 가이드,"2,990","3,070",0
12904649,EVERCOOL COOLMARKER CM-10025 S 3P,"2,960","2,960",0
6008753,EVERCOOL COOLMARKER CM-115X-AL,"2,940",0,0
6008791,EVERCOOL COOLMARKER CM-115X-CU,"4,940","4,940","4,700"
13277231,EVERCOOL COOLMARKER CM-155X-CU,"8,470","8,470","8,470"
13277114,EVERCOOL COOLMARKER CM-9225 4P PWM,"5,930","5,930","5,930"
6581879,EVERCOOL COOLMARKER CM-AM4 BLUE,"7,880","7,880","7,880"
6581846,EVERCOOL COOLMARKER CM-AM4 WHITE,"7,870","7,870","7,870"
13177481,EVERCOOL COOLMARKER CM-FM 120MM 자석 먼지 필터,0,"7,630","7,630"
5660296,EVERCOOL COOLMARKER CM-HALO 120,"6,180","6,180","6,180"
14333387,EVERCOOL COOLMARKER CM-MEMORY CU 방열판,가격비교예정,가격비교예정,"7,000"
8623064,EVERCOOL COOLMARKER HLED-120,"4,430","4,430","4,430"
6890956,EVERCOOL COOLMARKER M.2 방열판-BLUE,"2,040","2,040","2,040"
5664482,EVERCOOL COOLMARKER PWM HUB-10X,"4,570","4,550","4,640"
5239436,EVERCOOL COOLMARKER PWM HUB-4X,"3,420","3,420","3,420"
7055167,EVERCOOL COOLMARKER RGB 12V 6분배 케이블,"4,420","4,420","4,420"
7055077,EVERCOOL COOLMARKER RGB 5V 6분배 케이블,"4,270","4,270","4,270"
7192444,EVERCOOL COOLMARKER RGB 5V 리모컨 컨트롤러,"9,040","9,040","9,040"
4609265,EVERCOOL COOLMARKER ROUND LED-120,"5,570",0,0
4609223,EVERCOOL COOLMARKER ROUND LED-120,0,"7,990","7,990"
6565797,EVERCOOL COOLMARKER SD-200 그래픽카드 지지대,"10,410","10,320","10,210"
4281149,EVERCOOL COOLMARKER TM-500,490,490,490
6533039,EVERCOOL COOLMARKER 메모리 방열판,"1,370","1,370","1,370"
5039622,EVERCOOL COOLMARKER 써멀패드100,"3,870","3,850",0
5039638,EVERCOOL COOLMARKER 써멀패드100,0,0,"3,790"
6821782,EVERCOOL COOLMARKER 써멀패드6.0,"6,510","6,500","6,500"
640713,EVERCOOL CPM3-410CA,"18,900","18,900","18,900"
14258252,EVERCOOL CUW3B-625BA,"28,000","28,000","27,990"
3890492,EVERCOOL DC120MM 파워수리용팬,"3,810","3,810","3,810"
9619083,EVERCOOL EC-115XCU,"7,320","7,320","7,320"
14258447,EVERCOOL EC-AM4-915BP,"18,000","18,000","17,920"
5751895,EVERCOOL EC12025HH12B-2P,"8,160","8,150","8,160"
3299306,EVERCOOL EC12025L12BP,"9,080","9,080","9,080"
5930777,EVERCOOL EC12025L12C-4P,"5,280","5,280","5,280"
3087333,EVERCOOL EC12025L12S-2P (ROHS/S/2P/25T),"3,550","3,550",0
874065,EVERCOOL EC12025L12S-4P (120mm 25T/S/4P),"3,600","3,600","3,600"
14332622,EVERCOOL EC12025L12S-SATA,가격비교예정,가격비교예정,"6,000"
1155299,EVERCOOL EC12025M24B-2P DC24V(2B/25T),"9,260","9,260","9,260"
14332817,EVERCOOL EC12025SL12S-SATA,가격비교예정,가격비교예정,"6,000"
5344063,EVERCOOL EC12025SL12SA-3P,"3,170","3,170","3,170"
3499931,EVERCOOL EC12038H24SA,"7,910","7,910","7,910"
5972186,EVERCOOL EC12038HH24BA,"13,230","13,230","13,230"
5930796,EVERCOOL EC14025H12CA,"7,380","7,380","7,480"
1506213,EVERCOOL EC14025H12EA-3P,"7,820","7,820","7,740"
5598133,EVERCOOL EC14025M05C-2P,"9,310",0,0
6577662,EVERCOOL EC14025M12CA-3P,"7,920","7,920","7,920"
3154741,EVERCOOL EC155A-915BP SLIM,"13,010","13,010","13,010"
5616193,EVERCOOL EC155C-915BP,"16,020","16,010","16,340"
5616219,EVERCOOL EC155C-NMB815,"20,640","20,640","20,640"
3475806,EVERCOOL EC3010L12SA,0,"3,690","3,690"
1773728,EVERCOOL EC4007L12C-2P (40mm 7T/B/2P),0,"4,230","4,230"
1773747,EVERCOOL EC4007L12CA-3P (40mm 7T/B/3P),0,"4,230","4,230"
12247016,EVERCOOL EC4010H12S,"2,500","2,520","2,460"
3035898,EVERCOOL EC4010H24BA (40MM FAN/24V/2BALL/3P),0,0,"7,290"
14333066,EVERCOOL EC4010HH05B-2P,가격비교예정,가격비교예정,"7,000"
2574128,EVERCOOL EC4020HH12B 40mm,"4,750","4,750","4,820"
5499694,EVERCOOL EC4020L12B-2P,"5,050","5,050",0
4776495,EVERCOOL EC4028HH12BP (PWM),"10,060",0,"10,190"
5457946,EVERCOOL EC5010H12BP,"8,440","8,440","8,440"
12361469,EVERCOOL EC5015M05E-USB,"7,730","7,730",0
5751853,EVERCOOL EC6010L12S-2P,"2,850","2,850","2,850"
1067968,EVERCOOL EC6010L12SA(60mm 10T/S/3P/RoHS),"2,600","2,600","2,600"
14050424,EVERCOOL EC6015L12EA-B,"7,120",0,0
4777766,EVERCOOL EC7015H12BA 3P,"5,810","5,810","5,810"
839741,EVERCOOL EC7015L05E-2P DC5V,"4,050",0,0
4715862,EVERCOOL EC7025HH12BP (PWM),0,"8,360","8,440"
11774926,EVERCOOL EC8010H12BP,0,"8,800","8,800"
1418534,EVERCOOL EC8010H12CA-3P(80mm 10T/1B/3P),0,"4,760","4,740"
4223828,EVERCOOL EC8010L12EA,"4,760","4,760","4,760"
793910,EVERCOOL EC8010LL12EA 80mm (RoHS/유체/3P-4P/10T),"4,870","4,870","4,870"
157696,EVERCOOL EC8025L12C 80mm (ROHS/1B/4P/25T),"3,490","3,490","3,490"
14332952,EVERCOOL EC8025L12S-SATA,가격비교예정,가격비교예정,"6,000"
14333162,EVERCOOL EC8025SL12S-4P,가격비교예정,가격비교예정,"3,000"
3540118,EVERCOOL EGU-PUSH PIN,0,680,680
3424987,EVERCOOL EV-MSI04 (홀간격 53mm),"3,580","3,600","3,600"
125688,EVERCOOL FOX-2 (SB-F2),"6,970","6,970","6,970"
3558931,EVERCOOL HPH-9525CU 115X PWM,"23,010","23,010","23,070"
3087310,EVERCOOL HPS-810CP,"22,010","22,010","22,010"
2797559,EVERCOOL HTC-01 써멀구리스,"7,300","7,240","7,170"
3559009,EVERCOOL MCI02-510BA,"28,640","28,550","28,940"
4734622,EVERCOOL PCI 슬롯 브라켓-01,"4,910","4,850","4,850"
8134309,EVERCOOL PY-14025H12B,"5,820","5,820","5,820"
1803505,EVERCOOL RVF-1F,"9,000","9,000","9,000"
1813517,EVERCOOL RVF-2F,"13,690","13,680","13,620"
2031898,EVERCOOL Silent Shark Fan SSF-12,"8,980","8,980","8,980"
1803498,EVERCOOL TC-10 써멀구리스,"3,330","3,290","3,280"
641737,EVERCOOL TC-200,0,"10,810","10,720"
2674974,EVERCOOL TITAN 1155/1156 1U 쿨러(DC-155A915T2B/RPW),"16,900","16,900","16,900"
5234769,EVERCOOL TR2070-10ST M.2 방열판,"2,200","2,200","2,200"
14273378,EVERCOOL TR2811BT,가격비교예정,가격비교예정,가격비교예정
12978275,EVERCOOL TR4010ST,910,910,910
12978278,EVERCOOL TR4022ST,"1,180","1,160","1,160"
1633754,EVERCOOL TRANSFORMER S,"20,350","20,340","20,810"
3257020,EVERCOOL TUNING LINE,0,0,"4,010"
11534858,EVERCOOL UFAN-09,"12,880","12,880","12,880"
5253871,EVERCOOL UFAN-12,"14,300","14,300","14,300"
6147230,EVERCOOL UFAN-14,"15,360","15,360","15,360"
1878541,EVERCOOL UI01-9525SA,"8,800","8,800","8,800"
14077235,EVERCOOL ULTIMATE 써멀구리스,"6,340","6,340","6,420"
14049794,EVERCOOL ULTRA SOFT 써멀패드,"29,960",0,0
14077121,EVERCOOL ULTRA 써멀구리스,"4,360","4,360","4,420"
4490713,EVERCOOL USB 140MM FAN (5V),"9,280","9,280","9,280"
3189433,EVERCOOL USB FAN 60MM 15T,"4,290","4,230","4,160"
3189449,EVERCOOL USB FAN 70MM 10T,"5,510","5,510","5,510"
4555872,EVERCOOL USB FAN 92MM,"7,920","7,760","7,920"
3559075,EVERCOOL VENTI for INTEL,"25,180","25,180","25,180"
3154643,EVERCOOL 베어링오일 20ML,"2,620","2,610","2,830"
3154644,EVERCOOL 베어링오일 50ML,"4,620","4,620","4,690"
4035832,EVERCOOL 보드스피커,0,480,480
550227,EVERCOOL 써멀컴파운드,590,590,590
5519029,EVGA CLC 240 Liquid,"126,990","126,990","126,890"
5382001,EVGA CLC 280 Liquid,"129,370","129,370","139,530"
9382716,EVGA CLC 360 Liquid,"211,560","214,990","214,900"
6120237,EnerwayTech GRIFFIN Z7,"4,490","4,490","4,410"
6120249,EnerwayTech GRIFFIN Z9,"5,400","5,400","5,400"
14273261,FOXCONN PVA092G12P-P07-09,"7,000","7,000","7,000"
5068124,FSP Windale4 AC401,"24,430","24,430","24,430"
5068135,FSP Windale6 AC601,"54,050","54,050","54,050"
5154841,Fractal Design Celsius S24,"190,390","190,390","190,390"
8429571,Fractal Design Celsius S24 Blackout,"191,260","191,260","191,260"
5154867,Fractal Design Celsius S36,"216,200","216,200","216,200"
8429847,Fractal Design Celsius S36 Blackout,"230,000","230,000","230,000"
11402574,Fractal Design Celsius+ S24 Dynamic,0,"223,570","223,580"
11403015,Fractal Design Celsius+ S24 Prisma,"256,300","256,300","256,300"
11402658,Fractal Design Celsius+ S28 Dynamic,"260,960","260,960","256,300"
11403105,Fractal Design Celsius+ S28 Prisma,"289,900","289,900","285,970"
11402772,Fractal Design Celsius+ S36 Dynamic,"290,970","290,970","290,960"
11403183,Fractal Design Celsius+ S36 Prisma,"342,590","342,590","342,580"
9696468,Fractal Design Dynamic X2 GP-12 PWM,"21,600","21,600","21,600"
5185873,Fractal Design Dynamic X2 GP-12B,"18,900","18,900","18,880"
5175639,Fractal Design Dynamic X2 GP-12W,"18,000","18,000","18,000"
6909562,Fractal Design Dynamic X2 GP-12W PWM,"21,490","21,490","21,490"
6889663,Fractal Design Dynamic X2 GP-12WO,"18,900","18,900","18,880"
9696519,Fractal Design Dynamic X2 GP-14 PWM,"23,200","23,200","23,200"
5185877,Fractal Design Dynamic X2 GP-14B,"21,440","21,440","21,440"
5175655,Fractal Design Dynamic X2 GP-14W,0,"21,490","21,490"
6909685,Fractal Design Dynamic X2 GP-14W PWM,"22,980","22,980","22,980"
6889759,Fractal Design Dynamic X2 GP-14WO,"21,490","21,490","21,490"
7831699,Fractal Design Prisma AL-12,"31,890","31,890","31,880"
7831630,Fractal Design Prisma AL-12 PWM,"36,590","36,590","36,590"
7832215,Fractal Design Prisma AL-14,"36,590","36,590","36,580"
7832413,Fractal Design Prisma AL-14 PWM,"41,000","41,000","41,000"
7183951,Fractal Design Venturi HF-12B,0,"23,970","23,970"
7009438,Fractal Design Venturi HF-12W,"25,400","25,400","25,390"
7009504,Fractal Design Venturi HF-14W,0,0,"32,540"
7184662,Fractal Design Venturi HP-12B PWM,0,"27,890","27,880"
7009570,Fractal Design Venturi HP-12W PWM,0,"27,890","27,880"
7184707,Fractal Design Venturi HP-14B PWM,0,"28,900","28,890"
7009660,Fractal Design Venturi HP-14W PWM,0,"28,900","28,890"
13816700,G.SKILL ENKI 240,"162,650","162,650","158,900"
13816772,G.SKILL ENKI 280,"177,550","177,550","173,340"
13816853,G.SKILL ENKI 360,"209,530","209,530","209,190"
7358389,GAMDIAS CHIONE E1A-120R,"92,990","92,990","92,990"
2473275,GELID GC-EXTREME,"4,470","4,470","4,470"
5483198,GELID GP-EXTREME 80x40 써멀패드,"11,490",0,0
4236924,GELID GP-EXTREME 80x40 써멀패드,0,"11,490","11,490"
13409756,GELID PHANTOM ARGB,"38,330","38,330","38,330"
13409669,GELID PHANTOM BLACK ARGB,"44,410","44,410","44,750"
3496070,GELID POLAR,"19,490","19,490","19,490"
13410605,GELID SIROCCO ARGB,"51,630",0,0
3102434,GELID SNOWSTORM,"29,990","29,990","29,990"
13410701,GELID TORNADO ARGB,"21,650","21,650","21,420"
8176213,GIGABYTE AORUS ATC800,"128,000","128,000","128,000"
14193869,GIGABYTE AORUS 워터포스 X 240,"279,000","278,990","278,990"
14194172,GIGABYTE AORUS 워터포스 X 280,"289,000","289,000","289,000"
14194262,GIGABYTE AORUS 워터포스 X 360,"348,430","348,990","348,990"
9418173,GIGAZONE GZ-﻿F120 RAINBOW,0,0,"4,400"
11412312,ICEAGE B10,"2,790","2,790","2,790"
4188594,ID-COOLING CF-12025-G,0,"5,890","5,890"
5947019,ID-COOLING CF-12025-PWM,"6,070","6,070","6,070"
4859363,ID-COOLING CF-14025,"7,930","7,930","7,930"
5947030,ID-COOLING CF-14025-PWM,"7,900","7,900","7,900"
4993633,ID-COOLING DK-03 HALO PWM WHITE,"11,530","11,530","11,530"
14340842,ID-COOLING DK-03 RAINBOW,0,가격비교예정,"14,990"
12207320,ID-COOLING DK-03 RGB,"16,250","16,250","16,250"
7451620,ID-COOLING DK-03A RGB PWM,"13,110","13,110","13,110"
10965417,ID-COOLING DK-03I PWM BLUE,"9,930","9,930","9,930"
6739393,ID-COOLING DK-03i RGB PWM,"12,700","12,700","12,700"
8542238,ID-COOLING FROSTFLOW X 240,"49,990","49,990",0
6951742,ID-COOLING FROSTFLOW X 240,0,0,"49,990"
12689993,ID-COOLING ICEFAN 240 ARGB,"30,490","30,490","30,490"
8115211,ID-COOLING ID-12015 PWM,0,0,"7,400"
8115298,ID-COOLING ID-14025 PWM,"7,300","7,300","7,300"
3667537,ID-COOLING IS-20I,"11,630","11,630","11,630"
7192198,ID-COOLING IS-30,"25,380","25,380","25,380"
6431399,ID-COOLING IS-40X,"26,890",0,0
11911813,ID-COOLING IS-47K,"47,700","47,700","47,700"
11916676,ID-COOLING IS-50 MAX RGB,"41,940","41,270","41,940"
8674598,ID-COOLING IS-50X,"28,790","28,790","28,790"
14340149,ID-COOLING IS-50X V2,가격비교예정,가격비교예정,"38,000"
13342553,ID-COOLING IS-60 EVO ARGB,"60,410","60,410","60,410"
5053674,ID-COOLING NEW IS-60,"36,590","36,590","36,590"
12225746,ID-COOLING NO-12015-XT,0,"13,040","13,460"
12212687,ID-COOLING NO-12015-XT-ARGB,"17,510","17,510","17,510"
4874723,ID-COOLING NO-12025-SD,"5,490","5,490","5,490"
6274802,ID-COOLING NO-8025-SD,"2,690","2,690","2,690"
10348950,ID-COOLING PINKFLOW 240,"170,200","170,200","170,200"
7063339,ID-COOLING SE-204D-W,0,"23,110","23,110"
3601620,ID-COOLING SE-213 V2,"21,160","21,160","21,160"
3871150,ID-COOLING SE-213 V2 AMD,"21,100","21,100","21,100"
5016908,ID-COOLING SE-213 V2 for 라이젠,"20,960","20,960","20,960"
13342847,ID-COOLING SE-213V3-B,"24,110","24,110","24,110"
13342754,ID-COOLING SE-213V3-R,0,"24,110","24,110"
12888875,ID-COOLING SE-214 WHITE,"23,200","23,200","23,200"
6561335,ID-COOLING SE-214Z-WHITE 115X AND 라이젠,"22,020","22,020","22,020"
10284975,ID-COOLING SE-224-XT BASIC,"27,000","27,000","27,000"
3601588,ID-COOLING SE-802,"11,300","11,300","11,300"
13684460,ID-COOLING SE-902-SD,"15,090","15,090","15,090"
5176440,ID-COOLING SE-903 RED,"14,690","14,690","14,690"
13343000,ID-COOLING SE-903-B V2,0,"18,880","18,880"
13343057,ID-COOLING SE-903-R V2,"18,880","18,880","18,880"
14341481,ID-COOLING SE-904-XT-SLIM,0,가격비교예정,"39,960"
6431427,ID-COOLING SE-912i-B,"14,680","14,680","14,680"
6431431,ID-COOLING SE-912i-R,0,0,"14,570"
12245201,ID-COOLING SE-914-XT BASIC,"20,790","20,820","20,820"
5166461,ID-COOLING SF-12025 LED,"9,210","9,210","9,210"
13684268,ID-COOLING SF-12025-W 벌크,"5,720",0,0
14339387,ID-COOLING TF-12025,가격비교예정,가격비교예정,"11,990"
13802618,ID-COOLING TF-12025 ARGB,"16,820","16,790","16,710"
6567899,ID-COOLING WF-12025 PWM,"8,380","8,320","8,250"
14339987,ID-COOLING WF-12025-XT,가격비교예정,가격비교예정,"11,990"
5545573,ID-COOLING WF-14025,"8,960","8,960","8,960"
11433369,ID-COOLING XF-12025-RGB-SNOW,"9,810","9,810","9,810"
10274970,ID-COOLING XF-12025-SD-W,"5,860","5,860","5,860"
11549918,ID-COOLING ZF-12025 Pastel,"12,310","12,310","12,310"
12212732,ID-COOLING ZF-14025-ARGB,"20,980","20,980","20,980"
13866158,ID-COOLING ZOOMFLOW 360 XT,"98,300","98,300","98,300"
9945966,ID-COOLING ZOOMFLOW X 360 RGB,0,0,"139,000"
4803339,ID-COOLING 라운드 레드-115X,"9,960","9,960","9,960"
12796046,Iceberg Thermal DRIFTICE 40x120,0,0,"17,660"
12796034,Iceberg Thermal DRIFTICE 40x80,"11,240","11,240","11,240"
12795854,Iceberg Thermal IceFLOE T95,"23,430","23,430","23,420"
12796481,Iceberg Thermal IceGALE 120 ARGB PWM,"25,680","25,680","25,680"
12796346,Iceberg Thermal IceGALE 120 PWM,"18,730","18,730","18,730"
12796544,Iceberg Thermal IceGALE 140 ARGB PWM,"29,960","29,960","29,960"
12796310,Iceberg Thermal IceGALE 140 PWM,"23,540","23,540","23,540"
12796337,Iceberg Thermal IceGALE 80 PWM,"14,450","14,450","14,450"
11650703,JAMICON JF0925B2ER-R,"5,800","5,800",0
6841762,JEYI ISTORM PRO M.2 방열판 쿨러,"19,490",0,0
9244782,JONSBO CR-1000 AUTO RGB,"25,400","25,080","25,120"
11331498,JONSBO CR-1000 PLUS AUTO RGB,"31,990",0,0
11603765,JONSBO CR-1000 PLUS AUTO RGB,0,"31,990","31,990"
10332180,JONSBO CR-1000GT,"32,000","32,000","32,000"
10049442,JONSBO CR-1100 ARGB,"64,630",0,0
10061403,JONSBO CR-1100 ARGB,0,"64,630","64,630"
10323441,JONSBO CR-1400 ARGB,"21,000","20,980","20,890"
10312128,JONSBO CR-2000GT ARGB,"53,900","53,900","53,900"
13182689,JONSBO CR-2100 AUTO RGB,"48,690","48,690","48,690"
6580879,JONSBO CR-901 AUTO RGB,"19,700","19,700","19,700"
7049215,JONSBO FR-502 AUTO RGB BLACK,"12,490","12,490","12,490"
5600707,JONSBO FR-601,"12,500","12,500","12,500"
12995897,JONSBO FR-901 ARGB,"19,000","19,000","19,000"
9591900,JONSBO JELLY M.2 SSD HEATSINK ARGB,"14,980","14,980","14,980"
9591861,JONSBO JELLY M.2 SSD HEATSINK AUTO RGB,"12,800","12,800","12,800"
6573102,JONSBO M.2 2280 SSD HEATSINK,"9,300","9,300","9,300"
7404064,JONSBO M.2 2280 SSD HEATSINK 병행수입,"5,990","5,990","5,990"
10118379,JONSBO M2-3 SSD 방열판,"9,790","9,790","9,790"
11557457,JONSBO M2-3 SSD 방열판 병행수입,"5,900","5,900","5,900"
12996041,JONSBO M2-4 ARGB SSD 방열판,"16,980","16,980","16,980"
12307547,JONSBO MX400 ARGB,"36,000","36,000","36,000"
5685327,JONSBO NC-1 RGB,"14,980","14,980","14,980"
10639419,JONSBO NC-2 AUTO RGB 메모리 방열판,"31,980","31,980","31,980"
10574511,JONSBO NC-3 ARGB 메모리 방열판,"35,990","35,990","35,990"
7811428,JONSBO NC-3 AUTO RGB 메모리 방열판,"16,500","16,500","16,500"
10049721,JONSBO RC-01 ARGB 컨트롤러,"10,980","10,980","10,980"
11923477,JONSBO TW4-360 COLOR,"89,000","89,000","89,000"
7801702,JONSBO VC-3 AUTO RGB 그래픽카드 지지대,"20,580","20,490","20,440"
10106175,JONSBO VC-4 ARGB 그래픽카드 지지대,"22,470","22,470","22,470"
5642305,JONSBO VF-1 RGB 아우라 싱크,"32,000","32,000","32,000"
11619314,LEADCOOL 120 ARGB BLACK,"8,100","8,100","8,100"
12905177,LEADCOOL 120 ARGB PWM BLACK,"10,500","10,500","10,500"
12905222,LEADCOOL 120 ARGB PWM WHITE,"10,500","10,500","10,500"
11757092,LEADCOOL 120 ARGB WHITE,"8,100","8,100","8,100"
11756927,LEADCOOL 120 AUTO RGB BLACK,"7,890","7,890","7,890"
11756858,LEADCOOL 120 AUTO RGB WHITE,"7,890","7,890","7,890"
10981392,LEADCOOL 120 BLACK,0,0,"4,000"
11757053,LEADCOOL 120 LED WHITE BLACK,"5,900","5,900","5,900"
11757035,LEADCOOL 120 LED WHITE WHITE,"5,850","5,850","5,850"
11619284,LEADCOOL 120 PWM BLACK,"6,500","6,500","6,500"
11619293,LEADCOOL 120 PWM WHITE,"6,490","6,490","6,490"
11757002,LEADCOOL 120 RGB 레인보우 BLACK,"6,490",0,0
10981317,LEADCOOL 120 RGB 레인보우 BLACK,0,"6,490","6,490"
10981329,LEADCOOL 120 RGB 레인보우 WHITE,"6,500",0,0
11756984,LEADCOOL 120 RGB 레인보우 WHITE,0,"6,500",0
11756987,LEADCOOL 120 RGB 레인보우 WHITE,0,0,"6,500"
11619248,LEADCOOL 120 WHITE,"3,900","3,900","3,900"
10351578,LEADCOOL AC-1 ARGB 컨트롤러,"9,200","9,200","9,200"
12627014,LEADCOOL AH-6 ARGB AND PWM HUB,"23,000","23,000","23,000"
11618924,LEADCOOL GH-1 그래픽카드 지지대,"6,900","6,900","6,900"
11618849,LEADCOOL M.2 SSD 방열판,"7,900","7,900","7,900"
11618885,LEADCOOL M.2 SSD 방열판 AUTO RGB,"9,900","9,900","9,900"
13279277,LEADCOOL RH-1 EVO ARGB 메모리 방열판 블랙,"51,360","51,360","51,360"
12681347,LEADCOOL RH-1 EVO ARGB 메모리 방열판 블랙 KIT,"22,640","22,550","22,440"
13279298,LEADCOOL RH-1 EVO ARGB 메모리 방열판 화이트,"51,360","51,360","51,360"
12681362,LEADCOOL RH-1 EVO ARGB 메모리 방열판 화이트 KIT,"22,990","22,990","22,990"
5212187,MONSTAR MONAQUA-C1 냉각수,0,"7,000","7,000"
11732726,MSI MAG 코어리퀴드 240R,"148,990","148,990","148,990"
11732801,MSI MAG 코어리퀴드 360R,"166,630","166,630","166,630"
13760642,MSI MPG 코어리퀴드 K240,"262,150","262,150","262,150"
13734809,MSI MPG 코어리퀴드 K360,"315,700","315,700","315,700"
4532187,MSI 그래픽카드잭 VGA 지지대2,"41,210",0,0
7964233,MSI 레인보우 미스틱 120 ARGB,"59,990","59,990",0
7966159,MSI 레인보우 미스틱 120 ARGB,0,0,"59,990"
11923000,MSI 레인보우 미스틱 ARGB 싱크 허브,"13,890","13,890","13,890"
7438579,MSI 아틀라스 미스틱 ARGB 그래픽카드 지지대,"11,880","11,880","11,880"
5207645,MSI 코어프로져 XL,0,0,"75,410"
13966730,NOCTUA NA-FK1 redux,"23,800","23,800","23,800"
5648848,NOCTUA NA-HC4 chromax white,0,0,"36,700"
5205270,NOCTUA NF-A12x15 PWM,"26,970","26,950","26,900"
10257717,NOCTUA NF-A12x15 PWM chromax black swap,"33,200","33,200","33,200"
6330176,NOCTUA NF-A12x25 FLX,0,"42,400","42,400"
6210389,NOCTUA NF-A12x25 PWM,"41,250","41,210","41,210"
6413973,NOCTUA NF-A14 5V PWM,"29,990",0,0
2684448,NOCTUA NF-A14 IndustrialPPC-3000 PWM,"49,400","49,400","51,700"
2482896,NOCTUA NF-A14 PWM,"28,930","28,920","28,920"
5632690,NOCTUA NF-A14 PWM chromax black swap,"32,250","32,240","32,600"
1861674,NOCTUA NF-A14 ULN,0,"28,980","28,900"
5632622,NOCTUA NF-A15 HS-PWM chromax black swap,"36,750","36,750","36,750"
5205066,NOCTUA NF-A20 PWM,0,"42,400","42,400"
12450677,NOCTUA NF-A20 PWM chromax.black.swap,"46,270","45,210","46,270"
1820149,NOCTUA NF-A4x10 FLX,"18,630","18,620",0
7639261,NOCTUA NF-A4x10 PWM,"18,950",0,0
5205206,NOCTUA NF-A4x20 PWM,"19,490","19,490","19,490"
5595617,NOCTUA NF-A6x25 PWM,"20,170","20,170","20,170"
2861986,NOCTUA NF-A8 FLX,"20,290","20,280","20,250"
2862059,NOCTUA NF-A8 PWM,"20,380","20,370","20,320"
10981800,NOCTUA NF-A8 PWM chromax.black.swap,0,"28,000","28,000"
2934587,NOCTUA NF-A9 FLX,0,"22,760","22,950"
2934596,NOCTUA NF-A9 PWM,"22,840",0,0
10536555,NOCTUA NF-A9x14 HS-PWM chromax.black.swap,"26,910","26,900","26,830"
1820151,NOCTUA NF-A9x14 PWM,"22,860","22,850","22,800"
2684496,NOCTUA NF-B9 redux-1600 PWM,"18,020","18,020","18,020"
1555171,NOCTUA NF-F12 PWM,"27,720","27,710","27,680"
5632572,NOCTUA NF-F12 PWM chromax black swap,"30,130","30,120","30,890"
6150659,NOCTUA NF-P12 redux-1300 PWM,"21,000","21,000","21,000"
6150535,NOCTUA NF-P12 redux-1700 PWM,"20,950","20,940","20,940"
6492804,NOCTUA NF-P14S Redux 1500 PWM,"23,320","23,320","23,320"
2684623,NOCTUA NF-R8 redux-1800,"16,780","16,780","16,780"
2684635,NOCTUA NF-R8 redux-1800 PWM,"17,000","17,000","17,000"
1990174,NOCTUA NF-S12A FLX,"27,970","27,970","27,970"
1990179,NOCTUA NF-S12A PWM,"26,950","26,940","26,880"
5632656,NOCTUA NF-S12A PWM chromax black swap,0,"31,060","31,060"
2684671,NOCTUA NF-S12B redux-1200 PWM,"20,250","20,240","20,170"
3214925,NOCTUA NH-C14S,"167,980","167,980","167,980"
2996635,NOCTUA NH-D15,"143,000","141,980","141,970"
9964230,NOCTUA NH-D15 Chromax.black,"157,410","157,400","157,370"
3214929,NOCTUA NH-D15S,"132,700","132,700","132,700"
12758804,NOCTUA NH-D15S Chromax.black,"143,000","143,000","143,000"
6268175,NOCTUA NH-D9 DX-3647 4U,"143,000","143,000","143,000"
2934619,NOCTUA NH-D9L,"80,670","80,660","81,400"
5592367,NOCTUA NH-L12S,"85,780","85,770","85,700"
5592415,NOCTUA NH-L9a-AM4,"66,300","66,300","66,300"
10614258,NOCTUA NH-L9a-AM4 Chromax.black,"78,670","78,670","78,670"
1827552,NOCTUA NH-L9i,"65,240","65,230","66,780"
9964281,NOCTUA NH-L9i Chromax.black,"75,790","75,770","75,720"
3131104,NOCTUA NH-L9x65,"79,090","79,090","79,090"
7639102,NOCTUA NH-U12A,"156,500","156,500","156,500"
2108228,NOCTUA NH-U12S,"101,490","101,490","101,490"
9964338,NOCTUA NH-U12S Chromax.black,"115,190","115,190","115,190"
6268216,NOCTUA NH-U12S DX-3647,"157,900","157,900","157,900"
5429793,NOCTUA NH-U12S TR4-SP3,"118,700","118,700","118,700"
13966172,NOCTUA NH-U12S redux,"72,000","72,000","72,000"
6268243,NOCTUA NH-U14S DX-3647,"145,200","145,200","145,200"
5429826,NOCTUA NH-U14S TR4-SP3,"129,000","129,000","129,000"
5468657,NOCTUA NH-U9 TR4-SP3,"118,200","118,200","118,200"
2934642,NOCTUA NH-U9S,"87,070","87,060","86,990"
12758828,NOCTUA NH-U9S Chromax.black,"101,500","101,600","101,600"
652937,NOCTUA NT-H1,"7,200","7,200","7,200"
7413856,NOCTUA NT-H2,"12,880","12,880","12,880"
2389331,NOFAN CR-80EH 무소음 쿨러,"54,000","54,000","54,000"
6645931,NZXT AER RGB 2 120,"39,000","39,000","39,000"
6646000,NZXT AER RGB 2 140,"43,000","43,000","43,000"
9535560,NZXT Aer P120,"22,990","22,990","22,990"
9535623,NZXT Aer P140,"25,990","25,990","25,990"
12885599,NZXT Internal USB Hub Gen 3,"37,100","36,880","36,300"
10467246,NZXT KRAKEN X53,"174,440","178,000","174,440"
12919394,NZXT KRAKEN X53 RGB,"213,540","213,540","213,540"
10467333,NZXT KRAKEN X63,"194,040","196,020","194,040"
12919442,NZXT KRAKEN X63 RGB,"241,130","241,130","241,130"
5942223,NZXT KRAKEN X72,0,0,"305,000"
10467378,NZXT KRAKEN X73,"246,000","246,000","246,000"
12919472,NZXT KRAKEN X73 RGB,"291,010","291,010","291,010"
12741731,NZXT KRAKEN Z53,"321,110","321,110","321,110"
10455540,NZXT KRAKEN Z63,"351,820","355,410","351,820"
10443903,NZXT KRAKEN Z73,"390,040","390,030","390,040"
10887378,NZXT RGB & Fan Controller,"37,620","37,620","37,620"
10545801,Nidec DO5X-12TM-3P,0,"7,000","7,000"
8772056,ORBIS GM70 NEW 그래픽카드 지지대,"9,900","9,900","9,900"
7772698,ORBIS GM70 그래픽카드 지지대,"6,400","7,180","7,180"
11251074,ORICO M2SRB M.2 SSD 방열판,"6,990","6,990","6,990"
14149019,OTAO OT-2068PAD M.2 SSD 써멀패드,"2,790","2,790","2,790"
7202719,PCCOOLER CORONA 3-in-1 FRGB KIT,"40,780","40,780","40,780"
9603840,PCCOOLER GI-46U CORONA,"29,640","29,640","29,640"
9931788,PCCOOLER GI-CX240 ARGB,"84,600","84,550","84,460"
9961569,PCCOOLER GI-CX360 ARGB,"118,720","118,720","118,350"
12192281,PCCOOLER GI-X4S,"20,850","20,900","20,880"
10079529,PCCOOLER HALO 120 RGB SYNC PWM,"12,180","12,180","12,180"
7202854,PCCOOLER HALO 3-in-1 FRGB KIT,"29,300","29,300","29,300"
14110475,PCCOOLER PALADIN 400,"19,900","27,460","27,460"
3534735,PCCOOLER PCC-34 SLIM,"13,700","13,700","13,700"
8639456,PNC PARTNER EVEREST MEMORY HEAT RGB,"33,000","33,000","33,000"
9471243,PNC PARTNER EVEREST MEMORY HEAT RGB SILVER,"33,510","33,510",0
11438058,PNC PARTNER EVEREST PN-5000 RGB,"65,530","65,530","65,530"
8174938,PNC PARTNER EVEREST PN-HEAT4 RGB,"20,680","20,680","20,680"
8175169,PNC PARTNER EVEREST PN-HF681 RGB,"9,790","9,790","9,790"
12743672,PNC PARTNER EVEREST PN-HF681 RGB PWM,0,"16,500","16,500"
13341176,PNC PARTNER EVEREST PN-HF681 RGB PWM COPPER,"22,470","22,470","22,470"
9656520,PNC PARTNER EVEREST PP-TEMP RGB 그래픽카드 지지대,"44,240","44,150","44,040"
8308215,PNC PARTNER EVEREST RGB 그래픽카드 지지대,0,"17,800","17,710"
13498667,PROLIMATECH LYNX,"12,490","12,490","12,490"
13425368,PROLIMATECH Megahalems Blue,"49,600","49,600","49,600"
4664380,PROLIMATECH NEW GENESIS,"54,930","54,920","54,880"
13155743,Phanteks GLACIER ONE 240MP,"172,860","172,860","172,860"
13155839,Phanteks GLACIER ONE 240MPH,"217,000","217,000","217,000"
13155905,Phanteks GLACIER ONE 280MP,"193,440","193,440","192,230"
13155974,Phanteks GLACIER ONE 360MP,"241,620","241,620","241,620"
12418916,Phanteks PH-F120SK DRGB PWM,"22,470","22,470","22,470"
12418886,Phanteks PH-F140SK BBK PWM,0,0,"16,600"
12418934,Phanteks PH-F140SK DRGB PWM,"23,540","23,540","23,540"
14061479,QIHUIDA QH12025SE 12M,"1,610","1,610","1,610"
2756739,REEVEN COLDWING 12-P,0,0,"16,550"
9299019,REX COOL 115X,0,0,"3,200"
13000988,SCYTHE BIG SHURIKEN 3 RGB,"67,100","67,100","67,100"
8918600,SCYTHE FUMA 2,"84,720","84,720","84,720"
14259038,SCYTHE KAZE FLEX 120 BLACK PWM,가격비교예정,가격비교예정,가격비교예정
6761002,SCYTHE KAZE FLEX 120 RGB PWM,"17,800","17,800","17,800"
13014401,SCYTHE KAZE FLEX 120 SLIM RGB PWM,"17,300","17,300","17,300"
13014569,SCYTHE KAZE FLEX 140 PWM,"17,500","17,470","17,440"
14258753,SCYTHE KAZE FLEX 92 RGB PWM,가격비교예정,가격비교예정,가격비교예정
3401733,SCYTHE KAZE-JYUNI DB 1200 (SY1225DB12M),0,"9,040","9,100"
13000961,SCYTHE KOTETSU MARK II ARGB,"62,060","62,060","62,060"
5002477,SCYTHE MUGEN 5,"71,840","71,840","71,840"
10319562,SCYTHE MUGEN 5 ARGB PLUS,"98,570","98,570","98,570"
14259230,SCYTHE MUGEN 5 BK ARGB,가격비교예정,가격비교예정,가격비교예정
8918876,SCYTHE MUGEN 5 BK RGB,"81,800","81,800","81,800"
12995603,SCYTHE MUGEN 5 BLACK EDITION,"86,630","86,630","86,630"
7069039,SCYTHE MUGEN 5 TUF Gaming,"87,410","87,890","87,890"
11295096,SCYTHE SHURIKEN 2,"55,000","55,000","55,000"
12541715,SNOWMAN MTG10 써멀구리스,"12,200",0,0
12541661,SNOWMAN MTG2 써멀구리스,"1,660","1,670","1,660"
12541679,SNOWMAN MTG5 써멀구리스,"4,940","4,940","4,990"
11893465,SUNON EE92251BX,"7,000","7,000","7,000"
11893495,SUNON HA30101V3,"5,000",0,0
11893615,SUNON PMD1204PQB1,"9,670",0,0
11893666,SUNON PMD1209PMB1,"12,000","12,000",0
11893702,SUNON PSD1204PHB1,"8,000","8,000","8,000"
11233590,SUNON PSD1204PKB3-A,"8,490","8,490","8,490"
14095400,Segotep ARGB HUB 5V,"9,630","9,630","9,630"
14078816,Segotep Cambrian U6,"37,860","37,820","37,780"
13051943,Segotep Frozen Tower T2,"6,880","6,880","6,880"
13051598,Segotep Frozen Tower T5,"22,500","22,500","22,500"
13052486,Segotep ROMANTIC 12,"3,830","3,830","3,830"
8037406,Shenzhen Newtech CooNong 3647 2U,"57,990","57,990","57,980"
13544429,SilverStone Hydrogon D120 ARGB,"68,990","68,990","68,990"
13050536,SilverStone IceGem 240P,"164,500","164,500","164,500"
12389489,SilverStone IceGem 240P STCOM,"211,490","211,490","211,490"
13177634,SilverStone IceGem 280,"204,380","204,380","204,380"
12825986,SilverStone IceGem 280 STCOM,"223,990","223,990","223,990"
13050563,SilverStone IceGem 360,"204,900","204,900","204,900"
12389690,SilverStone IceGem 360 STCOM,"232,000","232,000","232,000"
2580764,SilverStone NT07-115X,"28,220","28,220","28,220"
12646874,SilverStone SST-AB120R-ARGB,"13,890","13,890","13,890"
12825854,SilverStone SST-AB120RW-ARGB,"14,000","14,000","14,000"
9695373,SilverStone SST-AP124-ARGB STCOM,0,0,"28,990"
10820766,SilverStone SST-AR12-RGB,"34,040","34,040","34,040"
11753294,SilverStone SST-FF123B,"18,040",0,0
7541398,SilverStone SST-FF125B,"5,100","5,100",0
9695418,SilverStone SST-FW124-ARGB STCOM,0,"23,000","23,000"
11227245,SilverStone SST-KR03,"11,820","11,820","11,820"
6624940,SilverStone SST-NT08-115XP,"21,360","21,360","21,360"
9658299,SilverStone SST-PF120-ARGB,"89,340","89,340","90,260"
9389814,SilverStone SST-PF240-ARGB STCOM,"115,990","115,990","115,990"
12825662,SilverStone SST-PF240W-ARGB,"138,640","138,640","138,640"
9390051,SilverStone SST-PF360-ARGB STCOM,"155,160","155,160","155,160"
13191269,SilverStone SST-PF360-ARGB 아이보라,0,"141,550","141,550"
12825743,SilverStone SST-PF360W-ARGB STCOM,"179,530","179,530","179,530"
12859556,SilverStone SST-TP03-ARGB,0,"25,460","25,460"
14059886,TaiSol FRU-TH-0220,"14,880","14,880",0
3889045,Thermal Grizzly Aeronaut,"5,670","5,630","5,620"
13536227,Thermal Grizzly Carbonaut 25x25,"16,760","16,670","16,640"
13536254,Thermal Grizzly Carbonaut 31x25,"19,370","19,370","19,370"
13536272,Thermal Grizzly Carbonaut 32x32,"17,060","16,970","16,860"
13536293,Thermal Grizzly Carbonaut 38x38,"22,300","22,300","22,300"
3889047,Thermal Grizzly Conductonaut,"16,480","16,450","16,340"
3889040,Thermal Grizzly Hydronaut,"7,280","7,280","7,280"
7161883,Thermal Grizzly Kryonaut,"7,690","7,670","7,680"
13509155,Thermal Grizzly Kryonaut Extreme,"35,850","35,850","35,850"
13536542,Thermal Grizzly minus pad8 100x100,"32,640","32,640","32,600"
13536665,Thermal Grizzly minus pad8 120x20,"11,990","11,990","11,990"
13563809,Thermal Grizzly minus pad8 120x20 2장,"17,730","17,640","17,530"
4673746,Thermalright AXP-100RH,"76,990","76,990","76,990"
2232721,Thermalright AXP-200,"96,360","96,360","96,360"
2359447,Thermalright AXP-200R ROG,"96,660","96,660","96,360"
12342236,Thermalright AXP-90I,"40,790","40,700","41,780"
12342302,Thermalright AXP-90I FULL,"65,230","65,170","65,120"
12342260,Thermalright AXP-90R,"41,340","41,270","41,160"
12342314,Thermalright AXP-90R FULL,"65,610","65,550","65,500"
2852606,Thermalright Archon IB-E X2,0,"110,880",0
12360800,Thermalright Assassin King 120,"48,990","48,900","48,830"
12360842,Thermalright Assassin King 120 MINI,"48,390","48,300","48,190"
12360944,Thermalright Assassin King 120 PLUS,"58,880","58,880","58,810"
12360986,Thermalright Assassin Spirit 120,"38,650","38,560","38,450"
12361019,Thermalright Assassin Spirit 120 PLUS,"46,790","46,790","46,780"
12361040,Thermalright Assassin Spirit 120 RGB,"40,790","40,790","40,790"
12361127,Thermalright Assassin X 120,"41,510","41,420","41,380"
12361139,Thermalright Assassin X 120 PLUS,"50,520","50,430","50,390"
12361271,Thermalright FROST SPIRIT 140,"74,500","74,410","74,300"
12361301,Thermalright FROST SPIRIT 140 RGB,"86,400","86,380","86,350"
14134295,Thermalright Frost Commander 140,"93,000","93,000","93,000"
13485356,Thermalright HR-02 PLUS,"114,340","115,240","115,190"
5065244,Thermalright Le GRAND MACHO RT,"99,110","99,110","99,110"
12342434,Thermalright M.2 22110 HEATSINK,0,"13,690",0
12342413,Thermalright M.2 2280 ARGB HEATSINK,0,"17,950",0
9615216,Thermalright M.2 2280 HEATSINK,"10,800","10,800","10,800"
12342401,Thermalright M.2 2280 PRO HEATSINK,"16,000","16,000","16,000"
3078976,Thermalright Macho 90,"47,490","47,490","47,490"
9615081,Thermalright Macho Rev.C,"77,160","77,160","77,160"
13485593,Thermalright Macho Rev.C PLUS,"81,690","81,600","81,490"
9615177,Thermalright ODYSSEY THERMAL PAD,"10,960","10,960","10,960"
12342092,Thermalright ODYSSEY THERMAL PAD 120x120,"17,900","17,960","17,880"
14036825,Thermalright ODYSSEY THERMAL PAD 120x20,"7,300",0,0
14078168,Thermalright Peerless Assassin 120 Black,"69,500","69,500","69,500"
14078225,Thermalright Peerless Assassin 120 White ARGB,"74,700","74,700","74,700"
9647751,Thermalright SILVER ARROW IB-E EXTREME REV.B,0,0,"142,000"
6401609,Thermalright SILVER ARROW TR4,0,0,"140,900"
8415129,Thermalright SILVER KING,0,"15,600","15,600"
5084136,Thermalright Silver Arrow ITX-R,"121,540","121,540","121,540"
8414961,Thermalright TFX,"14,000","14,000",0
7646545,Thermalright TFX,0,0,"14,000"
12376865,Thermalright TL-9015,"12,200","12,200","12,190"
12376874,Thermalright TL-9015R,"11,940","12,300","12,190"
14078462,Thermalright TL-B12,"26,160","26,160","26,160"
14078504,Thermalright TL-B12W,"27,400","27,400","27,400"
12376925,Thermalright TL-C12 PRO,"25,900","25,900","25,890"
12376946,Thermalright TL-C12 PRO-W,0,"25,900","25,890"
12376979,Thermalright TL-C12-B,"16,390","16,390","16,380"
12377051,Thermalright TL-C12015,"15,570","15,570","15,570"
12377330,Thermalright TL-C12R-S ARGB,"23,390","23,390","23,380"
12377276,Thermalright TL-C12S ARGB,"23,390","23,390","23,390"
12377090,Thermalright TL-C14,"18,900","18,900","18,880"
12377129,Thermalright TL-C14S ARGB,"26,890","26,890","26,890"
12377207,Thermalright TL-D14S ARGB,"26,820","26,730","26,620"
12361223,Thermalright TRUE SPIRIT 120 PLUS,"66,010","65,920","65,810"
12361208,Thermalright TRUE SPIRIT 120 REV.B,"57,050","56,960","56,850"
4673723,Thermalright TRUE Spirit 140 Direct,"60,800","60,800","60,800"
2756636,Thermalright TRUE Spirit 140 POWER,"76,500","76,500","76,500"
2523579,Thermalright TRUE Spirit 90M Rev.A,0,"38,180","38,180"
2446784,Thermalright TY-14013R,"15,500","15,500","15,500"
1536172,Thermalright True Spirit 140,"59,990","59,990","59,990"
13485446,Thermalright VENOMOUS PLUS,"104,240","104,060","105,000"
9671943,XIGMATEK AURORA 240,"90,470","90,470","90,470"
9657564,XIGMATEK AURORA 360,"115,000","115,000","115,000"
14147909,YJ-G190 실버 써멀구리스,"2,000","2,000","2,000"
14147939,YJ-G300 골드 써멀구리스,"4,200","4,200","4,200"
7978027,be quiet DARK ROCK SLIM,"82,300","82,300","82,300"
6227740,be quiet Dark Rock 4,"100,230","100,230","100,230"
4577000,be quiet PURE WINGS 2 PWM,"22,490",0,0
4577029,be quiet PURE WINGS 2 PWM,0,"22,490","22,390"
11277300,be quiet SHADOW ROCK 3,"73,830","73,830","73,830"
12532517,be quiet SHADOW ROCK 3 WHITE,"83,280","83,280","83,280"
7552999,be quiet SHADOW WINGS 2,"22,380","22,470","22,360"
7552972,be quiet SHADOW WINGS 2 PWM,"23,410",0,0
7553023,be quiet SHADOW WINGS 2 PWM,0,"23,410","23,410"
4529365,be quiet SILENT WINGS 3,"32,430","32,430","32,430"
4529625,be quiet SILENT WINGS 3 PWM,"32,430","32,430","32,430"
10359315,darkFlash ARGB Master RC1 REMOTE KIT,"12,950","12,950","12,950"
11878780,darkFlash C6M 140 RGB,"10,260",0,0
11878798,darkFlash C6M 140 RGB,0,"10,260","10,260"
10321461,darkFlash C6M 4PIN TO 3PIN 변환 케이블,"2,690","2,670","2,670"
9647196,darkFlash C6MS RGB,"21,260","21,260","21,260"
11878687,darkFlash C6S 140 RGB,"8,890",0,0
11878705,darkFlash C6S 140 RGB,0,"8,890","8,890"
9642285,darkFlash C6S RGB,"7,000","7,000","7,000"
9907905,darkFlash C6S RGB SYNC 5V 케이블,"4,300","4,300","4,300"
10359267,darkFlash C7 ARGB,"16,100","16,100","16,100"
10502961,darkFlash CF11 PRO ARGB,"8,190","8,190","8,190"
10502985,darkFlash CF11 PRO ARGB REMOTE COMBO KIT,"20,000","20,000","20,000"
10502727,darkFlash CF140 PRO ARGB,"11,830","11,830","11,830"
10502829,darkFlash CF140 PRO ARGB REMOTE COMBO KIT,"23,420","23,420","23,420"
10484079,darkFlash CF8 PRO ARGB,"9,490","9,490","9,490"
10484130,darkFlash CF8 PRO ARGB REMOTE COMBO KIT,"20,230","20,230","20,230"
12530012,darkFlash DL240 ARGB 그래픽카드 지지대,"18,250","18,250","18,250"
11997590,darkFlash DM1 M.2 SSD 방열판,"8,470","8,470","8,470"
11997608,darkFlash DM2 ARGB M.2 SSD 방열판,"9,000","8,950","8,940"
12444635,darkFlash DM3 M.2 SSD 방열판,"9,600","9,600","9,600"
12444692,darkFlash DM4 ARGB M.2 SSD 방열판,"10,200","10,200","10,200"
9714195,darkFlash L6 RGB,"20,500","20,500","20,500"
11788756,darkFlash LP30 ARGB PSU 커버,"14,020","14,020","14,020"
13098359,darkFlash LP40 ARGB PSU 커버,"15,470","15,470","15,470"
13018505,darkFlash MH-30 ARGB 5V 컨트롤러,"95,000","95,000",0
10958937,darkFlash TALON PRO ARGB,"14,590","14,590","14,590"
10958988,darkFlash TALON PRO ARGB REMOTE COMBO KIT,"25,940","25,940","25,940"
14219342,darkFlash Tracer DT-240 ARGB,"65,800","65,800","65,800"
14219333,darkFlash Tracer DT-240 ARGB,0,"65,800",0
9237651,darkFlash Tracer DT-240 RGB,"55,100","55,100","55,100"
14219396,darkFlash Tracer DT-360 ARGB,"77,570","77,570","77,570"
14219390,darkFlash Tracer DT-360 ARGB,"77,570",0,0
9237663,darkFlash Tracer DT-360 RGB,"65,900","65,900","65,900"
12086153,darkFlash Twister DX-240 ARGB,"64,000","64,000","64,000"
12055523,darkFlash Twister DX-360 ARGB,"80,230","80,230","80,230"
11616470,darkFlash darkair ARGB,"26,510","26,510","26,510"
11616524,darkFlash darkair rainbow,"24,160","24,160","24,160"
9948942,delifen RGB-4HEAT120,"15,690","15,580","15,510"
11651309,ebmpapst 4412 F/39GL,"18,620",0,0
10415916,ebmpapst 4414F39 3P,"15,110","15,110","15,110"
3859993,ebmpapst 612 F39L-2P,0,"6,940","6,940"
3662125,ebmpapst 8412N2GME-2P,"7,000","7,000","7,000"
11805727,topower Guardian TOP-GV1 그래픽카드 지지대,"7,500","7,500","7,500"
10574391,갤럭시 GALAX RGB 그래픽카드 지지대,"17,190","17,190","17,190"
10266549,건평정보통신 IPLEX Typhoon,"20,990","20,990","20,990"
11657537,건평정보통신 IPLEX Typhoon V2,"22,140","22,140","22,140"
13110023,건평정보통신 IPLEX 겨울바람,"6,500","6,500","6,500"
6893767,대양케이스 CHAMELLIGHT AUTO RGB 120 듀얼링,"5,000","5,000","5,000"
6893878,대양케이스 CHAMELLIGHT AUTO RGB PWM 120 듀얼링,0,"5,450","5,450"
6893980,대양케이스 CHAMELLIGHT RAINBOW 120 듀얼링,"4,300","4,300","4,300"
6894082,대양케이스 CHAMELLIGHT RAINBOW PWM 120 듀얼링,"4,700","4,700","4,700"
10214610,대양케이스 ME NO.8 140,"10,480","10,480","10,480"
11318442,대양케이스 V1 그래픽카드 지지대,"6,700","6,700","6,700"
4555121,대원TMT HY410-ST20G 써멀 구리스,"1,200","1,200","1,200"
4555067,대원TMT HY410-TU1G 써멀 구리스,600,600,600
4555113,대원TMT HY410-TU20G 써멀 구리스,"1,200","1,200","1,200"
4555101,대원TMT HY410-TU5G 써멀 구리스,"1,100","1,100","1,100"
11650595,델타 AFB0824L,"5,800","5,800","5,800"
4678186,디지탈그리고나 e-STAR M.2 NVMe COOLING Cover,"3,280","3,280","3,270"
1492792,디직스 MHS-CU 메모리 구리 방열판,"5,800","5,730",0
927599,디직스 메모리 방열판 Ver.2,"3,030","3,030","3,030"
2703529,라이트컴 COMS BE060 쿨러 구리스 Gold,"1,830","1,770","1,760"
6452060,라이트컴 COMS BF031 알루미늄 쿨러 방열판,0,0,580
2297172,라이트컴 COMS HT-STG2 쿨러 구리스,"2,170","2,160","2,160"
6296984,라이트컴 COMS HY-STG,"3,890","3,890",0
2298009,라이트컴 COMS IDL-280 쿨러구리스,0,700,700
2298226,라이트컴 COMS NT854 쿨러구리스 Silver,990,990,990
13495667,라인업시스템 LS-MHEAT 메모리 방열판,"1,580","1,580","1,580"
12003095,리버네트워크 NEXI NX-HS-1FAN (NX1084),"14,900","14,900","14,900"
12003122,리버네트워크 NEXI NX-HS-2FAN (NX1085),"18,900","18,900","18,900"
11492265,리버네트워크 NEXI NX-HS03 (NX1057),"2,300","2,300","2,300"
11492280,리버네트워크 NEXI NX-HS06 (NX1058),"2,300","2,300","2,300"
13427975,리뷰안 M2F08 M.2 SSD 방열판,"6,800","6,800","6,800"
13062317,리뷰안 M2F10 M.2 SSD 방열판,"8,700","8,700","8,700"
10892862,리뷰안 M2F19 M.2 SSD 방열판,"12,900","12,900","12,900"
7477978,리뷰안 M2F35 M.2 SSD 팬 방열판,"27,300","27,300","27,300"
8984768,리안리 BORA DIGITAL,"78,000","78,000","78,000"
6315174,리안리 BORA LITE 120 RGB FAN BLACK,"49,000","49,000","49,000"
11881408,리안리 GALAHAD AIO 240 ARGB,"154,000","154,000","154,000"
11881435,리안리 GALAHAD AIO 360 ARGB,"204,500","204,500","204,500"
8025700,리안리 GB-001 그래픽카드 지지대,"7,640","7,620","7,570"
13106777,리안리 ST120 BLACK,"59,000","59,000","59,000"
13106789,리안리 ST120 WHITE,"59,000","57,780","57,150"
12308255,리안리 UNI FAN SL120 BLACK,"28,000","28,000","28,000"
12308393,리안리 UNI FAN SL120 WHITE,"28,000","28,000","28,000"
12712553,리안리 UNI FAN SL140 BLACK,"35,970",0,0
12712517,리안리 UNI FAN SL140 BLACK,0,"35,970","35,970"
12712613,리안리 UNI FAN SL140 WHITE,"36,000","36,000","36,000"
10900908,마이크로닉스 COOLMAX AID W240 ARGB,"58,800","58,800","58,800"
11780869,마이크로닉스 COOLMAX AID W360 ARGB,"72,200","72,200","72,200"
6366433,마이크로닉스 MANIC 트윙클 Digital RGB Sync,"15,890","15,890","15,890"
8887472,마이크로닉스 TEMPEST2 ARGB 120,"34,500","34,500","34,500"
7825918,마이크로닉스 TEMPEST2 Ring Dual Impeller 120,"8,100","8,100","8,100"
2009854,마하링크 ML-G001 써멀구리스,520,540,540
5967274,맥스엘리트 SY12038-DB25 BTC,"11,000","10,990","10,990"
13606829,메인보드 진단고장 스피커 부저,120,120,120
14242769,몬스타 데빌하트 360 AMD 커스텀수냉 키트,"399,000","399,000","399,000"
14240471,몬스타 데빌하트 360 인텔 커스텀수냉 키트,"399,000","399,000","399,000"
13489520,삼척전자 MCB-M3 쿨아이 메인보드 쿨러 거치대,"26,400","26,400","26,400"
8525223,샤칸 APEX240 파힐리언 RGB,"89,000","89,000",0
8301054,샤칸 APEX240 파힐리언 RGB,0,0,"89,000"
11909311,샤칸 CERES XT120 RGB,"8,500","8,500","8,500"
9528576,샤칸 PR120S 파힐리언 RGB,"12,970","12,970","12,970"
6564470,샤칸 XTC-4,"5,000","5,000","5,000"
7914637,샤칸 XTC-4 G20,"17,500","17,500","17,400"
6728029,시스기어 RGB STRIP BAR AURA SYNC 5V,"12,800","12,890","12,810"
10582881,시스기어 VGA SIDEARM V2 with ASUS ROG,"19,900","19,900","19,900"
14206187,싸이오닉 XTC3 서멀구리스,"8,400","8,400","8,400"
4853112,써멀테이크 Commander FP,"23,670","23,670","23,670"
9395865,써멀테이크 Floe DX RGB 240 TT 프리미엄 에디션,"213,750","213,750","213,750"
9395961,써멀테이크 Floe DX RGB 280 TT 프리미엄 에디션,"234,650","234,650","234,650"
9396000,써멀테이크 Floe DX RGB 360 TT 프리미엄 에디션,"284,930","284,930","284,930"
5548108,써멀테이크 Floe Riing RGB 240 TT 프리미엄 에디션,"213,500","213,500","213,500"
9372432,써멀테이크 Floe Riing RGB 280 TT 프리미엄 에디션,"183,540","183,540","183,540"
5548128,써멀테이크 Floe Riing RGB 360 TT 프리미엄 에디션,"266,000","266,000","266,000"
8116579,써멀테이크 Pure 12 ARGB Sync 라디에이터 팬 TT 프리미엄 에디션,"68,000","68,000","68,000"
11147601,써멀테이크 Pure 14 ARGB Sync 라디에이터 팬 TT 프리미엄 에디션,"82,000","82,000","82,000"
7539241,써멀테이크 Pure 20 ARGB Sync TT 프리미엄 에디션,"68,950","68,950","68,950"
12953000,써멀테이크 Pure Duo 14 ARGB Sync 라디에이터 팬 White,"55,640","55,640","55,530"
3150619,써멀테이크 Riing 12 LED FAN,"16,000","16,000","16,000"
5387311,써멀테이크 Riing Plus 12 RGB TT 프리미엄 에디션,"182,500",0,0
5387292,써멀테이크 Riing Plus 12 RGB TT 프리미엄 에디션,0,"182,500","182,500"
8017816,써멀테이크 Riing Plus 20 RGB 케이스 팬 TT 프리미엄 에디션,0,"47,000","47,000"
10791396,써멀테이크 Riing Quad 12 RGB White 라디에이터 팬 TT 프리미엄 에디션,"164,350","164,350","164,350"
10791222,써멀테이크 Riing Quad 12 RGB 라디에이터 팬 TT 프리미엄 에디션,"172,060","172,060","172,060"
10791426,써멀테이크 Riing Quad 14 RGB White 라디에이터 팬 TT 프리미엄 에디션,"179,600","179,600","179,600"
6780901,써멀테이크 Riing Trio 12 RGB 라디에이터 팬 TT 프리미엄 에디션,"158,500","158,500","158,500"
9885663,써멀테이크 S200 DDR4 메모리 라이팅 키트,"40,070","40,070","40,500"
12964121,써멀테이크 TG-30,"10,380","10,320",0
12964136,써멀테이크 TG-50,0,"13,380","13,380"
12712880,써멀테이크 TH240 ARGB Sync,"108,710","108,710","108,710"
12712919,써멀테이크 TH240 ARGB Sync Snow,"117,000","117,000","117,000"
12712979,써멀테이크 TH360 ARGB Sync,"146,610","146,670","146,610"
12712994,써멀테이크 TH360 ARGB Sync Snow,"153,650","153,650","151,560"
14345735,써멀테이크 TOUGHAIR 310,0,가격비교예정,"49,000"
14345807,써멀테이크 TOUGHAIR 510,0,가격비교예정,"67,500"
14330621,써멀테이크 TOUGHFAN 12 라디에이터 팬,"24,830","24,830","24,830"
14163620,써멀테이크 TOUGHFAN 12 라디에이터 팬,"24,830","24,830","24,830"
14330690,써멀테이크 TOUGHFAN 14 라디에이터 팬,"28,800","29,190","29,190"
14163689,써멀테이크 TOUGHFAN 14 라디에이터 팬,"28,800","29,190","29,190"
14234258,써멀테이크 TOUGHLIQUID 240 ARGB Sync,"139,000","139,000","139,000"
14234366,써멀테이크 TOUGHLIQUID 280 ARGB Sync,"155,000","155,000","152,000"
14234528,써멀테이크 TOUGHLIQUID 360 ARGB Sync,"175,000","175,000","174,000"
6000080,써멀테이크 TT 프리미엄 SYNC 컨트롤러,"27,000","27,000","27,000"
9364272,써멀테이크 UX200 ARGB Lighting,"39,830","39,830","39,830"
7539595,써멀테이크 Water 3.0 120 ARGB Sync,"148,740","148,740","148,740"
7539406,써멀테이크 Water 3.0 240 ARGB Sync,"186,900","186,900","186,900"
7328551,써멀테이크 Water 3.0 360 ARGB Sync,"222,300","222,300","222,300"
4835659,써멀테이크 Water 3.0 Riing RGB 360,"199,240","199,240","199,240"
11823580,써모랩 BADA 6.0,"32,400","32,400","32,400"
1706848,써모랩 LP53,"34,990","34,990","34,990"
5035213,써모랩 M2 써멀 컴파운드,"2,220","2,220","2,220"
11901880,써모랩 TRINITY 6.0,"39,000","38,970","39,000"
11814364,써모랩 TRINITY WHITE LED 6.0,"39,700","39,650","40,250"
12647738,아이구주 HV1 그래픽카드 지지대,"9,350",0,0
12647750,아이구주 HV1 그래픽카드 지지대,0,"9,350","9,350"
5406128,아이구주 VH1 그래픽카드 지지대,"14,900","14,900","14,900"
5162390,아이구주 타이푼 Double RING,0,0,"3,500"
11308065,얼티메이크 EPIC 120 ARGB,"23,760","23,760","23,900"
13908842,얼티메이크 EPIC 120 ARGB FAN,"7,900","7,900","7,900"
12588671,얼티메이크 EPIC 120 PLUS ARGB WHITE,"38,020","38,020","38,900"
13910480,얼티메이크 EPIC 120 PLUS SNOW,"36,300","36,300","36,300"
8378979,에너맥스 AQUAFUSION 240 ARGB,"142,000","142,000","142,000"
9668130,에너맥스 AQUAFUSION 240 WHITE ARGB,"141,000","141,000","141,000"
10386900,에너맥스 AQUAFUSION 360 ARGB,"154,000","154,000","154,000"
4033323,에너맥스 D.F PRESSURE UCDFP12P,0,0,"16,500"
5591179,에너맥스 EAG001,"8,000","8,360","8,180"
9483522,에너맥스 ETS-T40 Fit,"47,620","47,620","47,620"
9354741,에너맥스 ETS-T50 AXE,"51,000","51,000","51,000"
9483702,에너맥스 ETS-T50 AXE ARGB,"56,680","56,680","56,680"
6428093,에너맥스 LIQFUSION 240 ARGB,"154,990","154,990","154,990"
9767991,에너맥스 LIQMAX III ARGB 120,"187,990","187,990","187,990"
9767994,에너맥스 LIQMAX III ARGB 240,"95,000","95,000","95,000"
11015937,에너맥스 LIQMAX III ARGB 360,"128,000","128,000","128,000"
9724104,에너맥스 LIQMAX III RGB 240,"88,000","88,000","88,000"
8587058,에너맥스 LIQTECH II 240 ARGB,"155,000","155,000","155,000"
8587118,에너맥스 LIQTECH II 280 ARGB,"165,000","165,000","165,000"
8587208,에너맥스 LIQTECH II 360 ARGB,"188,000","188,000","188,000"
7979629,에너맥스 LIQTECH TR4 II 240 ARGB,"168,000","168,000","168,000"
8705594,에너맥스 SquA RGB,"20,000","20,000","20,000"
9211599,에너맥스 T.B.SILENCE ADV UCTBA14P,"19,000","19,000","19,000"
11676548,엠디디지탈 MDVS01 그래픽카드 지지대,"6,900",0,"6,900"
11724002,엠디디지탈 MDVS02 그래픽카드 지지대,"6,900",0,0
12172163,엠스톤 mStone 아틀라스 SUS ARGB 그래픽카드 지지대,"17,890","17,890","17,890"
12172160,엠스톤 mStone 아틀라스 아크릴 ARGB 그래픽카드 지지대,"9,900","9,900","9,900"
11459502,오존컴퍼니 마이크로박스 Cool CU-1200,"12,690","12,690","12,690"
2174559,올테크 펀쿨러 FC-12025T,"3,700","3,700",0
2174562,올테크 펀쿨러 FC-12025T,0,0,"3,700"
2174585,올테크 펀쿨러 FC-4010-3P-Sleeve,"1,400","1,400","1,400"
9691314,와이피씨앤씨 YP-S6,"6,280","6,280","6,280"
14148809,우앤이 WL12038HA2S,"6,200","6,180","6,190"
14080094,유커머스 UC-CP78,일시품절,일시품절,일시품절
10125285,이엠텍 RBX4,"5,500","5,500","5,500"
13102370,이엠텍 REDBIT 240 ARGB,"66,900","66,900","66,900"
13102442,이엠텍 REDBIT 280 ARGB,"86,380","86,980","86,750"
9969528,이엠텍 REDBIT MIRACLE 120,"5,280","5,280","5,280"
9952980,이엠텍 REDBIT MIRACLE 360,"71,680","71,680","71,680"
8923070,이엠텍 REDBIT RB-1 AUTO RGB 그래픽카드 지지대,"17,350","17,350",0
8923142,이엠텍 REDBIT RB-1 AUTO RGB 그래픽카드 지지대,0,0,"18,780"
10796097,이엠텍 REDBIT TURBO JET FAN 120E R2,"8,000","8,000","7,910"
8437785,이엠텍 REDBIT TURBO JET FAN 140E,"7,540","7,540","7,540"
10796190,이엠텍 REDBIT TURBO JET FAN 140E R2,0,"8,940","8,940"
11738138,이엠텍 라디에이터 나사 와셔 SET,"1,980",0,"1,990"
12658235,인텔 소켓 1200 정품,"5,750","4,880","4,880"
1206389,인텔 소켓1156 정품,"2,410","2,370","2,460"
125786,인텔 소켓775 정품,"4,740","4,740","4,740"
2892880,인텔 써멀 솔루션 TS13A,"24,370","24,370","24,370"
3383868,인텔 써멀 솔루션 TS15A,"35,300","35,300","35,300"
3425024,인텔 인텔 115X 정품,"2,990","2,990","2,990"
13365653,인텔 인텔 115X 정품 중고,"1,290","1,290","1,290"
7396054,잘만 CNPS10X OPTIMA II,"35,500","35,500","35,500"
12023648,잘만 CNPS10X OPTIMA II RGB,"39,900","39,900","39,900"
14076317,잘만 CNPS10X PERFORMA BLACK,"34,900","34,900","41,250"
14144915,잘만 CNPS10X PERFORMA ST,"31,800","31,890","31,790"
10822371,잘만 CNPS16X,"57,200","59,900","59,900"
10029645,잘만 CNPS17X,"59,500","59,500","59,500"
10029720,잘만 CNPS20X,"89,000","89,000","105,150"
2014770,잘만 CNPS2X,"26,000","26,000","25,410"
10267374,잘만 CNPS4X,"18,000","18,000","18,000"
12815027,잘만 CNPS4X RGB,"19,900","19,900","19,900"
9723543,잘만 CNPS80G,"5,500","5,500","5,500"
11442231,잘만 CNPS80G Rev.1,"6,900","6,900","6,900"
6375041,잘만 CNPS9X OPTIMA WHITE LED,"27,500","27,500","27,500"
10701540,잘만 N5 MF FAN,"4,780","4,780","4,830"
10701567,잘만 N5 OF FAN,"4,950","4,950","4,950"
10250376,잘만 Z-SYNC ARGB Controller,"24,500","24,500","24,500"
7544503,잘만 ZM-RFD120 SPECTRUM RGB,"7,000","7,000","7,000"
9910437,잘만 ZM-RFD120A SPECTRUM RGB,"12,000","12,000","12,000"
10267623,잘만 ZM-SF120 ARGB,"24,000","24,000","24,000"
10267833,잘만 ZM-SF140 ARGB,"26,000","26,000","26,000"
7425745,잘만 ZM-STC7,"7,290","7,290","7,290"
9723438,잘만 ZM-STC8,"1,900","1,900","1,900"
7425823,잘만 ZM-STC9,"12,520","12,430","12,320"
5647865,장우컴퍼니 JW-HTK01 M.2 방열판,"1,690","1,690","1,690"
5965781,장우컴퍼니 JW-HTK03 M.2 방열판,"5,900","5,900","5,900"
11153589,장우컴퍼니 JW-HTK04 M.2 SSD 방열판,"6,100","6,100","6,100"
12263558,장우컴퍼니 JW-HTK05 M.2 SSD 방열판,"7,390","7,390","7,390"
14235047,조이쿨 115x/1200 쿨러 하단가이드,580,580,580
13073507,조이쿨 80MM 팬 필터,0,0,500
13368926,조이쿨 80mm 팬 필터 블랙,900,900,900
11752856,조이쿨 FAN HUB 5PORT,"4,170","4,170","4,200"
12695027,조이쿨 J1 그래픽카드 지지대,"6,300","6,300","6,300"
13083386,조이쿨 JC-10 FAN HUB,"3,810","3,810","3,790"
13436339,조이쿨 JC-20 FAN HUB,0,"5,250","5,190"
14259599,조이쿨 JC-400 써멀구리스,200,200,200
14244098,조이쿨 JC-500 써멀구리스,380,380,380
14221844,조이쿨 JC-700 써멀구리스,940,960,900
13151444,조이쿨 JC-8 FAN HUB,"3,500","3,500","3,500"
12529178,조이쿨 M.2 SLIM 2280 방열판,"4,820","4,820","4,820"
13831010,조이쿨 MHJ-115X,"3,070","3,070","3,070"
13943513,조이쿨 MINI BLUE-92,"8,750","8,750","8,750"
13252115,조이쿨 MJC-90CU,"7,830","7,830","7,830"
13868216,조이쿨 MRM-90 CU,"8,820","8,820","8,820"
14338952,조이쿨 PCI 슬롯쿨러 4색 120,"15,000","15,000","14,950"
14339003,조이쿨 PCI 슬롯쿨러 레드 120,"15,000","15,000","14,950"
14338976,조이쿨 PCI 슬롯쿨러 블루 120,"15,000","15,000","14,950"
14365097,조이쿨 PCI 슬롯쿨러 화이트 120,0,0,"15,500"
14338817,조이쿨 PCI 팬가이드 클립 120 팬추가용,"1,500","1,500","1,500"
12993356,조이쿨 RGB 12V SATA 컨트롤러,"5,000","5,000","5,000"
13132019,조이쿨 RGB 5V 3P 1:3,"3,000","3,000","3,000"
11317422,조이쿨 RGB 5V 3P 연장 케이블,"1,810","1,810","1,810"
13106831,조이쿨 RGB 5V SATA 컨트롤러,0,0,"8,320"
11766722,조이쿨 RGB-120,"11,600","11,600","11,600"
12710657,조이쿨 RGB-4PIPE90,"15,850","15,850","15,850"
11858479,조이쿨 RGB-5PIPE 120,"20,050","20,050","20,050"
12911468,조이쿨 RGB-6PIPE90,"22,350","22,350","22,350"
13083413,조이쿨 RGB-90CU SILENT,"7,860","7,860","7,860"
13436081,조이쿨 RGB-AM4,"5,870","5,870","5,870"
13369349,조이쿨 구리 방열판,"2,640","2,640","2,640"
14259359,조이쿨 써멀 테이프 100x100,800,800,800
13163630,조이쿨 써멀패드,"3,600","3,600","3,600"
11316819,조이쿨 써멀패드 GREY,0,"2,920","2,920"
11316735,조이쿨 써멀패드 PINK 6W,"5,500","5,500","5,500"
14148173,조이쿨 파워수리용 120mm 2핀 LED 팬,"3,600","3,600","3,600"
14148152,조이쿨 파워수리용 120mm 2핀 팬,"3,600","3,600","3,600"
13013456,조이쿨 팬 그릴 실버,400,0,0
13013468,조이쿨 팬 그릴 실버,0,400,400
13151399,컴이지 킹덤 THEC1-SGT 120 ARGB,"23,000","23,000","23,000"
13191332,컴이지 킹덤 THEC1-SGT 92 AUTO RGB,"9,660","9,660","9,660"
13264514,컴이지 킹덤 THEC1-SGW 240 ARGB,"52,830","52,830","52,830"
12871610,케이엘시스템 KLcom M.2 2280 방열판,"1,260","1,220","1,260"
11036238,쿨러마스터 ARGB 1-to-5 Splitter Cable,0,"15,820","15,820"
13690781,쿨러마스터 ARGB GPU Support Bracket,"35,310","35,310","35,310"
6561261,쿨러마스터 FA09025L12LPB,"3,700","3,700","3,700"
5037998,쿨러마스터 Gemin II M5 LED,"40,000","40,000","40,000"
8167096,쿨러마스터 HYPER 212 LED Turbo,"42,000","42,000","42,000"
8167180,쿨러마스터 HYPER 212 LED WHITE EDITION,"33,000","33,000","33,000"
10762587,쿨러마스터 HYPER 212 RGB,"22,000","22,000","21,520"
5619255,쿨러마스터 HYPER H410R,"30,000","30,000","30,000"
5619257,쿨러마스터 HYPER H411R WHITE LED,"30,500","30,500","30,500"
10270449,쿨러마스터 MASTERAIR G200P,"53,000","53,000","53,000"
13328954,쿨러마스터 MASTERAIR MA612 STEALTH,"104,000","104,000","104,000"
13329008,쿨러마스터 MASTERAIR MA612 STEALTH ARGB,"117,700","117,700","117,700"
9662775,쿨러마스터 MASTERAIR MA620M,"147,000","147,000","147,000"
13329263,쿨러마스터 MASTERAIR MA624 STEALTH,"154,000","154,000","154,000"
10270674,쿨러마스터 MASTERFAN ARGB AND PWM HUB,"19,300","19,300","19,300"
10270584,쿨러마스터 MASTERFAN MF120 HALO,"23,000","23,000","23,000"
11773075,쿨러마스터 MASTERFAN MF120 HALO 3IN1,"37,630","53,410","61,000"
11468913,쿨러마스터 MASTERFAN MF120 HALO WHITE EDITION,"24,500","24,500","24,500"
13120883,쿨러마스터 MASTERFAN MF120 PRISMATIC,"31,000","31,000","31,000"
13120952,쿨러마스터 MASTERFAN MF120 PRISMATIC 3 in 1,"85,050","85,050","85,050"
13328543,쿨러마스터 MASTERFAN MF120 S3,"17,280","17,280","17,280"
13121114,쿨러마스터 MASTERFAN MF140 HALO,"31,000","31,000","31,000"
7907164,쿨러마스터 MASTERFAN MF200R ARGB,"42,000","42,000","42,000"
9663372,쿨러마스터 MASTERFAN SF120M,"31,350","31,350","31,350"
8864540,쿨러마스터 MASTERFAN SF120R ARGB,"23,550","23,550","23,550"
8864912,쿨러마스터 MASTERFAN SF240R ARGB,"50,300","50,300","50,300"
7907362,쿨러마스터 MASTERFAN SF360R ARGB,"63,410","63,410","63,410"
5523689,쿨러마스터 MasterLiquid ML120L RGB,"94,000","94,000","94,000"
14296820,쿨러마스터 MasterLiquid ML240 Illusion,"174,400","174,400","174,400"
11467314,쿨러마스터 MasterLiquid ML240L V2 ARGB,"112,720","112,720","112,720"
11467260,쿨러마스터 MasterLiquid ML240L V2 RGB,"101,000","101,000","101,000"
6377394,쿨러마스터 MasterLiquid ML240RS,"199,000","199,000","199,000"
6514429,쿨러마스터 MasterLiquid ML280 RGB TR4 EDITION,"177,000","177,000","177,000"
6451831,쿨러마스터 MasterLiquid ML360 RGB TR4 EDITION,"196,200","196,200","196,200"
11467347,쿨러마스터 MasterLiquid ML360L V2 ARGB,"149,220","149,220","149,220"
9662934,쿨러마스터 MasterLiquid ML360P SILVER EDITION,"285,850","285,850","285,850"
6389101,쿨러마스터 MasterLiquid ML360R RGB 컨트롤러,"199,000","199,000","199,000"
5374858,쿨러마스터 RGB LED 컨트롤러,"43,820","43,820","43,820"
11500331,쿨러마스터 SICKLEFLOW 120,"11,000","11,000","11,000"
11492712,쿨러마스터 SICKLEFLOW 120 ARGB 3 in 1,"48,500","48,500","48,500"
13120691,쿨러마스터 SICKLEFLOW 120 ARGB WHITE EDITION,"21,000","21,000","21,000"
13120760,쿨러마스터 SICKLEFLOW 120 ARGB WHITE EDITION 3 in 1,"51,000","51,000","51,000"
1894904,쿨러마스터 STANDARD 1155/1156 SLIM,"9,000","9,000","9,000"
5852917,쿨러마스터 STANDARD A30,"8,500","8,500","8,500"
5853017,쿨러마스터 STANDARD i50,"9,000","9,000","9,000"
5853073,쿨러마스터 STANDARD i70C BLUE LED,"13,680","13,680","13,680"
10456548,투포인츠 여의봉 V1.0 그래픽카드 지지대,"6,360","6,290","6,230"
10456557,투포인츠 여의봉 V2.0 그래픽카드 지지대,"8,900",0,0
10456554,투포인츠 여의봉 V2.0 그래픽카드 지지대,0,"8,890","8,830"
12704252,티엔아이 CRYSTAL RAINBOW,"4,490","4,490","4,490"
12362279,프리플로우 Superb 240LC ARGB,"68,000","66,460","64,890"
8637662,프리플로우 노스웨스터 AC600 super,"37,490","37,480","37,470"
9254613,픽스콤 WHITE 120,"2,010","2,010","2,010"
