Id,Name,2023-04-01 10:24:46,2023-04-02 10:25:46,2023-04-03 10:20:10
15834833,AMD A4 3400 (라노),"중고_4,990","중고_4,990","중고_4,990"
18170813,AMD A4 7300 (리치랜드),"중고_9,490","중고_9,490","중고_9,490"
9736854,AMD EPYC 7232P (롬),"정품_1,392,310","정품_1,392,310","정품_1,392,310"
9736752,AMD EPYC 7302 (롬),"정품_3,244,000","정품_3,244,000","정품_3,244,000"
9736764,AMD EPYC 7302P (롬),"정품_1,615,000","정품_1,615,000","정품_1,615,000"
16909040,AMD EPYC 7543 (밀라노),"정품_5,469,900","정품_5,469,900","정품_5,469,900"
9736071,AMD EPYC 7742 (롬),"정품_12,795,530","정품_12,795,400","정품_12,795,310"
16908977,AMD EPYC 7763 (밀라노),"정품_12,330,000","정품_12,330,000","정품_12,330,000"
4143917,AMD FX 8300 (비쉐라),"중고_43,790","중고_43,790","중고_43,790"
11035590,AMD 라이젠 스레드리퍼 1900X (화이트헤븐),"해외구매_252,760","해외구매_252,760","해외구매_252,760"
5565155,AMD 라이젠 스레드리퍼 1920X (화이트헤븐),"해외구매_643,590","해외구매_643,590","해외구매_643,590"
5565728,AMD 라이젠 스레드리퍼 1950X (화이트헤븐),"해외구매_485,280","해외구매_485,280","해외구매_485,280"
10946196,AMD 라이젠 스레드리퍼 2920X (콜팩스),"해외구매_3,900,000","해외구매_3,900,000","해외구매_3,900,000"
11036559,AMD 라이젠 스레드리퍼 2950X (콜팩스),"해외구매_1,859,300","해외구매_1,859,300","해외구매_1,859,300"
11038053,AMD 라이젠 스레드리퍼 2970WX (콜팩스),"해외구매_1,658,620","해외구매_1,658,620","해외구매_1,658,620"
11035740,AMD 라이젠 스레드리퍼 2990WX (콜팩스),"해외구매_5,400,000","해외구매_5,400,000","해외구매_5,400,000"
11035356,AMD 라이젠 스레드리퍼 3960X (캐슬 픽),"해외구매_2,499,000","해외구매_2,499,000","해외구매_2,499,000"
14079716,AMD 라이젠 스레드리퍼 3970X (캐슬 픽),"해외구매_4,399,990","해외구매_4,399,990","해외구매_4,399,990"
13491257,AMD 라이젠 스레드리퍼 PRO 3955WX (캐슬 픽-W),"정품_1,623,400|해외구매_2,072,000","정품_1,623,400|해외구매_2,072,000","정품_1,623,400|해외구매_2,072,000"
16116971,AMD 라이젠 스레드리퍼 PRO 3975WX (캐슬 픽-W),"벌크_3,789,620|해외구매_5,488,000","벌크_3,789,520|해외구매_5,488,000","벌크_3,789,500|해외구매_5,488,000"
18614342,AMD 라이젠 스레드리퍼 PRO 3975WX (캐슬 픽-W),"벌크_3,789,620|해외구매_5,488,000","벌크_3,789,520|해외구매_5,488,000","벌크_3,789,500|해외구매_5,488,000"
18000296,AMD 라이젠 스레드리퍼 PRO 3995WX (캐슬 픽-W),"해외구매_10,698,470","해외구매_10,698,470","해외구매_10,698,470"
18055820,AMD 라이젠 스레드리퍼 PRO 5955WX (샤갈 프로),"정품_1,843,710","정품_1,843,710","정품_1,843,710"
17570816,AMD 라이젠 스레드리퍼 PRO 5965WX (샤갈 프로),"정품_3,399,990|해외구매_6,505,190","정품_3,399,990|해외구매_6,505,190","정품_3,399,990|해외구매_6,505,190"
17570807,AMD 라이젠 스레드리퍼 PRO 5975WX (샤갈 프로),"정품_4,855,690|해외구매_7,206,090","정품_4,855,690|해외구매_7,206,090","정품_4,855,690|해외구매_7,206,090"
17570783,AMD 라이젠 스레드리퍼 PRO 5995WX (샤갈 프로),"정품_9,540,080","정품_9,539,950","정품_9,539,860"
11876290,AMD 라이젠3 PRO 4350G (르누아르),"멀티팩(정품)_100,900|해외구매_241,490|중고_112,500","멀티팩(정품)_100,900|해외구매_241,490|중고_112,500","멀티팩(정품)_100,900|해외구매_241,490|중고_112,500"
5565689,AMD 라이젠3-1세대 1300X (서밋 릿지),"해외구매_149,700","해외구매_149,700","해외구매_149,700"
11022333,AMD 라이젠3-1세대 2200G (레이븐 릿지),"해외구매_152,480|중고_48,000","해외구매_152,480|중고_48,000","해외구매_152,480|중고_48,000"
8460291,AMD 라이젠3-2세대 3200G (피카소),"정품_95,200|멀티팩(정품)_96,000|해외구매_178,080|중고_74,990","정품_95,200|멀티팩(정품)_96,000|해외구매_178,080|중고_74,990","정품_95,200|멀티팩(정품)_96,000|해외구매_178,080|중고_74,990"
11236047,AMD 라이젠3-3세대 3100 (마티스),"정품_548,100|해외구매_301,110","정품_548,100|해외구매_301,110","정품_548,100|해외구매_301,110"
12625094,AMD 라이젠3-3세대 3300X (마티스),"멀티팩(정품)_234,410|해외구매_602,220|중고_78,750","멀티팩(정품)_234,410|해외구매_602,220|중고_78,750","멀티팩(정품)_234,410|해외구매_602,220|중고_78,750"
16740590,AMD 라이젠3-3세대 4100 (르누아르-X),"정품_85,000|멀티팩(정품)_70,010","정품_85,000|멀티팩(정품)_69,980","정품_85,000|멀티팩(정품)_69,890"
11876443,AMD 라이젠5 PRO 4650G (르누아르),"멀티팩(정품)_119,490|해외구매_207,720","멀티팩(정품)_119,490|해외구매_207,720","멀티팩(정품)_119,490|해외구매_209,750"
5401751,AMD 라이젠5-1세대 1400 (서밋 릿지),"해외구매_166,470|중고_39,420","해외구매_166,470|중고_39,420","해외구매_166,470|중고_39,420"
5401735,AMD 라이젠5-1세대 1500X (서밋 릿지),"해외구매_66,640|중고_45,000","해외구매_66,640|중고_45,000","해외구매_66,640|중고_45,000"
13822442,AMD 라이젠5-1세대 1600 (서밋 릿지),"중고_50,670","중고_50,670","중고_50,670"
6333162,AMD 라이젠5-2세대 2600 (피나클 릿지),"해외구매_184,520","해외구매_184,520","해외구매_184,520"
11026104,AMD 라이젠5-2세대 2600X (피나클 릿지),"정품_일시품절|해외구매_267,770|중고_95,990","정품_일시품절|해외구매_267,770|중고_95,990","정품_일시품절|해외구매_267,770|중고_95,990"
8464689,AMD 라이젠5-2세대 3400G (피카소),"정품_459,480|멀티팩(정품)_424,990|해외구매_235,800","정품_459,480|멀티팩(정품)_424,990|해외구매_235,800","정품_459,480|멀티팩(정품)_424,990|해외구매_235,800"
12340073,AMD 라이젠5-3세대 3500 (마티스),"해외구매_186,200","해외구매_186,200","해외구매_186,200"
17744591,AMD 라이젠5-3세대 3500X (마티스),"중고_93,790","중고_93,790","중고_93,790"
10861092,AMD 라이젠5-3세대 3600 (마티스),"멀티팩(정품)_144,490|해외구매_169,900|중고_127,990","멀티팩(정품)_144,490|해외구매_169,900|중고_127,990","멀티팩(정품)_144,490|해외구매_169,900|중고_127,990"
11024358,AMD 라이젠5-3세대 3600X (마티스),"해외구매_293,490","해외구매_293,490","해외구매_293,490"
16740674,AMD 라이젠5-3세대 4500 (르누아르-X),"멀티팩(정품)_117,900","멀티팩(정품)_117,870","멀티팩(정품)_117,780"
17214128,AMD 라이젠5-3세대 4600G (르누아르),"멀티팩(정품)_128,520|해외구매_285,700","멀티팩(정품)_128,420|해외구매_285,700","멀티팩(정품)_128,400|해외구매_285,700"
16740791,AMD 라이젠5-4세대 5500 (세잔),"정품_149,470|해외구매_136,910","정품_149,360|해외구매_136,910","정품_148,790|해외구매_136,910"
16741211,AMD 라이젠5-4세대 5600 (버미어),"정품_179,500|멀티팩(정품)_171,500|해외구매_162,060","정품_179,500|멀티팩(정품)_173,750|해외구매_162,060","정품_179,500|멀티팩(정품)_173,750|해외구매_162,060"
14927615,AMD 라이젠5-4세대 5600G (세잔),"정품_166,500|멀티팩(정품)_155,400|해외구매_192,902","정품_166,500|멀티팩(정품)_155,400|해외구매_192,190","정품_166,500|멀티팩(정품)_157,920|해외구매_192,190"
14927675,AMD 라이젠5-4세대 5600G (세잔),"정품_166,500|멀티팩(정품)_155,400|해외구매_192,902","정품_166,500|멀티팩(정품)_155,400|해외구매_192,190","정품_166,500|멀티팩(정품)_157,920|해외구매_192,190"
12625265,AMD 라이젠5-4세대 5600X (버미어),"정품_215,000|멀티팩(정품)_180,000|멀티팩(프리즘팩)_247,900|벌크_189,700|해외구매_230,430|중고_191,250","정품_215,000|멀티팩(정품)_177,600|멀티팩(프리즘팩)_247,900|벌크_189,700|해외구매_230,430|중고_191,250","정품_215,000|멀티팩(정품)_180,020|멀티팩(프리즘팩)_247,900|벌크_189,700|해외구매_230,430|중고_191,250"
18718481,AMD 라이젠5-5세대 7600 (라파엘),"정품_297,460|멀티팩(정품)_272,250|해외구매_350,310","정품_297,460|멀티팩(정품)_272,260|해외구매_350,310","정품_297,460|멀티팩(정품)_272,260|해외구매_350,310"
18718496,AMD 라이젠5-5세대 7600 (라파엘),"정품_297,460|멀티팩(정품)_272,250|해외구매_350,310","정품_297,460|멀티팩(정품)_272,260|해외구매_350,310","정품_297,460|멀티팩(정품)_272,260|해외구매_350,310"
13165089,AMD 라이젠5-5세대 7600X (라파엘),"정품_317,290|해외구매_355,380","정품_324,490|해외구매_355,380","정품_319,410|해외구매_355,380"
17913311,AMD 라이젠5-5세대 7600X (라파엘),"정품_317,290|해외구매_355,380","정품_324,490|해외구매_355,380","정품_319,410|해외구매_355,380"
11876521,AMD 라이젠7 PRO 4750G (르누아르),"멀티팩(정품)_286,310|해외구매_227,800","멀티팩(정품)_286,310|해외구매_227,800","멀티팩(정품)_286,310|해외구매_227,800"
5565805,AMD 라이젠7-1세대 1700 (서밋 릿지),"해외구매_166,300|중고_95,990","해외구매_166,300|중고_95,990","해외구매_166,300|중고_95,990"
11036691,AMD 라이젠7-1세대 1700X (서밋 릿지),0,"중고_112,500","중고_112,500"
5519916,AMD 라이젠7-1세대 1800X (서밋 릿지),"중고_123,750|해외구매_240,700","중고_123,750|해외구매_240,700","중고_123,750|해외구매_240,700"
6066361,AMD 라이젠7-2세대 2700 (피나클 릿지),"정품_549,450|해외구매_549,450","정품_549,450|해외구매_549,450","정품_549,450|해외구매_549,450"
13837388,AMD 라이젠7-2세대 2700X (피나클 릿지),"중고_123,750","중고_123,750","중고_123,750"
8459829,AMD 라이젠7-3세대 3700X (마티스),"정품_829,760|멀티팩(정품)_707,990|해외구매_227,400|중고_213,750","정품_829,760|멀티팩(정품)_707,990|해외구매_227,400|중고_213,750","정품_829,760|멀티팩(정품)_707,990|해외구매_227,400|중고_213,750"
8459781,AMD 라이젠7-3세대 3800X (마티스),"정품_560,760|해외구매_405,000","정품_560,760|해외구매_405,000","정품_560,760|해외구매_405,000"
11756552,AMD 라이젠7-3세대 3800XT (마티스),"정품_585,080|해외구매_757,800|중고_225,000","정품_585,080|해외구매_757,800|중고_225,000","정품_585,080|해외구매_757,800|중고_225,000"
14927759,AMD 라이젠7-4세대 5700G (세잔),"멀티팩(정품)_279,940|해외구매_285,490","멀티팩(정품)_280,790|해외구매_285,490","멀티팩(정품)_280,720|해외구매_277,300"
16741349,AMD 라이젠7-4세대 5700X (버미어),"멀티팩(정품)_243,590|벌크_260,510|해외구매_395,090","멀티팩(정품)_243,590|벌크_260,410|해외구매_395,090","멀티팩(정품)_243,590|벌크_260,390|해외구매_395,090"
12836186,AMD 라이젠7-4세대 5800X (버미어),"정품_452,070|멀티팩(정품)_289,600|벌크_289,600|해외구매_484,370|중고_510,000","정품_452,070|멀티팩(정품)_289,600|벌크_289,600|해외구매_484,370|중고_510,000","정품_452,070|멀티팩(정품)_289,600|벌크_289,600|해외구매_484,370|중고_510,000"
16872089,AMD 라이젠7-4세대 5800X3D (버미어),"정품_428,400|해외구매_503,090","정품_428,400|해외구매_503,090","정품_428,400|해외구매_501,400"
18718532,AMD 라이젠7-5세대 7700 (라파엘),"정품_435,110|멀티팩(정품)_422,960|해외구매_545,180","정품_435,110|멀티팩(정품)_422,960|해외구매_545,180","정품_435,110|멀티팩(정품)_422,960|해외구매_545,180"
13165080,AMD 라이젠7-5세대 7700X (라파엘),"정품_403,030|해외구매_493,850","정품_400,490|해외구매_493,850","정품_400,490|해외구매_493,850"
17913710,AMD 라이젠7-5세대 7700X (라파엘),"정품_403,030|해외구매_493,850","정품_400,490|해외구매_493,850","정품_400,490|해외구매_493,850"
9374721,AMD 라이젠9-3세대 3900X (마티스),"정품_659,000|멀티팩(정품)_553,200|해외구매_858,000","정품_659,000|멀티팩(정품)_553,200|해외구매_858,000","정품_659,000|멀티팩(정품)_553,200|해외구매_858,000"
11756642,AMD 라이젠9-3세대 3900XT (마티스),"정품_898,000|해외구매_1,067,690","정품_898,000|해외구매_1,067,690","정품_898,000|해외구매_1,067,690"
11026701,AMD 라이젠9-3세대 3950X (마티스),"해외구매_699,800","해외구매_699,800","해외구매_699,800"
12622091,AMD 라이젠9-4세대 5900X (버미어),"정품_494,000|멀티팩(정품)_495,420|해외구매_528,880","정품_494,000|멀티팩(정품)_495,420|해외구매_528,880","정품_494,000|멀티팩(정품)_495,420|해외구매_528,880"
12622319,AMD 라이젠9-4세대 5950X (버미어),"정품_661,080|멀티팩(정품)_703,890|벌크_668,000|해외구매_703,970","정품_661,080|멀티팩(정품)_703,890|벌크_668,000|해외구매_703,970","정품_661,080|멀티팩(정품)_703,890|벌크_668,000|해외구매_700,240"
18718592,AMD 라이젠9-5세대 7900 (라파엘),"정품_901,700|멀티팩(정품)_566,340|해외구매_654,970","정품_901,700|멀티팩(정품)_566,340|해외구매_654,970","정품_587,100|멀티팩(정품)_566,340|해외구매_654,980"
18718631,AMD 라이젠9-5세대 7900 (라파엘),"정품_901,700|멀티팩(정품)_566,340|해외구매_654,970","정품_901,700|멀티팩(정품)_566,340|해외구매_654,970","정품_587,100|멀티팩(정품)_566,340|해외구매_654,980"
13165065,AMD 라이젠9-5세대 7900X (라파엘),"정품_560,990|해외구매_575,880","정품_560,990|해외구매_575,880","정품_560,990|해외구매_575,880"
17913863,AMD 라이젠9-5세대 7900X (라파엘),"정품_560,990|해외구매_575,880","정품_560,990|해외구매_575,880","정품_560,990|해외구매_575,880"
19174175,AMD 라이젠9-5세대 7900X3D (라파엘),"정품_876,950","정품_876,950","정품_873,000"
13165053,AMD 라이젠9-5세대 7950X (라파엘),"정품_735,120|해외구매_812,430","정품_735,040|해외구매_812,430","정품_734,440|해외구매_808,860"
17913980,AMD 라이젠9-5세대 7950X (라파엘),"정품_735,120|해외구매_812,430","정품_735,040|해외구매_812,430","정품_734,440|해외구매_808,860"
19174415,AMD 라이젠9-5세대 7950X3D (라파엘),"정품_1,168,900","정품_1,168,890","정품_1,198,990"
18171785,AMD 애슬론 200GE (레이븐 릿지),"해외구매_122,060|중고_35,000","해외구매_122,060|중고_35,000","해외구매_122,060|중고_35,000"
17262377,AMD 애슬론 3000G (레이븐 릿지),"정품_94,800|벌크 + 쿨러_80,000|벌크_84,290|해외구매_122,200|중고_62,490","정품_94,800|벌크 + 쿨러_80,000|벌크_84,290|해외구매_122,200|중고_62,490","정품_94,800|벌크 + 쿨러_80,000|벌크_84,290|해외구매_122,200|중고_62,490"
15834872,AMD 애슬론II-X3 425 (라나),"중고_2,990","중고_2,990","중고_2,990"
15834797,AMD 애슬론II-X4 620 (프로푸스),0,"중고_5,990","중고_5,990"
15834887,AMD 애슬론II-X4 630 (프로푸스),"중고_6,490","중고_6,490","중고_6,490"
4477138,AMD 페넘II-X3 710 (헤카),"중고_4,990","중고_4,990","중고_4,990"
4281793,AMD 페넘II-X4 955 (데네브),"중고_24,830","중고_24,830","중고_24,830"
4467073,AMD 페넘II-X6 1055T (투반),"중고, 95W_34,490","중고, 95W_34,490","중고, 95W_34,490"
1917902,인텔 셀러론 G1610 (아이비브릿지),"중고_1,900","중고_1,900","중고_1,900"
4507171,인텔 셀러론 G1620 (아이비브릿지),"중고_1,900","중고_1,900","중고_1,900"
6112877,인텔 셀러론 G1820 (하스웰),"중고_2,490","중고_2,490","중고_2,490"
6112894,인텔 셀러론 G1830 (하스웰),"중고_2,950","중고_2,950","중고_2,950"
6112916,인텔 셀러론 G1840 (하스웰 리프레시),"중고_2,490","중고_2,490","중고_2,490"
6112926,인텔 셀러론 G1850 (하스웰 리프레시),"중고_2,620","중고_2,620","중고_2,620"
5686844,인텔 셀러론 G3900 (스카이레이크),"중고_6,410","중고_6,410","중고_6,410"
7894522,인텔 셀러론 G3930 (카비레이크),"해외구매_21,320|중고_4,990","해외구매_21,320|중고_5,800","해외구매_21,320|중고_5,800"
7898029,인텔 셀러론 G3950 (카비레이크),"해외구매_88,000|중고_65,000","해외구매_88,000|중고_65,000","해외구매_88,000|중고_65,000"
6060282,인텔 셀러론 G4900 (커피레이크),"벌크 + 쿨러_45,950|벌크_39,040|해외구매_57,330|중고_36,020","벌크 + 쿨러_45,820|벌크_38,950|해외구매_57,330|중고_35,930",0
6057556,인텔 셀러론 G4900 (커피레이크),0,0,"벌크 + 쿨러_45,710|벌크_38,930|해외구매_57,330|중고_35,910"
9437157,인텔 셀러론 G4930 (커피레이크-R),"정품_99,000|병행수입 박스_77,850|벌크 + 쿨러_68,300|벌크_63,100","정품_99,000|병행수입 박스_77,850|벌크 + 쿨러_68,300|벌크_63,100","정품_99,000|병행수입 박스_77,850|벌크 + 쿨러_68,300|벌크_63,100"
1511281,인텔 셀러론 G530 (샌디브릿지),"중고_1,520","중고_1,520","중고_1,520"
1704946,인텔 셀러론 G540 (샌디브릿지),"중고_1,620","중고_1,620","중고_1,620"
1779781,인텔 셀러론 G550 (샌디브릿지),"중고_1,620","중고_1,620","중고_1,620"
11480157,인텔 셀러론 G5900 (코멧레이크S),"벌크 + 쿨러_57,730|벌크_41,990|해외구매_60,470|중고_43,260","벌크 + 쿨러_57,730|벌크_41,990|해외구매_60,370|중고_43,160","벌크 + 쿨러_57,730|벌크_41,990|해외구매_60,350|중고_43,140"
12122969,인텔 셀러론 G5905 (코멧레이크S),"정품_62,100|병행수입 박스_71,000|벌크 + 쿨러_58,500|벌크_53,300|해외구매_66,600|중고_33,750","정품_62,100|병행수입 박스_71,000|벌크 + 쿨러_58,500|벌크_53,300|해외구매_66,600|중고_33,750","정품_62,100|병행수입 박스_71,000|벌크 + 쿨러_58,500|벌크_53,300|해외구매_66,600|중고_33,750"
12387029,인텔 셀러론 G5925 (코멧레이크S),"정품_72,640|병행수입 박스_72,950|벌크 + 쿨러_73,410|벌크_69,180|해외구매_89,720","정품_72,640|병행수입 박스_72,950|벌크 + 쿨러_73,410|벌크_69,180|해외구매_89,620","정품_72,640|병행수입 박스_72,950|벌크 + 쿨러_73,410|벌크_69,180|해외구매_89,600"
16100840,인텔 셀러론 G6900 (엘더레이크),"정품_94,760|병행수입 박스_85,000|벌크 + 쿨러_95,180|벌크_83,310|해외구매_89,380","정품_94,760|병행수입 박스_85,000|벌크 + 쿨러_95,180|벌크_83,310|해외구매_89,380","정품_94,760|병행수입 박스_85,000|벌크 + 쿨러_95,180|벌크_83,310|해외구매_89,380"
15059780,인텔 제온 E 2124 (커피레이크),"벌크_339,450","벌크_339,450","벌크_339,450"
15059837,인텔 제온 E 2124G (커피레이크),"벌크_455,690","벌크_455,690","벌크_455,690"
5132410,인텔 제온 E3-1225V6 (카비레이크),"정품_404,320","정품_404,320","정품_404,320"
13360262,인텔 제온 E3-1230V2 (아이비브릿지),"중고_49,990","중고_49,990","중고_49,990"
5132462,인텔 제온 E3-1230V6 (카비레이크),"정품_409,190","정품_409,190","정품_409,190"
13059194,인텔 제온 E3-1231V3 (하스웰 리프레시),"중고_56,290","중고_56,290","중고_56,290"
5132478,인텔 제온 E3-1240V6 (카비레이크),"정품_455,000","정품_455,000","정품_455,000"
18158567,인텔 제온 E3-1270V5 (스카이레이크),"해외구매_202,900|중고_549,990","해외구매_202,900|중고_549,990","해외구매_202,900|중고_549,990"
5132511,인텔 제온 E3-1275V6 (카비레이크),"정품_566,350|중고_540,000","정품_566,350|중고_540,000","정품_566,350|중고_540,000"
13431515,인텔 제온 E5-2603 (샌디브릿지-EP),"중고_74,990","중고_74,990","중고_74,990"
4370096,인텔 제온 E5-2630 v4 (브로드웰-EP),"정품_1,000,000","정품_1,000,000","정품_1,000,000"
18581372,인텔 제온 E5-2680 v4 (브로드웰-EP),"해외구매_114,290|중고_169,110","해외구매_115,200|중고_169,010","해외구매_115,200|중고_168,990"
16909313,인텔 제온 E5-2696 v3 (하스웰-EP),"해외구매_143,000","해외구매_143,000","해외구매_143,000"
15772850,인텔 제온 E5530 (네할렘),"중고_29,000","중고_29,000",0
13501562,인텔 제온 X5680 (웨스터미어),"해외구매_49,760|중고_54,990","해외구매_49,760|중고_54,890","해외구매_49,760|중고_54,870"
18159380,인텔 제온 스케일러블 골드 6130 (스카이레이크),"정품_4,902,500|중고_2,850,000","정품_4,902,500|중고_2,850,000","정품_4,902,500|중고_2,850,000"
5449071,인텔 제온 스케일러블 골드 6134 (스카이레이크),"정품_3,231,000|해외구매_1,541,000","정품_3,231,000|해외구매_1,541,000","정품_3,231,000|해외구매_1,541,000"
18159185,인텔 제온 스케일러블 골드 6152 (스카이레이크),"정품_5,317,000|해외구매_1,293,000|중고_일시품절","정품_5,317,000|해외구매_1,293,000|중고_일시품절","정품_5,317,000|해외구매_1,293,000|중고_일시품절"
9308469,인텔 제온 스케일러블 골드 6230 (캐스케이드레이크),"정품_3,319,520","정품_3,319,390","정품_3,319,300"
9307737,인텔 제온 스케일러블 골드 6234 (캐스케이드레이크),"정품_3,967,020","정품_3,967,020","정품_3,967,020"
9307653,인텔 제온 스케일러블 골드 6240 (캐스케이드레이크),"정품_4,889,030","정품_4,888,960","정품_4,888,950"
9307587,인텔 제온 스케일러블 골드 6242 (캐스케이드레이크),"정품_4,509,000|벌크_4,930,000|해외구매_4,210,000","정품_4,509,000|벌크_4,930,000|해외구매_4,210,000","정품_4,509,000|벌크_4,930,000|해외구매_4,210,000"
18599837,인텔 제온 스케일러블 골드 6242R (캐스케이드레이크),"벌크_4,500,000|해외구매_3,442,000","벌크_4,500,000|해외구매_3,442,000","벌크_4,500,000|해외구매_3,442,000"
9307443,인텔 제온 스케일러블 골드 6248 (캐스케이드레이크),"정품_5,469,000","정품_5,469,000","정품_5,469,000"
9306747,인텔 제온 스케일러블 골드 6252 (캐스케이드레이크),"정품_6,592,000",0,"정품_6,592,000"
15066656,인텔 제온 스케일러블 골드 6330 (아이스레이크),"정품_3,604,880","정품_3,604,760","정품_3,604,660"
15066728,인텔 제온 스케일러블 골드 6336Y (아이스레이크),"정품_3,822,790","정품_3,822,690","정품_3,822,670"
18158837,인텔 제온 스케일러블 브론즈 3104 (스카이레이크),"정품_371,990|벌크_299,990","정품_371,990|벌크_299,990","정품_371,990|벌크_299,990"
9309411,인텔 제온 스케일러블 브론즈 3204 (캐스케이드레이크),"정품_378,940","정품_378,940","정품_378,940"
14748134,인텔 제온 스케일러블 실버 4110 (스카이레이크),"벌크_774,000|해외구매_967,270","벌크_774,000|해외구매_967,170","벌크_774,000|해외구매_967,150"
18158993,인텔 제온 스케일러블 실버 4112 (스카이레이크),"벌크_651,000|중고_809,990","벌크_651,000|중고_809,990","벌크_651,000|중고_809,990"
18158927,인텔 제온 스케일러블 실버 4114 (스카이레이크),"정품_2,011,000|해외구매_495,200|벌크_995,100","정품_2,011,000|해외구매_495,200|벌크_995,100",0
5449256,인텔 제온 스케일러블 실버 4114 (스카이레이크),0,0,"정품_2,011,000|해외구매_495,200|벌크_995,100"
18158891,인텔 제온 스케일러블 실버 4116 (스카이레이크),"정품_2,624,390|중고_818,390","정품_2,624,390|중고_818,390","정품_2,624,390|중고_818,390"
9309363,인텔 제온 스케일러블 실버 4208 (캐스케이드레이크),"정품_600,000","정품_600,000","정품_600,000"
9309339,인텔 제온 스케일러블 실버 4210 (캐스케이드레이크),"정품_854,610","정품_854,610","정품_854,610"
17241737,인텔 제온 스케일러블 실버 4210R (캐스케이드레이크),"벌크_616,300","벌크_616,300","벌크_616,300"
9308790,인텔 제온 스케일러블 실버 4216 (캐스케이드레이크),"정품_1,520,000","정품_1,520,000","정품_1,520,000"
15062594,인텔 제온 스케일러블 실버 4310 (아이스레이크),"정품_837,350","정품_837,220","정품_837,130"
15062720,인텔 제온 스케일러블 실버 4314 (아이스레이크),"정품_1,415,460","정품_1,415,460","정품_1,415,460"
15062825,인텔 제온 스케일러블 실버 4316 (아이스레이크),"정품_1,659,280","정품_1,668,500","정품_1,668,500"
16276169,인텔 제온 스케일러블 플래티넘 8280L (캐스케이드레이크),"정품_17,099,090","정품_17,194,090","정품_17,194,090"
4147168,인텔 코어2듀오 E7500 (울프데일),"중고_1,430","중고_1,430","중고_1,430"
686486,인텔 코어2듀오 E8300 (울프데일),중고_540,중고_540,중고_540
4144290,인텔 코어2듀오 E8400 (울프데일),"중고_2,390","중고_2,390","중고_2,390"
4143989,인텔 코어2듀오 E8500 (울프데일),"중고_2,950","중고_2,950","중고_2,950"
4144594,인텔 코어2쿼드 Q6600 (켄츠필드),"중고_3,160","중고_3,160","중고_3,160"
4148340,인텔 코어2쿼드 Q8200 (요크필드),"중고_2,490","중고_2,490","중고_2,490"
4145919,인텔 코어2쿼드 Q8300 (요크필드),"중고_3,190","중고_3,190","중고_3,190"
4144483,인텔 코어2쿼드 Q8400 (요크필드),"중고_3,400","중고_3,400","중고_3,400"
4148284,인텔 코어2쿼드 Q9300 (요크필드),"중고_4,800","중고_4,800","중고_4,800"
4144038,인텔 코어2쿼드 Q9400 (요크필드),"중고_5,240","중고_5,240","중고_5,240"
686493,인텔 코어2쿼드 Q9450 (요크필드),"중고_30,000","중고_30,000","중고_30,000"
4485420,인텔 코어2쿼드 Q9500 (요크필드),"중고_8,290","중고_8,290","중고_8,290"
4144494,인텔 코어2쿼드 Q9550 (요크필드),"중고_17,330","중고_17,330","중고_17,330"
17341229,인텔 코어X-시리즈 i7-4960X (아이비브릿지-E),0,0,"중고_164,600"
6746998,인텔 코어X-시리즈 i7-9800X (스카이레이크),"정품_976,490|해외구매_760,900","정품_976,490|해외구매_760,900","정품_976,490|해외구매_760,900"
10072065,인텔 코어X-시리즈 i9-10900X (캐스케이드레이크),"정품_898,600|벌크_712,500|해외구매_1,095,100","정품_898,600|벌크_712,500|해외구매_1,095,100","정품_898,600|벌크_712,500|해외구매_1,095,100"
10032045,인텔 코어X-시리즈 i9-10920X (캐스케이드레이크),"정품_1,065,100|벌크_903,060|해외구매_1,643,040","정품_1,065,100|벌크_903,060|해외구매_1,643,040","정품_1,065,100|벌크_903,060|해외구매_1,643,040"
10187988,인텔 코어X-시리즈 i9-10940X (캐스케이드레이크),"정품_1,187,080|벌크_987,500","정품_1,187,080|벌크_987,500","정품_1,187,080|벌크_987,500"
10142334,인텔 코어X-시리즈 i9-10980XE Extreme Edition (캐스케이드레이크),"정품_1,530,400|벌크_1,442,500|해외구매_2,388,960","정품_1,530,400|벌크_1,442,500|해외구매_2,388,960","정품_1,530,400|벌크_1,442,500|해외구매_2,388,960"
6782926,인텔 코어X-시리즈 i9-9820X (스카이레이크),"정품_2,486,220|해외구매_1,048,870","정품_2,486,220|해외구매_1,048,870","정품_2,486,220|해외구매_1,048,870"
6746932,인텔 코어X-시리즈 i9-9900X (스카이레이크),"정품_2,647,380|해외구매_1,390,000","정품_2,647,380|해외구매_1,390,000","정품_2,647,380|해외구매_1,390,000"
6929425,인텔 코어X-시리즈 i9-9940X (스카이레이크),"정품_1,180,000|해외구매_1,359,000","정품_1,180,000|해외구매_1,359,000","정품_1,180,000|해외구매_1,359,000"
11405337,인텔 코어i3-10세대 10100 (코멧레이크S),"정품_143,500|병행수입 박스_220,660|벌크 + 쿨러_121,500|벌크_113,390|해외구매_221,200","정품_143,500|병행수입 박스_220,660|벌크 + 쿨러_121,500|벌크_114,020|해외구매_221,200","정품_143,500|병행수입 박스_220,660|벌크 + 쿨러_121,500|벌크_114,020|해외구매_221,200"
12487424,인텔 코어i3-10세대 10100F (코멧레이크S),"정품_89,720|병행수입 박스_87,900|벌크 + 쿨러_80,100|벌크_74,900|해외구매_146,800","정품_90,220|병행수입 박스_87,900|벌크 + 쿨러_80,100|벌크_74,900|해외구매_146,800","정품_90,220|병행수입 박스_87,900|벌크 + 쿨러_80,100|벌크_74,700|해외구매_146,800"
14409386,인텔 코어i3-10세대 10105 (코멧레이크S 리프레시),"정품_133,480|병행수입 박스_128,700|벌크 + 쿨러_121,800|벌크_116,400|해외구매_179,730","정품_133,480|병행수입 박스_128,700|벌크 + 쿨러_121,800|벌크_116,400|해외구매_192,600","정품_133,480|병행수입 박스_128,700|벌크 + 쿨러_121,800|벌크_116,400|해외구매_192,510"
13753334,인텔 코어i3-10세대 10105F (코멧레이크S 리프레시),"정품_94,500|병행수입 박스_102,000|벌크 + 쿨러_84,700|벌크_79,550|해외구매_148,400|중고_89,890","정품_94,500|병행수입 박스_102,000|벌크 + 쿨러_84,700|벌크_79,600|해외구매_148,400|중고_84,510","정품_94,500|병행수입 박스_102,000|벌크 + 쿨러_84,700|벌크_79,400|해외구매_148,400|중고_89,890"
13941236,인텔 코어i3-10세대 10105F (코멧레이크S 리프레시),"정품_94,500|병행수입 박스_102,000|벌크 + 쿨러_84,700|벌크_79,550|해외구매_148,400|중고_89,890","정품_94,500|병행수입 박스_102,000|벌크 + 쿨러_84,700|벌크_79,600|해외구매_148,400|중고_84,510",0
16101083,인텔 코어i3-12세대 12100 (엘더레이크),"정품_169,490|병행수입 박스_일시품절|벌크 + 쿨러_139,800|벌크_127,490|해외구매_299,000","정품_169,490|병행수입 박스_일시품절|벌크 + 쿨러_139,790|벌크_127,490|해외구매_299,000","정품_169,490|병행수입 박스_일시품절|벌크 + 쿨러_139,790|벌크_127,490|해외구매_299,000"
16101179,인텔 코어i3-12세대 12100F (엘더레이크),"정품_115,400|벌크 + 쿨러_116,410|벌크_104,300|해외구매_178,290","정품_115,400|벌크 + 쿨러_120,190|벌크_104,300|해외구매_178,290","정품_115,400|벌크 + 쿨러_120,190|벌크_104,300|해외구매_178,290"
16393682,인텔 코어i3-12세대 12100T (엘더레이크),"벌크_217,990","벌크_217,990","벌크_217,990"
18640205,인텔 코어i3-13세대 13100 (랩터레이크),"정품_182,890|벌크 + 쿨러_186,860|벌크_167,100","정품_182,940|벌크 + 쿨러_186,790|벌크_167,100","정품_182,940|벌크 + 쿨러_186,780|벌크_167,100"
18640106,인텔 코어i3-13세대 13100F (랩터레이크),"정품_145,000|벌크 + 쿨러_142,560|벌크_125,900|해외구매_181,140","정품_145,000|벌크 + 쿨러_142,550|벌크_125,900|해외구매_181,040","정품_145,000|벌크 + 쿨러_142,550|벌크_125,900|해외구매_181,040"
18665090,인텔 코어i3-13세대 13100T (랩터레이크),"벌크_233,050","벌크_232,920","벌크_232,830"
4625789,인텔 코어i3-1세대 530 (클락데일),"중고_1,500","중고_1,500","중고_1,500"
4148188,인텔 코어i3-1세대 540 (클락데일),"중고_1,800","중고_1,800","중고_1,800"
4146391,인텔 코어i3-1세대 550 (클락데일),"중고_2,490","중고_2,490","중고_2,490"
4147647,인텔 코어i3-2세대 2100 (샌디브릿지),"중고_3,100","중고_3,100","중고_3,100"
4144570,인텔 코어i3-2세대 2120 (샌디브릿지),"중고_3,400","중고_3,400","중고_3,400"
4145605,인텔 코어i3-3세대 3220 (아이비브릿지),"중고_4,290","중고_4,290","중고_4,290"
1783681,인텔 코어i3-3세대 3240 (아이비브릿지),"중고_8,770","중고_8,770","중고_8,770"
4197698,인텔 코어i3-4세대 4130 (하스웰),"중고_9,000","중고_9,000","중고_9,000"
4954420,인텔 코어i3-4세대 4150 (하스웰 리프레시),"중고_9,930","중고_9,900","중고_9,810"
5678315,인텔 코어i3-4세대 4160 (하스웰 리프레시),"중고_9,860","중고_9,860","중고_9,860"
6112498,인텔 코어i3-4세대 4170 (하스웰 리프레시),"중고_12,490","중고_12,490","중고_12,490"
6112499,인텔 코어i3-4세대 4330 (하스웰),"중고_26,645","중고_26,645","중고_26,645"
6112504,인텔 코어i3-4세대 4360 (하스웰 리프레시),"중고_24,750","중고_24,750","중고_24,750"
4197696,인텔 코어i3-6세대 6100 (스카이레이크),"중고_24,960","중고_24,890","중고_24,870"
3493032,인텔 코어i3-6세대 6300 (스카이레이크),"벌크_37,440|중고_39,572","벌크_37,440|중고_39,570","벌크_37,440|중고_39,570"
7894351,인텔 코어i3-7세대 7100 (카비레이크),"해외구매_241,100|중고_41,490","해외구매_241,100|중고_41,390","해외구매_241,100|중고_41,370"
7812055,인텔 코어i3-7세대 7320 (카비레이크),"중고_66,198","중고_66,198","중고_66,198"
5530456,인텔 코어i3-8세대 8100 (커피레이크),"정품_230,000|병행수입 박스_295,220|벌크 + 쿨러_89,490|벌크_80,370|중고_75,170","정품_230,000|병행수입 박스_295,220|벌크 + 쿨러_89,490|벌크_80,340|중고_75,040","정품_230,000|병행수입 박스_295,220|벌크 + 쿨러_89,490|벌크_80,300|중고_74,960"
10864521,인텔 코어i3-9세대 9100 (커피레이크-R),"벌크 + 쿨러_155,100|벌크_150,000|해외구매_283,000|중고_117,850","벌크 + 쿨러_155,100|벌크_150,000|해외구매_283,000|중고_117,740","벌크 + 쿨러_155,100|벌크_150,000|해외구매_283,000|중고_117,650"
7914736,인텔 코어i3-9세대 9100F (커피레이크-R),"정품_211,710|병행수입 박스_188,470|벌크 + 쿨러_132,360|벌크_87,860|해외구매_108,500|중고_86,300","정품_211,710|병행수입 박스_188,470|벌크 + 쿨러_132,360|벌크_87,730|해외구매_108,500|중고_86,780","정품_211,710|병행수입 박스_188,470|벌크 + 쿨러_132,360|벌크_87,640|해외구매_108,500|중고_86,780"
11308551,인텔 코어i5-10세대 10400 (코멧레이크S),"정품_173,600|병행수입 박스_175,000|벌크 + 쿨러_162,200|벌크_151,700|해외구매_300,200|중고_180,900","정품_173,500|병행수입 박스_175,000|벌크 + 쿨러_162,200|벌크_151,700|해외구매_300,200|중고_180,900","정품_173,480|병행수입 박스_175,000|벌크 + 쿨러_162,690|벌크_151,700|해외구매_300,200|중고_180,900"
11489973,인텔 코어i5-10세대 10400F (코멧레이크S),"정품_131,580|병행수입 박스_133,400|벌크 + 쿨러_129,750|벌크_119,700|해외구매_241,100|중고_158,990","정품_131,580|병행수입 박스_133,400|벌크 + 쿨러_129,750|벌크_119,700|해외구매_241,100|중고_158,990","정품_131,580|병행수입 박스_133,400|벌크 + 쿨러_129,750|벌크_119,700|해외구매_241,100|중고_158,990"
11405430,인텔 코어i5-10세대 10500 (코멧레이크S),"정품_286,640|병행수입 박스_310,620|벌크 + 쿨러_217,200|벌크_211,500|해외구매_405,900|중고_250,000","정품_290,670|병행수입 박스_310,620|벌크 + 쿨러_217,200|벌크_211,500|해외구매_405,900|중고_250,000","정품_290,670|병행수입 박스_310,620|벌크 + 쿨러_217,200|벌크_211,500|해외구매_405,900|중고_250,000"
11405469,인텔 코어i5-10세대 10600 (코멧레이크S),"정품_422,210|벌크 + 쿨러_일시품절|해외구매_435,200","정품_422,210|벌크 + 쿨러_일시품절|해외구매_435,200","정품_422,210|벌크 + 쿨러_일시품절|해외구매_435,200"
11430906,인텔 코어i5-10세대 10600K (코멧레이크S),"정품_422,210|벌크 + 쿨러_293,700|벌크_288,500|해외구매_259,990|중고_260,000","정품_422,210|벌크 + 쿨러_293,700|벌크_288,500|해외구매_259,990|중고_260,000","정품_422,210|벌크 + 쿨러_293,700|벌크_288,500|해외구매_259,990|중고_260,000"
11991320,인텔 코어i5-10세대 10600KF (코멧레이크S),"정품_328,640|벌크 + 쿨러_237,900|벌크_232,700|해외구매_359,400","정품_328,640|벌크 + 쿨러_237,900|벌크_232,700|해외구매_359,400","정품_328,640|벌크 + 쿨러_237,900|벌크_232,700|해외구매_359,400"
13619846,인텔 코어i5-11세대 11400 (로켓레이크S),"정품_192,760|병행수입 박스_196,430|벌크 + 쿨러_165,300|벌크_154,700|해외구매_346,800","정품_192,740|병행수입 박스_196,430|벌크 + 쿨러_165,300|벌크_154,700|해외구매_346,800","정품_192,740|병행수입 박스_196,430|벌크 + 쿨러_165,300|벌크_154,700|해외구매_346,800"
13753394,인텔 코어i5-11세대 11400F (로켓레이크S),"정품_152,250|병행수입 박스_158,300|벌크 + 쿨러_147,700|벌크_137,700|해외구매_197,990","정품_152,250|병행수입 박스_158,300|벌크 + 쿨러_148,200|벌크_137,700|해외구매_197,990","정품_152,250|병행수입 박스_158,300|벌크 + 쿨러_148,200|벌크_137,700|해외구매_197,990"
13619897,인텔 코어i5-11세대 11500 (로켓레이크S),"정품_284,000|벌크 + 쿨러_271,420|벌크_266,550|해외구매_393,590","정품_284,000|벌크 + 쿨러_272,000|벌크_266,440|해외구매_393,590","정품_284,000|벌크 + 쿨러_272,000|벌크_266,350|해외구매_393,590"
13619930,인텔 코어i5-11세대 11600 (로켓레이크S),"정품_675,000|벌크 + 쿨러_277,200|벌크_271,000|해외구매_480,500","정품_675,000|벌크 + 쿨러_277,200|벌크_271,000|해외구매_480,500","정품_675,000|벌크 + 쿨러_277,200|벌크_271,000|해외구매_480,500"
13619939,인텔 코어i5-11세대 11600K (로켓레이크S),"정품_345,400|병행수입 박스_295,530|벌크 + 쿨러_266,500|벌크_294,690|해외구매_406,000","정품_345,400|병행수입 박스_297,070|벌크 + 쿨러_266,500|벌크_294,700|해외구매_406,000","정품_345,400|병행수입 박스_297,070|벌크 + 쿨러_266,500|벌크_294,700|해외구매_406,000"
13753448,인텔 코어i5-11세대 11600KF (로켓레이크S),"정품_327,800|벌크 + 쿨러_322,410|벌크_316,780|해외구매_463,400","정품_327,800|벌크 + 쿨러_322,410|벌크_316,780|해외구매_463,400","정품_327,800|벌크 + 쿨러_322,410|벌크_316,780|해외구매_463,400"
16101326,인텔 코어i5-12세대 12400 (엘더레이크),"정품_249,220|병행수입 박스_일시품절|벌크 + 쿨러_212,800|벌크_197,990|해외구매_307,480","정품_249,220|병행수입 박스_일시품절|벌크 + 쿨러_213,310|벌크_197,990|해외구매_308,040","정품_249,220|병행수입 박스_일시품절|벌크 + 쿨러_213,310|벌크_197,990|해외구매_308,040"
16117496,인텔 코어i5-12세대 12400 ES (엘더레이크),해외구매_일시품절,해외구매_일시품절,해외구매_일시품절
16101353,인텔 코어i5-12세대 12400F (엘더레이크),"정품_198,500|병행수입 박스_212,490|벌크 + 쿨러_200,090|벌크_178,350|해외구매_248,050","정품_198,490|병행수입 박스_212,490|벌크 + 쿨러_200,130|벌크_178,350|해외구매_251,000","정품_198,490|병행수입 박스_212,490|벌크 + 쿨러_200,230|벌크_178,350|해외구매_251,000"
17811980,인텔 코어i5-12세대 12400T (엘더레이크),"벌크_300,580","벌크_300,480","벌크_300,460"
16101398,인텔 코어i5-12세대 12500 (엘더레이크),"정품_308,160|벌크 + 쿨러_253,400|벌크_239,990|해외구매_450,400","정품_308,150|벌크 + 쿨러_256,890|벌크_239,980|해외구매_450,400","정품_308,150|벌크 + 쿨러_256,890|벌크_239,980|해외구매_450,400"
16393835,인텔 코어i5-12세대 12500T (엘더레이크),"벌크_332,930","벌크_332,930","벌크_332,930"
16101431,인텔 코어i5-12세대 12600 (엘더레이크),"정품_363,940|벌크 + 쿨러_350,760|벌크_363,870|해외구매_338,100","정품_363,990|벌크 + 쿨러_350,760|벌크_363,870|해외구매_338,100","정품_363,990|벌크 + 쿨러_350,760|벌크_362,870|해외구매_338,100"
15594263,인텔 코어i5-12세대 12600K (엘더레이크),"정품_361,060|벌크 + 쿨러_347,500|벌크_325,500|해외구매_344,980","정품_361,060|벌크 + 쿨러_348,750|벌크_325,500|해외구매_344,980","정품_361,060|벌크 + 쿨러_348,750|벌크_325,500|해외구매_353,280"
15594446,인텔 코어i5-12세대 12600KF (엘더레이크),"정품_333,470|병행수입 박스_362,600|벌크 + 쿨러_294,500|벌크_274,000|해외구매_348,720","정품_333,470|병행수입 박스_362,600|벌크 + 쿨러_295,610|벌크_274,000|해외구매_348,720","정품_333,470|병행수입 박스_362,600|벌크 + 쿨러_295,610|벌크_274,000|해외구매_348,720"
18640286,인텔 코어i5-13세대 13400 (랩터레이크),"정품_290,500|벌크 + 쿨러_259,100|벌크_237,500","정품_290,490|벌크 + 쿨러_259,490|벌크_237,500","정품_290,490|벌크 + 쿨러_259,490|벌크_237,500"
18640280,인텔 코어i5-13세대 13400F (랩터레이크),"정품_248,690|벌크 + 쿨러_254,100|벌크_232,900|해외구매_297,430","정품_251,480|벌크 + 쿨러_254,250|벌크_232,900|해외구매_297,430","정품_251,360|벌크 + 쿨러_254,250|벌크_232,900|해외구매_297,430"
18640319,인텔 코어i5-13세대 13500 (랩터레이크),"정품_307,000|벌크 + 쿨러_322,300|벌크_295,900|해외구매_394,720","정품_307,000|벌크 + 쿨러_322,440|벌크_295,900|해외구매_394,720","정품_307,000|벌크 + 쿨러_322,440|벌크_295,900|해외구매_394,720"
18665261,인텔 코어i5-13세대 13500T (랩터레이크),"벌크_378,000","벌크_587,920","벌크_559,290"
18039269,인텔 코어i5-13세대 13600K (랩터레이크),"정품_407,810|벌크 + 쿨러_424,400|벌크_396,500|해외구매_470,610","정품_407,810|벌크 + 쿨러_424,600|벌크_396,500|해외구매_470,610","정품_407,810|벌크 + 쿨러_424,600|벌크_396,500|해외구매_470,610"
18038831,인텔 코어i5-13세대 13600KF (랩터레이크),"정품_377,470|벌크 + 쿨러_383,700|벌크_371,300|해외구매_438,140","정품_377,470|벌크 + 쿨러_383,800|벌크_371,790|해외구매_438,140","정품_377,470|벌크 + 쿨러_383,800|벌크_371,790|해외구매_438,140"
4147079,인텔 코어i5-1세대 650 (클락데일),"중고_8,950","중고_8,950","중고_8,950"
4144546,인텔 코어i5-1세대 750 (린필드),"중고_3,490","중고_3,490","중고_3,490"
4144131,인텔 코어i5-1세대 760 (린필드),"중고_3,910","중고_3,980","중고_3,980"
17575589,인텔 코어i5-2세대 2300 (샌디브릿지),"중고_7,200","중고_7,140","중고_7,140"
4504388,인텔 코어i5-2세대 2400 (샌디브릿지),"중고_6,800","중고_6,800","중고_6,800"
4144198,인텔 코어i5-2세대 2500 (샌디브릿지),"중고_7,790","중고_7,700","중고_7,690"
4144246,인텔 코어i5-2세대 2500K (샌디브릿지),"중고_14,940","중고_14,940","중고_14,940"
1783749,인텔 코어i5-3세대 3330 (아이비브릿지),"중고_14,710","중고_14,710","중고_14,710"
13395557,인텔 코어i5-3세대 3450 (아이비브릿지),"중고_21,000","중고_21,000","중고_21,000"
1725177,인텔 코어i5-3세대 3470 (아이비브릿지),"중고_14,650","중고_14,560","중고_14,560"
4274836,인텔 코어i5-3세대 3550 (아이비브릿지),"중고_14,560","중고_14,560","중고_14,560"
4143852,인텔 코어i5-3세대 3570 (아이비브릿지),"중고_15,540","중고_15,540","중고_15,540"
1678805,인텔 코어i5-3세대 3570K (아이비브릿지),"중고_26,990","중고_26,990","중고_26,990"
6112513,인텔 코어i5-4세대 4430 (하스웰),"중고_27,490","중고_27,490","중고_27,490"
6112514,인텔 코어i5-4세대 4440 (하스웰),"중고_24,210","중고_24,210","중고_24,210"
5724026,인텔 코어i5-4세대 4460 (하스웰 리프레시),"중고_25,390","중고_25,290","중고_25,270"
4905563,인텔 코어i5-4세대 4570 (하스웰),"중고_26,400","중고_26,400","중고_26,400"
4766793,인텔 코어i5-4세대 4590 (하스웰 리프레시),"중고_24,710","중고_24,700","중고_24,700"
4766867,인텔 코어i5-4세대 4670 (하스웰),"중고_28,960","중고_28,950","중고_28,950"
7914022,인텔 코어i5-4세대 4670 + H81 패키지,"중고_67,500","중고_67,500","중고_67,500"
6112593,인텔 코어i5-4세대 4670K (하스웰),"중고_38,440","중고_38,440","중고_38,440"
4143949,인텔 코어i5-4세대 4690 (하스웰 리프레시),"중고_28,000","중고_28,000","중고_28,000"
7914157,인텔 코어i5-4세대 4690 + H81 패키지,"중고_70,920","중고_70,920","중고_70,920"
4143967,인텔 코어i5-4세대 4690K (데빌스캐년),"중고_44,990","중고_44,990","중고_44,990"
5683916,인텔 코어i5-6세대 6400 (스카이레이크),"중고_51,130","중고_51,130","중고_51,130"
5684847,인텔 코어i5-6세대 6500 (스카이레이크),"중고_46,000","중고_46,000","중고_46,000"
7914325,인텔 코어i5-6세대 6500 + H110 패키지,"중고_95,670","중고_95,670","중고_95,670"
7468294,인텔 코어i5-6세대 6600 (스카이레이크),"벌크 + 쿨러_61,180|벌크_58,480|중고_55,200","벌크 + 쿨러_61,180|벌크_58,480|중고_55,200","벌크 + 쿨러_61,180|벌크_58,480|중고_55,200"
7914409,인텔 코어i5-6세대 6600 + H110 패키지,"중고_95,670","중고_95,670","중고_95,670"
7468279,인텔 코어i5-6세대 6600K (스카이레이크),"벌크_72,100|중고_72,940|해외구매_일시품절","벌크_72,000|중고_72,940|해외구매_일시품절","벌크_71,980|중고_72,940|해외구매_일시품절"
7898218,인텔 코어i5-7세대 7400 (카비레이크),"병행수입 박스_446,030|해외구매_364,900|중고_80,070","병행수입 박스_446,030|해외구매_364,900|중고_79,940","병행수입 박스_446,030|해외구매_364,900|중고_79,850"
7894294,인텔 코어i5-7세대 7500 (카비레이크),"중고_79,990","중고_79,990","중고_79,990"
7898380,인텔 코어i5-7세대 7600 (카비레이크),"해외구매_273,730|중고_84,770","해외구매_273,730|중고_84,670","해외구매_273,730|중고_84,650"
7812139,인텔 코어i5-7세대 7600K (카비레이크),"해외구매_284,200|중고_112,500","해외구매_284,200|중고_112,500","해외구매_284,200|중고_112,500"
5530356,인텔 코어i5-8세대 8400 (커피레이크),"정품_343,200|병행수입 박스_488,670|벌크 + 쿨러_129,560|해외구매_277,100|중고_117,690","정품_343,200|병행수입 박스_488,670|벌크 + 쿨러_129,460|해외구매_277,100|중고_117,660","정품_343,200|병행수입 박스_488,670|벌크 + 쿨러_129,440|해외구매_277,100|중고_117,570"
6020667,인텔 코어i5-8세대 8500 (커피레이크),"정품_333,450|벌크 + 쿨러_128,630|벌크_137,690|해외구매_337,500|중고_124,990","정품_333,450|벌크 + 쿨러_128,530|벌크_137,690|해외구매_337,500|중고_124,990","정품_333,450|벌크 + 쿨러_128,510|벌크_137,690|해외구매_337,500|중고_124,990"
6020678,인텔 코어i5-8세대 8600 (커피레이크),"정품_360,000|벌크_148,910","정품_360,000|벌크_148,910","정품_360,000|벌크_148,910"
11016699,인텔 코어i5-9세대 9400 (커피레이크-R),"벌크 + 쿨러_211,000|벌크_205,800","벌크 + 쿨러_211,000|벌크_205,800","벌크 + 쿨러_211,000|벌크_205,800"
7059166,인텔 코어i5-9세대 9400F (커피레이크-R),"정품_214,990|병행수입 박스_218,400|벌크 + 쿨러_140,160|벌크_134,840|해외구매_166,710|중고_130,370","정품_214,890|병행수입 박스_218,400|벌크 + 쿨러_140,060|벌크_134,840|해외구매_166,710|중고_130,240","정품_214,890|병행수입 박스_218,400|벌크 + 쿨러_140,040|벌크_134,840|해외구매_166,710|중고_130,150"
10728462,인텔 코어i5-9세대 9500 (커피레이크-R),"벌크 + 쿨러_231,670|벌크_226,500|해외구매_397,590|중고_180,850","벌크 + 쿨러_231,660|벌크_226,500|해외구매_397,590|중고_180,850","벌크 + 쿨러_231,570|벌크_226,500|해외구매_397,590|중고_180,850"
8351067,인텔 코어i5-9세대 9500F (커피레이크-R),"벌크 + 쿨러_178,060|벌크_170,700|해외구매_343,300","벌크 + 쿨러_178,060|벌크_170,700|해외구매_343,300","벌크 + 쿨러_178,060|벌크_170,700|해외구매_343,300"
6515620,인텔 코어i5-9세대 9600K (커피레이크-R),"정품_550,000|병행수입 박스_597,170|벌크 + 쿨러_230,600|벌크_225,500|해외구매_314,980|중고_161,990","정품_550,000|병행수입 박스_597,170|벌크 + 쿨러_230,600|벌크_225,500|해외구매_314,980|중고_162,110","정품_550,000|병행수입 박스_597,170|벌크 + 쿨러_230,600|벌크_225,500|해외구매_314,980|중고_162,020"
7565248,인텔 코어i5-9세대 9600KF (커피레이크-R),"정품_268,000|병행수입 박스_282,710|벌크 + 쿨러_205,800|벌크_200,600","정품_268,000|병행수입 박스_282,640|벌크 + 쿨러_205,800|벌크_200,600","정품_268,000|병행수입 박스_282,630|벌크 + 쿨러_205,800|벌크_200,600"
11405586,인텔 코어i7-10세대 10700 (코멧레이크S),"정품_303,110|병행수입 박스_430,570|벌크 + 쿨러_269,880|벌크_264,000|해외구매_539,490|중고_260,850","정품_303,110|병행수입 박스_430,570|벌크 + 쿨러_269,880|벌크_264,000|해외구매_539,490|중고_260,850","정품_303,110|병행수입 박스_430,570|벌크 + 쿨러_269,880|벌크_264,000|해외구매_539,490|중고_260,850"
11646593,인텔 코어i7-10세대 10700F (코멧레이크S),"정품_281,100|병행수입 박스_일시품절|벌크 + 쿨러_215,900|벌크_210,800|해외구매_361,200","정품_281,100|병행수입 박스_일시품절|벌크 + 쿨러_215,900|벌크_210,800|해외구매_361,100","정품_281,100|병행수입 박스_일시품절|벌크 + 쿨러_215,900|벌크_210,800|해외구매_361,080"
11308485,인텔 코어i7-10세대 10700K (코멧레이크S),"정품_472,040|병행수입 박스_402,300|벌크 + 쿨러_367,520|벌크_359,220|해외구매_675,900","정품_472,040|병행수입 박스_402,300|벌크 + 쿨러_367,520|벌크_359,220|해외구매_675,900","정품_472,040|병행수입 박스_402,300|벌크 + 쿨러_367,520|벌크_359,220|해외구매_675,900"
12151730,인텔 코어i7-10세대 10700K 어벤져스 에디션 (코멧레이크S),"정품_477,380","정품_477,380","정품_477,380"
11593217,인텔 코어i7-10세대 10700KF (코멧레이크S),"정품_418,960|병행수입 박스_298,900|벌크 + 쿨러_297,800|벌크_292,700|해외구매_499,730|중고_399,200","정품_421,290|병행수입 박스_298,900|벌크 + 쿨러_297,800|벌크_292,700|해외구매_501,190|중고_399,200","정품_421,290|병행수입 박스_298,900|벌크 + 쿨러_297,800|벌크_292,700|해외구매_503,360|중고_399,200"
13619981,인텔 코어i7-11세대 11700 (로켓레이크S),"정품_381,600|벌크 + 쿨러_286,000|벌크_280,800|해외구매_607,600","정품_381,600|벌크 + 쿨러_286,000|벌크_280,800|해외구매_607,600","정품_381,600|벌크 + 쿨러_286,000|벌크_280,800|해외구매_607,600"
14868206,인텔 코어i7-11세대 11700 ES (로켓레이크S),"해외구매_263,570","해외구매_263,570","해외구매_263,570"
13753481,인텔 코어i7-11세대 11700F (로켓레이크S),"정품_279,100|병행수입 박스_336,100|벌크 + 쿨러_285,800|벌크_278,110|해외구매_467,340","정품_279,100|병행수입 박스_336,100|벌크 + 쿨러_285,800|벌크_279,660|해외구매_467,340","정품_279,100|병행수입 박스_336,100|벌크 + 쿨러_285,800|벌크_279,660|해외구매_467,340"
13619990,인텔 코어i7-11세대 11700K (로켓레이크S),"정품_506,600|병행수입 박스_일시품절|벌크 + 쿨러_396,100|벌크_390,900|해외구매_620,700","정품_506,600|병행수입 박스_일시품절|벌크 + 쿨러_396,100|벌크_390,900|해외구매_620,700","정품_506,600|병행수입 박스_일시품절|벌크 + 쿨러_396,100|벌크_390,900|해외구매_620,700"
13753598,인텔 코어i7-11세대 11700KF (로켓레이크S),"정품_429,200|병행수입 박스_482,890|벌크 + 쿨러_303,000|벌크_297,800|해외구매_603,500","정품_429,200|병행수입 박스_482,890|벌크 + 쿨러_303,000|벌크_297,800|해외구매_603,500","정품_429,200|병행수입 박스_482,890|벌크 + 쿨러_303,000|벌크_297,800|해외구매_603,500"
13825121,인텔 코어i7-11세대 11700KF (로켓레이크S),"정품_429,200|병행수입 박스_482,890|벌크 + 쿨러_303,000|벌크_297,800|해외구매_603,500","정품_429,200|병행수입 박스_482,890|벌크 + 쿨러_303,000|벌크_297,800|해외구매_603,500","정품_429,200|병행수입 박스_482,890|벌크 + 쿨러_303,000|벌크_297,800|해외구매_603,500"
16140809,인텔 코어i7-12세대 12700 (엘더레이크),"정품_421,060|벌크 + 쿨러_384,100|벌크_357,500|해외구매_449,720","정품_420,980|벌크 + 쿨러_385,430|벌크_357,500|해외구매_449,720","정품_420,910|벌크 + 쿨러_385,320|벌크_357,500|해외구매_449,720"
16209752,인텔 코어i7-12세대 12700 ES (엘더레이크),"해외구매_257,480","해외구매_257,480","해외구매_257,480"
16101464,인텔 코어i7-12세대 12700F (엘더레이크),"정품_380,590|벌크 + 쿨러_388,070|벌크_370,990|해외구매_466,450","정품_382,710|벌크 + 쿨러_390,230|벌크_370,990|해외구매_466,450","정품_382,710|벌크 + 쿨러_390,230|벌크_370,990|해외구매_466,450"
15594638,인텔 코어i7-12세대 12700K (엘더레이크),"정품_492,480|병행수입 박스_445,300|벌크 + 쿨러_448,800|벌크_434,790|해외구매_433,160","정품_492,480|병행수입 박스_445,300|벌크 + 쿨러_450,480|벌크_434,790|해외구매_433,160","정품_492,480|병행수입 박스_445,300|벌크 + 쿨러_450,480|벌크_434,790|해외구매_433,160"
15594701,인텔 코어i7-12세대 12700KF (엘더레이크),"정품_467,190|벌크 + 쿨러_423,000|병행수입 박스_652,040|벌크_395,500|해외구매_385,300","정품_467,190|벌크 + 쿨러_424,530|병행수입 박스_652,040|벌크_395,500|해외구매_385,300","정품_467,190|벌크 + 쿨러_424,530|병행수입 박스_652,040|벌크_395,500|해외구매_385,300"
16393964,인텔 코어i7-12세대 12700T (엘더레이크),"벌크_574,730","벌크_574,730","벌크_574,730"
18640397,인텔 코어i7-13세대 13700 (랩터레이크),"정품_499,790|벌크 + 쿨러_495,840|벌크_481,500|해외구매_683,950","정품_496,900|벌크 + 쿨러_495,840|벌크_481,500|해외구매_683,950","정품_502,260|벌크 + 쿨러_495,840|벌크_481,500|해외구매_683,950"
18640379,인텔 코어i7-13세대 13700F (랩터레이크),"정품_490,600|벌크 + 쿨러_509,800|벌크_494,770|해외구매_586,770","정품_478,550|벌크 + 쿨러_510,990|벌크_494,760|해외구매_586,770","정품_478,550|벌크 + 쿨러_510,990|벌크_494,760|해외구매_580,320"
18039374,인텔 코어i7-13세대 13700K (랩터레이크),"정품_533,390|벌크 + 쿨러_557,400|벌크_525,500|해외구매_585,430","정품_520,900|벌크 + 쿨러_557,960|벌크_525,500|해외구매_585,430","정품_525,830|벌크 + 쿨러_557,960|벌크_525,500|해외구매_585,430"
18039356,인텔 코어i7-13세대 13700KF (랩터레이크),"정품_498,640|벌크 + 쿨러_524,300|벌크_502,370|해외구매_572,700","정품_494,990|벌크 + 쿨러_525,000|벌크_510,060|해외구매_572,700","정품_501,560|벌크 + 쿨러_525,000|벌크_509,570|해외구매_572,700"
18665336,인텔 코어i7-13세대 13700T (랩터레이크),"벌크_562,790","벌크_562,690","벌크_562,670"
1013075,인텔 코어i7-1세대 860 (린필드),"중고_15,390","중고_15,390","중고_15,390"
4144446,인텔 코어i7-1세대 870 (린필드),"중고_23,980","중고_23,980","중고_23,980"
4147680,인텔 코어i7-2세대 2600 (샌디브릿지),"중고_33,920","중고_33,920","중고_33,920"
1477490,인텔 코어i7-2세대 2600K (샌디브릿지),"중고_36,890","중고_37,100","중고_37,100"
13395629,인텔 코어i7-2세대 2700K (샌디브릿지),"중고_47,230","중고_47,120","중고_47,010"
1678801,인텔 코어i7-3세대 3770 (아이비브릿지),"중고_56,850","중고_56,850","중고_56,850"
4146048,인텔 코어i7-3세대 3770K (아이비브릿지),"중고_77,590","중고_77,590","중고_77,590"
6112690,인텔 코어i7-4세대 4770 (하스웰),"중고_73,280","중고_75,000","중고_75,000"
6112678,인텔 코어i7-4세대 4770K (하스웰),"해외구매_176,940|중고_102,490","해외구매_176,940|중고_102,490","해외구매_176,940|중고_102,490"
6112722,인텔 코어i7-4세대 4790 (하스웰 리프레시),"중고_72,950","중고_72,950","중고_72,950"
6112865,인텔 코어i7-4세대 4790K (데빌스캐년),"중고_124,990","중고_124,990","중고_124,990"
3412425,인텔 코어i7-6세대 6700 (스카이레이크),"벌크 + 쿨러_120,990|벌크_114,720|중고_112,790","벌크 + 쿨러_120,990|벌크_114,590|중고_112,790","벌크 + 쿨러_120,990|벌크_114,480|중고_112,790"
4143775,인텔 코어i7-6세대 6700K (스카이레이크),"중고_138,690","중고_138,620","중고_138,610"
7898143,인텔 코어i7-7세대 7700 (카비레이크),"중고_170,890","중고_170,790","중고_170,770"
7897870,인텔 코어i7-7세대 7700K (카비레이크),"해외구매_488,000|중고_236,500","해외구매_488,000|중고_236,500","해외구매_488,000|중고_236,500"
5530013,인텔 코어i7-8세대 8700 (커피레이크),"정품_533,620|병행수입 박스_498,320|벌크 + 쿨러_388,210|벌크_390,900|해외구매_305,970|중고_217,210","정품_533,520|병행수입 박스_498,320|벌크 + 쿨러_388,210|벌크_390,900|해외구매_305,970|중고_217,180","정품_533,500|병행수입 박스_498,320|벌크 + 쿨러_388,210|벌크_390,900|해외구매_305,970|중고_217,090"
5529981,인텔 코어i7-8세대 8700K (커피레이크),"정품_413,850|병행수입 박스_556,910|벌크 + 쿨러_463,060|벌크_556,910|해외구매_548,900|중고_220,420","정품_413,850|병행수입 박스_556,910|벌크 + 쿨러_463,060|벌크_556,910|해외구매_548,900|중고_220,420","정품_413,850|병행수입 박스_556,910|벌크 + 쿨러_463,060|벌크_556,910|해외구매_548,900|중고_220,420"
8428929,인텔 코어i7-9세대 9700 (커피레이크-R),"정품_947,170|병행수입 박스_756,500|벌크 + 쿨러_396,100|벌크_390,900|해외구매_860,600|중고_297,200","정품_947,170|병행수입 박스_756,500|벌크 + 쿨러_396,100|벌크_390,900|해외구매_860,600|중고_298,850","정품_947,170|병행수입 박스_756,500|벌크 + 쿨러_396,100|벌크_390,900|해외구매_860,600|중고_298,850"
8062711,인텔 코어i7-9세대 9700F (커피레이크-R),"정품_887,350|병행수입 박스_823,550|벌크 + 쿨러_319,600|벌크_314,400|해외구매_634,900","정품_887,350|병행수입 박스_823,550|벌크 + 쿨러_319,600|벌크_314,400|해외구매_634,900","정품_887,350|병행수입 박스_823,550|벌크 + 쿨러_319,600|벌크_314,400|해외구매_634,900"
7893442,인텔 코어i7-9세대 9700K (커피레이크-R),"벌크_2,405,930|해외구매_595,950|중고_296,480","벌크_2,405,930|해외구매_595,950|중고_296,480","벌크_2,405,930|해외구매_595,950|중고_296,480"
7517686,인텔 코어i7-9세대 9700KF (커피레이크-R),"정품_498,130|병행수입 박스_501,540|벌크 + 쿨러_345,400|벌크_340,200|해외구매_540,500","정품_498,130|병행수입 박스_501,440|벌크 + 쿨러_345,400|벌크_340,200|해외구매_540,500","정품_498,130|병행수입 박스_501,420|벌크 + 쿨러_345,400|벌크_340,200|해외구매_540,500"
12337610,인텔 코어i9-10세대 10850K (코멧레이크S),"병행수입 박스_451,430|벌크 + 쿨러_449,800|벌크_444,700|해외구매_735,210","병행수입 박스_453,940|벌크 + 쿨러_449,800|벌크_444,700|해외구매_735,210","병행수입 박스_453,940|벌크 + 쿨러_449,800|벌크_444,700|해외구매_735,210"
11405664,인텔 코어i9-10세대 10900 (코멧레이크S),"정품_572,900|벌크 + 쿨러_516,000|벌크_510,800|해외구매_759,990","정품_572,900|벌크 + 쿨러_516,000|벌크_510,800|해외구매_759,990","정품_572,900|벌크 + 쿨러_516,000|벌크_510,800|해외구매_759,990"
11593289,인텔 코어i9-10세대 10900F (코멧레이크S),"정품_531,500|병행수입 박스_470,500|벌크 + 쿨러_469,500|벌크_464,300|해외구매_802,900","정품_531,500|병행수입 박스_470,500|벌크 + 쿨러_469,500|벌크_464,300|해외구매_802,900","정품_531,500|병행수입 박스_470,500|벌크 + 쿨러_469,500|벌크_464,300|해외구매_802,900"
11305233,인텔 코어i9-10세대 10900K (코멧레이크S),"정품_586,050|병행수입 박스_475,930|벌크 + 쿨러_489,100|벌크_484,000|해외구매_653,670","정품_586,050|병행수입 박스_475,930|벌크 + 쿨러_489,100|벌크_484,000|해외구매_653,570","정품_586,050|병행수입 박스_475,930|벌크 + 쿨러_489,100|벌크_484,000|해외구매_653,550"
11593361,인텔 코어i9-10세대 10900KF (코멧레이크S),"정품_536,700|병행수입 박스_468,500|벌크 + 쿨러_472,600|벌크_467,400|해외구매_759,400","정품_536,700|병행수입 박스_468,500|벌크 + 쿨러_472,600|벌크_467,400|해외구매_759,400","정품_536,700|병행수입 박스_468,500|벌크 + 쿨러_472,600|벌크_467,400|해외구매_759,400"
13620002,인텔 코어i9-11세대 11900 (로켓레이크S),"정품_556,020|벌크 + 쿨러_506,700|벌크_501,500|해외구매_834,500","정품_556,020|벌크 + 쿨러_506,700|벌크_501,500|해외구매_834,500","정품_556,020|벌크 + 쿨러_506,700|벌크_501,500|해외구매_834,500"
13753673,인텔 코어i9-11세대 11900F (로켓레이크S),"정품_555,560|병행수입 박스_461,640|벌크 + 쿨러_438,500|벌크_433,300","정품_556,300|병행수입 박스_461,640|벌크 + 쿨러_438,500|벌크_433,300","정품_556,300|병행수입 박스_461,640|벌크 + 쿨러_438,500|벌크_433,300"
13620026,인텔 코어i9-11세대 11900K (로켓레이크S),"정품_620,360|벌크 + 쿨러_378,500|벌크_373,300|해외구매_847,300","정품_620,360|벌크 + 쿨러_378,500|벌크_373,300|해외구매_847,300","정품_620,360|벌크 + 쿨러_379,500|벌크_374,400|해외구매_847,300"
13753718,인텔 코어i9-11세대 11900KF (로켓레이크S),"정품_576,000|벌크 + 쿨러_772,070|벌크_768,780|해외구매_870,500","정품_576,000|벌크 + 쿨러_772,070|벌크_768,780|해외구매_870,500","정품_576,000|벌크 + 쿨러_772,070|벌크_768,780|해외구매_870,500"
16101545,인텔 코어i9-12세대 12900 (엘더레이크),"정품_720,000|병행수입 박스_774,040|벌크 + 쿨러_773,300|벌크_635,300|해외구매_1,428,100","정품_739,730|병행수입 박스_774,040|벌크 + 쿨러_773,300|벌크_635,300|해외구매_1,428,100","정품_739,730|병행수입 박스_774,040|벌크 + 쿨러_773,300|벌크_635,300|해외구매_1,428,100"
16156778,인텔 코어i9-12세대 12900 ES (엘더레이크),"해외구매_306,340","해외구매_306,340","해외구매_306,340"
16101581,인텔 코어i9-12세대 12900F (엘더레이크),"정품_665,100|병행수입 박스_777,340|벌크 + 쿨러_670,000|벌크_610,000|해외구매_1,174,330","정품_665,100|병행수입 박스_777,340|벌크 + 쿨러_670,000|벌크_610,000|해외구매_1,174,330","정품_665,100|병행수입 박스_777,340|벌크 + 쿨러_670,000|벌크_610,000|해외구매_1,174,330"
15594887,인텔 코어i9-12세대 12900K (엘더레이크),"정품_684,190|병행수입 박스_636,630|벌크 + 쿨러_634,400|벌크_614,000|해외구매_616,040|중고_일시품절","정품_684,190|병행수입 박스_636,530|벌크 + 쿨러_634,400|벌크_614,000|해외구매_616,040|중고_일시품절","정품_684,190|병행수입 박스_636,510|벌크 + 쿨러_634,400|벌크_614,000|해외구매_616,040"
16054187,인텔 코어i9-12세대 12900K ES (엘더레이크),"해외구매_334,630","해외구매_334,630","해외구매_334,630"
15594956,인텔 코어i9-12세대 12900KF (엘더레이크),"정품_623,790|벌크 + 쿨러_726,390|벌크_607,500|해외구매_591,690","정품_623,790|벌크 + 쿨러_726,390|벌크_607,500|해외구매_642,000","정품_623,790|벌크 + 쿨러_726,390|벌크_607,500|해외구매_642,000"
16054112,인텔 코어i9-12세대 12900KF ES (엘더레이크),"해외구매_284,000","해외구매_284,000","해외구매_284,000"
16756757,인텔 코어i9-12세대 12900KS (엘더레이크),"정품_890,300|벌크 + 쿨러_일시품절|벌크_891,000|해외구매_743,510","정품_890,300|벌크 + 쿨러_일시품절|벌크_930,600|해외구매_743,510","정품_890,300|벌크 + 쿨러_일시품절|벌크_930,600|해외구매_751,150"
16394042,인텔 코어i9-12세대 12900T (엘더레이크),"벌크_742,140","벌크_742,140","벌크_742,140"
18640472,인텔 코어i9-13세대 13900 (랩터레이크),"정품_741,330|벌크 + 쿨러_777,180|벌크_753,800|해외구매_974,800","정품_741,330|벌크 + 쿨러_777,180|벌크_754,220|해외구매_974,800","정품_741,330|벌크 + 쿨러_777,170|벌크_754,220|해외구매_974,800"
18640442,인텔 코어i9-13세대 13900F (랩터레이크),"정품_726,890|벌크 + 쿨러_749,610|벌크_729,670|해외구매_940,890","정품_726,890|벌크 + 쿨러_749,610|벌크_729,660|해외구매_940,890","정품_726,890|벌크 + 쿨러_749,610|벌크_729,660|해외구매_940,890"
18039569,인텔 코어i9-13세대 13900K (랩터레이크),"정품_781,190|벌크 + 쿨러_760,000|벌크_777,100|해외구매_853,560","정품_765,700|벌크 + 쿨러_760,000|벌크_777,100|해외구매_850,600","정품_780,360|벌크 + 쿨러_760,000|벌크_777,100|해외구매_850,600"
18039512,인텔 코어i9-13세대 13900KF (랩터레이크),"정품_746,300|벌크 + 쿨러_770,900|벌크_728,330|해외구매_874,190","정품_738,700|벌크 + 쿨러_770,900|벌크_728,330|해외구매_874,190","정품_745,920|벌크 + 쿨러_770,900|벌크_728,330|해외구매_860,110"
18725225,인텔 코어i9-13세대 13900KS (랩터레이크),"정품_1,270,000|벌크 + 쿨러_1,018,150|벌크_999,070|해외구매_1,242,390","정품_1,037,590|벌크 + 쿨러_1,018,150|벌크_999,070|해외구매_1,242,390","정품_1,037,590|벌크 + 쿨러_1,018,150|벌크_999,070|해외구매_1,242,390"
18710705,인텔 코어i9-13세대 13900T (랩터레이크),"벌크_868,190","벌크_868,090","벌크_868,070"
6515580,인텔 코어i9-9세대 9900K (커피레이크-R),"정품_1,650,000|병행수입 박스_1,255,330|벌크 + 쿨러_800,000|벌크_594,980|해외구매_478,010","정품_1,650,000|병행수입 박스_1,255,330|벌크 + 쿨러_800,000|벌크_594,980|해외구매_478,010","정품_1,650,000|병행수입 박스_1,255,330|벌크 + 쿨러_800,000|벌크_594,980|해외구매_478,010"
7559767,인텔 코어i9-9세대 9900KF (커피레이크-R),"정품_639,000|벌크 + 쿨러_755,100|벌크_1,139,830|해외구매_683,550","정품_639,000|벌크 + 쿨러_755,100|벌크_1,139,830|해외구매_683,550","정품_639,000|벌크 + 쿨러_755,100|벌크_1,139,830|해외구매_683,550"
4147888,인텔 펜티엄 E5500 (울프데일),"중고_1,990","중고_1,880","중고_1,990"
4148262,인텔 펜티엄 E5700 (울프데일),"중고_2,490","중고_2,350","중고_2,490"
4148123,인텔 펜티엄 E6500 (울프데일),"중고_1,790","중고_1,790","중고_1,790"
4144083,인텔 펜티엄 E6700 (울프데일),"중고_2,990","중고_2,990","중고_2,990"
15833633,인텔 펜티엄 G2020 (아이비브릿지),"중고_2,100","중고_2,100","중고_2,100"
2099732,인텔 펜티엄 G2030 (아이비브릿지),"중고_2,170","중고_2,170","중고_2,170"
15833360,인텔 펜티엄 G2120 (아이비브릿지),"중고_2,150",0,0
1964344,인텔 펜티엄 G2130 (아이비브릿지),"중고_2,170","중고_2,170","중고_2,170"
6112933,인텔 펜티엄 G3220 (하스웰),중고_540,중고_540,중고_540
6112992,인텔 펜티엄 G3240 (하스웰 리프레시),"중고_2,800","중고_2,800","중고_2,800"
6112998,인텔 펜티엄 G3250 (하스웰 리프레시),"중고_3,290","중고_3,290","중고_3,290"
6113009,인텔 펜티엄 G3258 (하스웰),"중고_14,040|해외구매_일시품절","중고_14,040|해외구매_일시품절",0
4625861,인텔 펜티엄 G3260 (하스웰 리프레시),"중고_3,300","중고_3,300","중고_3,300"
6113054,인텔 펜티엄 G3420 (하스웰),"중고_4,830","중고_4,830","중고_4,830"
6113075,인텔 펜티엄 G3450 (하스웰 리프레시),"중고_4,250","중고_4,250","중고_4,250"
7466113,인텔 펜티엄 G4400 (스카이레이크),"중고_7,890","중고_7,880","중고_7,880"
7467193,인텔 펜티엄 G4500 (스카이레이크),"해외구매_123,890|중고_10,340","해외구매_123,890|중고_10,310","해외구매_123,890|중고_10,310"
5402440,인텔 펜티엄 G4560 (카비레이크),"중고_14,190","중고_14,070","중고_14,020"
7897948,인텔 펜티엄 G4600 (카비레이크),"해외구매_41,700|중고_20,090","해외구매_41,700|중고_19,990","해외구매_41,700|중고_19,990"
4504341,인텔 펜티엄 G620 (샌디브릿지),"중고_1,490","중고_1,490","중고_1,490"
4504316,인텔 펜티엄 G630 (샌디브릿지),"중고_1,300","중고_1,300","중고_1,300"
15832694,인텔 펜티엄 G640 (샌디브릿지),"중고_1,500","중고_1,500","중고_1,500"
1824690,인텔 펜티엄 G645 (샌디브릿지),"중고_1,500","중고_1,500","중고_1,500"
1376038,인텔 펜티엄 G840 (샌디브릿지),"중고_1,500","중고_1,500","중고_1,500"
1376176,인텔 펜티엄 G850 (샌디브릿지),"중고_1,590","중고_1,590","중고_1,590"
1513439,인텔 펜티엄 G860 (샌디브릿지),"중고_1,640","중고_1,640","중고_1,640"
7893472,인텔 펜티엄 골드 G5400 (커피레이크),"해외구매_158,900|중고_51,050","해외구매_158,900|중고_51,050","해외구매_158,900|중고_51,050"
12544445,인텔 펜티엄 골드 G5420 (커피레이크-R),"해외구매_150,410|중고_54,470","해외구매_150,410|중고_54,360","해외구매_150,410|중고_54,270"
11405214,인텔 펜티엄 골드 G6400 (코멧레이크S),"정품_86,300|벌크 + 쿨러_73,590|벌크_65,690|해외구매_80,800|중고_68,790","정품_86,300|벌크 + 쿨러_73,590|벌크_66,060|해외구매_80,800|중고_68,760","정품_86,300|벌크 + 쿨러_73,590|벌크_66,060|해외구매_80,800|중고_68,670"
13620101,인텔 펜티엄 골드 G6405 (코멧레이크S 리프레시),"정품_87,300|병행수입 박스_93,410|벌크 + 쿨러_78,450|벌크_74,000|해외구매_143,830","정품_87,300|병행수입 박스_93,410|벌크 + 쿨러_78,880|벌크_74,000|해외구매_143,830","정품_87,300|병행수입 박스_93,410|벌크 + 쿨러_78,880|벌크_74,000|해외구매_143,830"
13620104,인텔 펜티엄 골드 G6605 (코멧레이크S 리프레시),"정품_172,000","정품_172,000","정품_172,000"
16100921,인텔 펜티엄 골드 G7400 (엘더레이크),"정품_116,900|병행수입 박스_113,860|벌크 + 쿨러_99,540|벌크_87,990|해외구매_120,060","정품_116,900|병행수입 박스_113,860|벌크 + 쿨러_99,540|벌크_87,990|해외구매_120,060","정품_116,900|병행수입 박스_113,860|벌크 + 쿨러_89,280|벌크_78,120|해외구매_120,060"
