Id,Name,2021-09-01 10:11:58,2021-09-02 10:06:36,2021-09-03 10:05:33,2021-09-04 10:06:59,2021-09-05 10:08:53,2021-09-06 10:12:15,2021-09-07 10:05:06,2021-09-08 10:05:11
5888672,ADATA XPG EMIX H30 + SOLOX F30,"119,000","119,000","119,000","119,000","119,000","119,000","119,000","119,000"
14778488,AJAZZ AX365 7.1 채널 게이밍 해드셋,"정품_36,000|해외구매_29,900","정품_36,000|해외구매_29,900","정품_36,000|해외구매_29,900","정품_36,000|해외구매_29,900","정품_36,000|해외구매_29,900","정품_36,000|해외구매_29,900","정품_36,000|해외구매_29,900","정품_36,000|해외구매_29,900"
14778497,AJAZZ AX365 7.1 채널 게이밍 해드셋,"정품_36,000|해외구매_29,900","정품_36,000|해외구매_29,900",0,0,0,0,0,0
12665285,ANYZEN AZ-3355 스테레오 게이밍 헤드셋,"11,060","11,060","11,060","11,060",0,0,"11,060","11,060"
12665087,ANYZEN AZ-580 스테레오 게이밍 헤드셋,"11,040","11,040",0,0,0,0,0,"11,040"
13484066,ASUS ASUS ROG DELTA S,"정품_259,000|해외구매_293,100","정품_259,000|해외구매_293,100","정품_238,280|해외구매_293,100","정품_259,000|해외구매_293,100","정품_259,000|해외구매_293,100","정품_259,000|해외구매_293,100","정품_259,000|해외구매_293,100","정품_259,000|해외구매_293,100"
4922078,ASUS ROG Centurion True 7.1,"정품_299,000","정품_299,000","정품_299,000","정품_299,000","정품_299,000","정품_299,000","정품_299,000","정품_299,000"
6624229,ASUS ROG DELTA,"해외구매_186,990|정품_239,000","해외구매_186,990|정품_239,000","해외구매_186,990|정품_239,000","해외구매_186,990|정품_239,000","해외구매_186,990|정품_239,000","해외구매_186,990|정품_239,000","해외구매_186,990|정품_239,000","해외구매_183,830|정품_239,000"
7207030,ASUS ROG DELTA CORE,"정품_128,900","정품_128,900","정품_118,680","정품_128,900","정품_128,900","정품_128,900","정품_129,000","정품_129,000"
5801543,ASUS ROG STRIX FUSION 300,"정품_139,000","정품_139,000","정품_139,000","정품_139,000","정품_139,000","정품_139,000","정품_139,000","정품_139,000"
8216701,ASUS ROG STRIX FUSION 300 PINK,"169,000","169,000","169,000","169,000","169,000","169,000","169,000","169,000"
13913654,ASUS ROG STRIX FUSION 300 PINK CROWN,"169,000","169,000","155,480","169,000","167,200","169,000","169,000","169,000"
7284919,ASUS ROG STRIX FUSION 700,"정품_299,000|해외구매_222,990","정품_299,000|해외구매_222,930","정품_299,000|해외구매_222,800","정품_299,000|해외구매_222,740","정품_299,000|해외구매_222,510","정품_299,000|해외구매_222,500","정품_299,000|해외구매_222,260","정품_299,000|해외구매_222,200"
7207225,ASUS ROG STRIX FUSION WIRELESS,"정품_149,000|해외구매_103,390","정품_149,000|해외구매_104,180","정품_137,080|해외구매_104,180","정품_149,000|해외구매_103,620","정품_149,000|해외구매_103,620","정품_149,000|해외구매_103,600","정품_149,000|해외구매_205,520","정품_149,000|해외구매_213,940"
11847379,ASUS ROG STRIX GO 2.4,"정품_249,000|해외구매_253,520","정품_249,000|해외구매_254,930","정품_229,080|해외구매_254,930","정품_249,000|해외구매_250,420","정품_249,000|해외구매_250,420","정품_249,000|해외구매_241,690","정품_249,000|해외구매_254,930","정품_249,000|해외구매_254,930"
15101114,ASUS ROG STRIX GO 2.4 Electro Punk,"정품_259,000|해외구매_129,090","정품_259,000|해외구매_129,090","정품_258,900|해외구매_129,090","정품_258,950|해외구매_129,090","정품_258,950|해외구매_129,090","정품_258,950|해외구매_129,090","정품_258,950|해외구매_129,090","정품_259,000|해외구매_129,090"
15101150,ASUS ROG STRIX GO 2.4 Electro Punk,"정품_259,000|해외구매_129,090",0,0,0,0,0,0,0
14962085,ASUS ROG STRIX GO CORE Moonlight White,"99,190","99,190","99,140","99,140","99,140","99,190","99,190","99,190"
12621641,ASUS ROG THETA 7.1,"해외구매_378,940","해외구매_378,940","해외구매_378,940","해외구매_378,940","해외구매_378,940","해외구매_378,940","해외구매_378,940","해외구매_378,940"
10365117,ASUS ROG THETA 7.1채널,"정품_359,000","정품_358,010","정품_358,010","정품_359,000","정품_359,000","정품_359,000","정품_359,000","정품_359,000"
3431208,ASUS STRIX 7.1채널,0,0,0,"해외구매_256,500","해외구매_256,500","해외구매_256,500","해외구매_256,500","해외구매_256,500"
11470149,ASUS TUF Gaming H7 Wireless,"129,000","129,000","129,000","129,000","129,000","129,000","128,950","128,940"
10685517,ASUS TUF H3,"52,900","52,900","52,900","52,900","52,900","52,900","52,900","52,890"
14966087,ASUS TUF H3 WIRELESS,"119,000","119,000","119,000","119,000","119,000","119,000","119,000","119,000"
1238727,Actto BKS-38 아이스크림 게이밍 헤드셋,"9,190","9,190","9,190",0,0,0,0,"9,190"
2037683,Actto BKS-50,"7,490",0,0,0,0,0,0,0
7117405,Actto BKS-78 USB 게이밍 헤드셋,0,"19,980","19,980","19,980","19,980","19,980","19,980","19,980"
7245013,Actto GBKS-06,0,0,0,0,0,"25,710","25,710",0
14087807,Actto GBKS-12,"25,840","25,820","25,800","25,780","25,740","25,700","25,660","25,860"
14607980,Actto 브라이트 블루투스 헤드셋 BTH-08,"24,900","24,900","24,900","24,900","24,900","24,900","24,900","24,900"
5260655,Actto 팝팝 키즈 BKS-74,"22,630","22,330","22,330","23,230","23,230","23,230","22,930","22,630"
6560046,Audeze Mobius,"548,990","548,990","548,990","548,990","548,990","548,990","548,990","548,990"
14904935,Audeze Penrose,"정품_428,230|해외구매_492,330","정품_427,990|해외구매_492,330","정품_427,980|해외구매_492,330","정품_427,920|해외구매_492,330","정품_427,680|해외구매_492,330","정품_427,620|해외구매_492,330","정품_427,380|해외구매_492,330","정품_427,140|해외구매_492,330"
14904911,Audeze Penrose X,"정품_428,230|해외구매_496,140","정품_427,990|해외구매_496,070","정품_427,980|해외구매_495,950","정품_427,920|해외구매_495,900","정품_427,680|해외구매_495,650","정품_427,620|해외구매_495,470","정품_427,380|해외구매_495,230","정품_427,140|해외구매_494,990"
6185723,BMC GROZA 가상 서라운드 7.1채널 RGB 진동 게이밍 헤드셋,"23,900","23,900","23,900","23,900",0,0,0,0
13967537,BOYA BY-HP2,"정품_121,750|해외구매_74,100","정품_122,450|해외구매_74,100","정품_122,450|해외구매_74,100","정품_122,450|해외구매_66,690","정품_122,450|해외구매_66,690","정품_122,450|해외구매_74,100","정품_122,450|해외구매_68,470",0
5448981,Britz KG20 가상 7.1채널 게이밍,"47,000","45,000","45,000","45,000","45,000","45,000","45,000","45,000"
11777194,Britz KG30,"55,000","51,000","51,000","51,000","51,000","51,000","51,000","51,000"
14273279,Britz 가상 7.1 채널 헤드셋 거치대 세트 BHST-K550,"34,500","34,500","34,500","34,500","34,370","34,500","34,500","34,500"
14272883,Britz 가상 7.1 채널 헤드셋 거치대 세트 BHST-K830,"43,240","43,240","43,240","43,240","43,240","43,240","43,240","43,240"
14273699,Britz 가상 7.1채널 헤드셋 거치대 세트 BHST-K33GH,"35,900","35,900","35,900","35,900","35,590","35,900","35,900","35,900"
12683798,Britz 브리츠인터내셔널 BA-MPK1 게이밍 헤드셋,"36,900","36,900","36,900","36,900","36,900","36,900","36,900","36,900"
12433733,Britz 브리츠인터내셔널 BZ-HK40,"76,500","68,980","68,980","69,000","69,000","69,000","69,000","69,000"
3216182,Britz 브리츠인터내셔널 G2 헤카테,"39,000","39,000","39,000","39,000","39,000","39,000","39,000","39,000"
6443249,Britz 브리츠인터내셔널 HS20 게이밍 헤드셋,"142,360","142,360","142,360","142,360","142,360","142,360","142,360","142,360"
6212432,Britz 브리츠인터내셔널 K150GH,0,0,0,0,"34,900","34,900","34,900","34,900"
6222386,Britz 브리츠인터내셔널 K250GHV 가상 7.1채널 진동 LED 게이밍 헤드셋,"45,000","39,560","42,620","43,000","43,000","43,000","43,000","43,000"
6985690,Britz 브리츠인터내셔널 K33GH,"정품_17,900|2개, 정품_60,900","정품_17,900|2개, 정품_60,900","정품_17,900|2개, 정품_60,900","정품_17,900|2개, 정품_60,900","정품_17,900|2개, 정품_60,900","정품_17,900|2개, 정품_60,900","정품_17,900|2개, 정품_60,900","정품_17,900|2개, 정품_60,900"
4874516,Britz 브리츠인터내셔널 K35GH,"19,800","19,800","19,800","19,800","19,800","19,800","19,800","19,800"
10494042,Britz 브리츠인터내셔널 K360GH,"39,500","39,500","39,500","39,500","39,500","39,500","39,500","39,500"
10494114,Britz 브리츠인터내셔널 K380GH,"43,000","34,500","36,330","36,330","36,330","36,330","36,330","36,330"
6985324,Britz 브리츠인터내셔널 K38GH,"22,150","22,600","22,600","22,600","22,600","22,600","22,600","22,600"
7036246,Britz 브리츠인터내셔널 K460GH,"60,210","60,210","60,210","60,210","60,210","60,210","60,210","60,210"
1985862,Britz 브리츠인터내셔널 K550,"16,900","16,900","16,900","16,900","16,900","16,900","16,900","16,900"
12834641,Britz 브리츠인터내셔널 K71GH 가상 7.1채널 RGB 게이밍 헤드셋,"29,800","29,800","29,800","29,800","29,800","29,800","29,800","29,800"
12616313,Britz 브리츠인터내셔널 K820,"27,000","27,000","27,000","27,000","27,000","27,000","27,000","27,000"
2010541,Britz 브리츠인터내셔널 K830,"29,000","29,000","29,000","29,000","29,000","29,000","29,000","29,000"
12775880,Britz 브리츠인터내셔널 KG20 ENC PLUS 가상 7.1채널 게이밍 헤드셋,"47,000","41,400","41,400","41,400","41,400","41,400","45,000","45,000"
6696574,Britz 브리츠인터내셔널 KG40,"83,660","89,000","89,000","89,000","89,000","89,000","89,000","89,000"
9658488,Britz 브리츠인터내셔널 KG50,"79,000","77,000","77,000","77,000","77,000","77,000","77,000","77,000"
8098264,Britz 브리츠인터내셔널 KG95X 리얼 5.2 멀티채널 진동 게이밍 헤드셋,"89,000","89,000","89,000","89,000","89,000","89,000","89,000","89,000"
1642765,CAMAC CMK-1090MV,"5,000","5,000","5,000","5,000","5,000","5,000","5,000","5,000"
1283241,CAMAC CMK-1102MV,"3,490","3,490","3,490","3,490","3,490","3,490","3,490","3,490"
4749339,CAMAC CMK-1300 USB,"9,470","9,470","9,470","9,470","9,470","9,470","9,470","9,470"
42338,CAMAC CMK-500MV,"3,480","3,480","3,480","3,480","3,480","3,480","3,480","3,480"
838897,CAMAC CMK-502MV,"2,300","2,300","2,300","2,300","2,300","2,300",0,"2,300"
898184,CAMAC CMK-503MV,"2,740","2,740","2,740","2,740","2,740","2,740","2,740","2,740"
5270260,CJ ENM ENTUS CJDM-LV200,"24,480","24,480","24,480","24,480","24,480","24,480","24,480","24,480"
5591654,CJ ENM ENTUS CJOGN-LV300 7.1채널 진동 LED,"35,500","35,500","35,500","35,500","35,500","35,500","35,500","35,500"
9867114,CJ ENM ENTUS GH17D 듀얼유닛 카본 가상 7.1채널 LED 진동 게이밍 헤드셋,"26,500",0,"26,500","26,500","26,500","26,500","26,500","26,500"
6870865,CJ ENM ENTUS H5 스테레오,0,0,0,"16,060","16,060",0,0,0
6530732,CJ ENM ENTUS LV400 CAMO LED 가상 7.1채널 진동,"24,500","24,500","24,500","24,500","24,500","24,500","24,500","24,500"
9876009,CJ ENM ENTUS LV450 가상 7.1채널 RGB 진동 게이밍 헤드셋,0,0,0,0,0,0,"24,500","24,500"
6380023,COBY X79 게이밍 헤드셋,0,0,0,0,0,"17,260","17,150","18,910"
2885391,CORSAIR H1500 게이밍 헤드셋,"정품_116,500","정품_116,500","정품_116,500","정품_116,500","정품_116,500","정품_116,500","정품_116,500","정품_116,500"
8379099,CORSAIR HS35 스테레오,"정품_69,000","정품_69,000","정품_69,000","정품_69,000","정품_69,000","정품_69,000","정품_68,700","정품_68,700"
9721875,CORSAIR HS45 SURROUND,"정품_78,900|해외구매_57,820","정품_78,900|해외구매_58,740","정품_78,900|해외구매_58,740","정품_78,900|해외구매_57,940","정품_78,900|해외구매_57,940","정품_78,900|해외구매_55,940","정품_78,600|해외구매_54,430","정품_78,600|해외구매_54,430"
5675621,CORSAIR HS50,"정품_79,900","정품_79,900","정품_79,900","정품_79,900","정품_79,900","정품_79,900","정품_79,900","정품_79,900"
10189260,CORSAIR HS50 PRO,"정품_79,900|해외구매_58,100","정품_79,900|해외구매_58,100",0,0,0,0,0,0
14394755,CORSAIR HS50 PRO,0,0,0,"정품_79,900|해외구매_58,100","정품_79,900|해외구매_58,100","정품_79,900|해외구매_58,100","정품_79,900|해외구매_58,100","정품_79,900|해외구매_58,100"
12572522,CORSAIR HS60 HAPTIC 스테레오 게이밍 헤드셋,"정품_169,000|해외구매_145,180","정품_169,000|해외구매_145,110","정품_169,000|해외구매_145,060","정품_169,000|해외구매_145,000","정품_169,000|해외구매_144,990","정품_169,000|해외구매_144,940","정품_169,000|해외구매_144,690","정품_169,000|해외구매_144,460"
9718476,CORSAIR HS60 PRO SURROUND,"정품_99,000|해외구매_73,770","정품_99,000|해외구매_73,770","정품_99,000|해외구매_73,770","정품_99,000|해외구매_73,770","정품_99,000|해외구매_73,770","정품_99,000|해외구매_73,770","정품_99,000|해외구매_73,770","정품_99,000|해외구매_73,770"
5911761,CORSAIR HS60 SURROUND,"정품_98,900","정품_98,900","정품_98,900","정품_98,900","정품_98,900","정품_98,900","정품_98,900","정품_98,900"
12913094,CORSAIR HS70 BLUETOOTH,"정품_147,000|해외구매_139,950","정품_147,000|해외구매_139,950","정품_147,000|해외구매_139,950","정품_147,000|해외구매_139,950","정품_147,000|해외구매_139,950","정품_147,000|해외구매_139,950","정품_147,000|해외구매_139,950","정품_147,000|해외구매_139,950"
10063479,CORSAIR HS70 PRO WIRELESS,"129,000","129,000","129,000","129,000","129,000","129,000","128,700","128,700"
6294139,CORSAIR HS70 SE WIRELESS 7.1채널,"정품_129,000|해외구매_290,900","정품_129,000|해외구매_290,900","정품_129,000|해외구매_290,900","정품_129,000|해외구매_290,900","정품_129,000|해외구매_290,900","정품_129,000|해외구매_290,900","정품_129,000|해외구매_290,900","정품_129,000|해외구매_290,900"
6206127,CORSAIR HS70 WIRELESS 7.1채널,"정품_129,000","정품_129,000","정품_129,000","정품_129,000","정품_128,650","정품_129,000","정품_129,000","정품_129,000"
13888646,CORSAIR HS75 XB Wireless,"정품_201,900|해외구매_184,840","정품_201,900|해외구매_184,840","정품_201,900|해외구매_182,880","정품_201,900|해외구매_182,880","정품_201,900|해외구매_182,880","정품_201,900|해외구매_182,880","정품_201,900|해외구매_182,880","정품_201,900|해외구매_182,880"
15050054,CORSAIR HS80 RGB WIRELESS,가격비교예정,가격비교예정,가격비교예정,가격비교예정,가격비교예정,가격비교예정,가격비교예정,가격비교예정
9618975,CORSAIR VIRTUOSO RGB WIRELESS,"259,000","259,000","259,000","259,000","259,000","259,000","259,000","259,000"
13104968,CORSAIR VIRTUOSO RGB WIRELESS Pearl,"259,000","259,000","259,000","259,000","259,000","259,000","258,700","258,700"
9619119,CORSAIR VIRTUOSO RGB WIRELESS SE,"정품_299,000|해외구매_240,890","정품_293,139|해외구매_240,890","정품_293,139|해외구매_240,890","정품_293,139|해외구매_240,890","정품_293,139|해외구매_240,890","정품_293,139|해외구매_240,890","정품_293,139|해외구매_240,890","정품_293,139|해외구매_240,890"
15050357,CORSAIR VIRTUOSO RGB WIRELESS XT,"정품_가격비교예정|해외구매_404,800","정품_가격비교예정|해외구매_404,800","정품_가격비교예정|해외구매_404,800","정품_가격비교예정|해외구매_404,800","정품_가격비교예정|해외구매_404,800","정품_가격비교예정|해외구매_404,800","정품_가격비교예정|해외구매_399,370","정품_가격비교예정|해외구매_399,370"
12591152,CORSAIR VIRTUOSO SE Espresso,"정품_299,000|해외구매_261,590","정품_299,000|해외구매_261,590","정품_299,000|해외구매_261,590","정품_299,000|해외구매_261,590","정품_299,000|해외구매_261,590","정품_299,000|해외구매_261,590","정품_298,700|해외구매_261,590","정품_298,700|해외구매_261,590"
9593673,CORSAIR VOID ELITE SURROUND,"정품_99,000|해외구매_84,160","정품_99,000|해외구매_84,160","정품_99,000|해외구매_84,160","정품_99,000|해외구매_84,160","정품_99,000|해외구매_84,160","정품_99,000|해외구매_84,160","정품_98,700|해외구매_84,160","정품_98,700|해외구매_84,160"
12670133,CORSAIR VOID ELITE 스테레오 게이밍 헤드셋,"정품_95,000|해외구매_49,450","정품_95,000|해외구매_36,400","정품_95,000|해외구매_36,400","정품_95,000|해외구매_36,400","정품_95,000|해외구매_36,400","정품_95,000|해외구매_36,400","정품_94,700|해외구매_36,400","정품_94,700|해외구매_36,400"
5486794,CORSAIR VOID PRO ELITE SURROUND,"정품_99,000","정품_99,000","정품_99,000","정품_99,000","정품_99,000","정품_99,000","정품_99,000","정품_99,000"
5600985,CORSAIR VOID PRO RGB USB,"병행수입_359,600|정품_245,100","병행수입_359,600|정품_245,100","병행수입_359,600|정품_245,100","병행수입_359,600|정품_245,100","병행수입_359,600|정품_245,100","병행수입_359,600|정품_245,100","병행수입_359,600|정품_245,100","병행수입_359,600|정품_245,100"
5486613,CORSAIR VOID PRO RGB WIRELESS,"정품_143,000|병행수입_181,910","정품_143,000|병행수입_181,910","정품_143,000|병행수입_181,910","정품_143,000|병행수입_181,910","정품_143,000|병행수입_181,910","정품_143,000|병행수입_181,910","정품_143,000|병행수입_181,910|해외구매_210,120","정품_143,000|병행수입_181,910|해외구매_210,120"
5486347,CORSAIR VOID PRO RGB WIRELESS SE,"정품_330,530|해외구매_일시품절","정품_330,530|해외구매_일시품절","정품_330,530|해외구매_일시품절","정품_330,530|해외구매_일시품절","정품_330,530|해외구매_일시품절","정품_330,530|해외구매_일시품절","정품_330,530|해외구매_일시품절","정품_330,530|해외구매_일시품절"
10193070,CORSAIR VOID RGB ELITE USB,"화이트, 정품_119,000|카본 블랙, 정품_94,500|해외구매_73,600","화이트, 정품_119,000|카본 블랙, 정품_94,500|해외구매_73,600","화이트, 정품_119,000|카본 블랙, 정품_94,500|해외구매_73,600","화이트, 정품_119,000|카본 블랙, 정품_94,500|해외구매_84,990","화이트, 정품_119,000|카본 블랙, 정품_94,500|해외구매_84,990","화이트, 정품_119,000|카본 블랙, 정품_94,500|해외구매_84,990","화이트, 정품_119,000|카본 블랙, 정품_94,500|해외구매_84,990","화이트, 정품_119,000|카본 블랙, 정품_119,000|해외구매_71,400"
9963978,CORSAIR VOID RGB ELITE WIRELESS,"카본 블랙, 정품_143,000|화이트, 정품_143,000|해외구매_83,000","카본 블랙, 정품_139,500|화이트, 정품_143,000|해외구매_83,000","카본 블랙, 정품_139,500|화이트, 정품_143,000|해외구매_83,000","카본 블랙, 정품_138,105|화이트, 정품_143,000|해외구매_83,000","카본 블랙, 정품_138,105|화이트, 정품_143,000|해외구매_83,000","카본 블랙, 정품_139,500|화이트, 정품_143,000|해외구매_90,400","카본 블랙, 정품_138,105|화이트, 정품_142,700|해외구매_90,400","카본 블랙, 정품_138,105|화이트, 정품_142,700|해외구매_90,400"
5304389,CORSAIR VOID Surround Hybrid Stereo,"정품_112,000","정품_112,000","정품_112,000","정품_112,000","정품_112,000","정품_112,000","정품_112,000","정품_112,000"
3520700,CORSAIR VOID USB Dolby 7.1채널,"정품_133,400","정품_133,400","정품_133,400","정품_133,400","정품_133,400","정품_133,400","정품_133,400","정품_133,400"
13246667,COUGAR HX330 게이밍 헤드셋,"49,000","49,000","49,000","49,000","49,000","49,000","49,000","49,000"
8548172,COUGAR IMMERSA PRO TI,"정품_128,000","정품_128,000","정품_128,000","정품_127,950","정품_127,950","정품_128,000","정품_128,000","정품_128,000"
13649336,COUGAR IMMERSA TI EX,"85,560","85,560","85,560","85,560","85,440","85,560","85,560","85,560"
4226911,COUGAR Immersa,"정품_78,840","정품_78,840","정품_78,840","정품_78,840","정품_78,840","정품_78,840","정품_78,840","정품_78,840"
5344713,COUGAR Immersa Pro 가상 7.1채널,"133,000","133,000","133,000","133,000","133,000","133,000","133,000","133,000"
7865968,COUGAR Immersa TI,"정품_76,920|해외구매_76,340","정품_77,090|해외구매_76,340","정품_77,490|해외구매_76,340","정품_77,490|해외구매_76,340","정품_77,490|해외구매_76,340","정품_77,490|해외구매_76,340","정품_77,460|해외구매_76,340","정품_77,340|해외구매_76,340"
6164662,COUGAR PHONTUM,"72,000","72,000","72,000","72,000","72,000","72,000","72,000","72,000"
7277551,COUGAR PHONTUM ESSENTIAL,"58,000","58,000","58,000","58,000","58,000","58,000","58,000","58,000"
10339740,COUGAR PHONTUM S,"72,080","72,080","72,080","72,080","72,080","72,080","72,080","72,080"
10341108,COUGAR PHONTUM S PINK,"72,460","73,740","72,440","73,250","72,440","78,980","78,980","78,980"
5764963,COX CH10 스테레오 게이밍 헤드셋,"94,000","94,000","94,000","94,000","94,000","94,000","94,000","94,000"
6208960,COX CH20 스테레오 게이밍 헤드셋,"95,000","95,000","95,000","95,000","95,000","95,000","95,000","95,000"
13078178,COX CH25 컴포트핏 스테레오 게이밍 헤드셋,"10,500","10,420","10,420","10,420","10,420","10,500","10,500","10,500"
13078607,COX CH33 가상 7.1채널 게이밍 헤드셋,"21,100","21,100","21,100","21,100","21,100","21,100","21,100","21,100"
5611298,COX CH35 일루젼 7.1채널 레인보우 큐브 LED 게이밍 헤드셋,"29,000","29,000","29,000","29,000","29,000","29,000","29,000","29,000"
6396996,COX CH42 초경량 7.1채널 LED 노이즈 캔슬링 마이크 3D 게이밍 헤드셋,"29,200","29,200","29,200","29,200","29,200","29,200","29,180","29,170"
14364227,COX CH43 가상 7.1 ENC EQ RGB 초경량 게이밍 헤드셋,"24,500","24,500","24,500","24,500","24,500","24,500","24,500","24,500"
9479856,COX CH50 CORAL 가상 7.1채널 RGB LED 진동 게이밍 헤드셋,"38,900","38,900","38,900","38,900","38,900","38,900","38,900","38,900"
7959565,COX CH50 IMPACT 가상 7.1채널 RGB LED 진동 게이밍 헤드셋,"28,490","28,490","28,490","28,490","28,490","28,490","28,490","28,490"
5755174,COX CH50 가상 7.1채널 RGB 게이밍 헤드셋,"40,900","40,900","40,900","40,900","40,900","40,900","40,900","40,900"
8088961,COX CH55 가상 7.1채널 초경량 진동 RGB 노이즈 캔슬링 게이밍 헤드셋,"39,500","39,500","39,500","39,500","39,500","39,500","39,500","39,500"
5888790,COX CH60 리얼 7.1채널 진동 RGB LED,"59,880","59,880","59,880","59,880","59,880","59,880","59,880","59,870"
10965105,COX CH60 사운드플러스 리얼 7.1채널 진동 RGB LED 게이밍 헤드셋,"59,900","59,900","59,900","59,900","59,900","59,900","59,900","59,900"
9412881,COX SCARLET 가상 7.1채널 RGB 노이즈 캔슬링 마이크 진동 초경량 게이밍 헤드셋,"34,080","34,480","29,800","29,800","29,800","29,800","29,800","29,800"
10008009,COX TOCO 무선 가상 7.1채널 초경량 RGB 노이즈 캔슬링 게이밍 헤드셋,"83,800","83,680","83,620","83,570","83,470","83,440","83,320","83,200"
13507823,COX WCH220 가상 7.1채널 게이밍 헤드셋,"82,200","82,200","82,200","82,200","82,200","82,200","82,200","82,200"
6448109,COX ZH12 7.1채널 LED 노이즈 캔슬링 마이크 3D 게이밍 헤드셋,"121,900","121,900","121,900","121,900","121,900","121,900","121,900","121,900"
6530042,COX ZH301 7.1채널 진동 LED 노이즈 캔슬링 마이크 3D 게이밍 헤드셋,"60,480","60,480","60,480","60,480","60,480","60,480","60,480","60,480"
10699854,Creative SXFI AIR,"198,950","198,950","198,950","198,950","198,950","198,950","198,950","198,950"
14200781,Creative SXFI AIR C,"해외구매_184,150","해외구매_206,800","해외구매_206,800","해외구매_186,210","해외구매_186,210","해외구매_206,800","해외구매_206,750","해외구매_206,750"
14201183,Creative SXFI Gamer,"해외구매_137,520","해외구매_137,520","해외구매_137,520","해외구매_137,520","해외구매_137,520","해외구매_137,520","해외구매_137,520","해외구매_137,520"
15090065,Creative 사운드 블라스터 JAM V2,"정품_59,000|해외구매_61,120","정품_59,000|해외구매_61,550","정품_59,000|해외구매_61,550","정품_59,000|해외구매_61,250","정품_59,000|해외구매_61,250","정품_59,000|해외구매_61,370","정품_59,000|해외구매_61,550","정품_58,970|해외구매_61,550"
10240278,Creative 사운드 블라스터X H3,"정품_48,980","정품_48,980","정품_48,980","정품_48,980","정품_48,980","정품_48,980","정품_48,980","정품_48,980"
3853356,Creative 사운드 블라스터X H5,"정품_198,000",0,0,"정품_198,000",0,0,0,0
9888399,Creative 사운드 블라스터X H6,"99,000","99,000","99,000","99,000","99,000","99,000","99,000","99,000"
9830055,DELL Pro Stereo Headset UC150,"64,520",0,0,0,0,0,0,0
13903625,DROP X SENNHEISER PC38X 게이밍 헤드셋,"정품_243,000|해외구매_283,200",0,"정품_243,000|해외구매_283,200","정품_243,000|해외구매_283,200","정품_243,000|해외구매_277,970","정품_243,000|해외구매_268,990","정품_243,000|해외구매_268,990","정품_243,000|해외구매_268,990"
2405168,EPOS 젠하이저 GAME ONE 게이밍 헤드셋,"정품_186,330|해외구매_278,010","정품_186,330|해외구매_278,010","정품_186,330|해외구매_278,010","정품_186,330|해외구매_252,810","정품_186,330|해외구매_272,970","정품_186,330|해외구매_258,430","정품_186,330|해외구매_278,010","정품_186,330|해외구매_278,010"
2405262,EPOS 젠하이저 GAME ZERO 게이밍 헤드셋,0,"정품_200,350|해외구매_180,310","정품_200,350|해외구매_180,310","정품_200,350|해외구매_180,310","정품_200,350|해외구매_180,310","정품_200,350|해외구매_180,310","정품_200,350|해외구매_180,310","정품_200,350|해외구매_180,310"
4703850,EPOS 젠하이저 GSP 300 게이밍 헤드셋,"정품_95,650|해외구매_111,990","정품_95,650|해외구매_111,990","정품_95,650|해외구매_111,990","정품_95,650|해외구매_111,990","정품_95,650|해외구매_111,990","정품_95,650|해외구매_111,990","정품_94,850|해외구매_111,990","정품_95,950|해외구매_111,990"
11674475,EPOS 젠하이저 GSP 302 게이밍 헤드셋,"정품_87,110|해외구매_115,260","정품_87,110|해외구매_115,260","정품_87,110|해외구매_115,260","정품_87,990|해외구매_115,260","정품_87,120|해외구매_115,260","정품_88,000|해외구매_115,260","정품_88,000|해외구매_115,260","정품_88,000|해외구매_114,370"
4703907,EPOS 젠하이저 GSP 350 게이밍 헤드셋,"정품_139,000|해외구매_139,000","정품_138,600|해외구매_139,000","정품_138,600|해외구매_139,000","정품_139,000|해외구매_139,000","정품_138,600|해외구매_139,000","정품_138,600|해외구매_139,000","정품_139,000|해외구매_139,000","정품_139,000|해외구매_139,000"
10114806,EPOS 젠하이저 GSP 370 무선 게이밍 헤드셋,"206,620","226,590","226,590","249,000","249,000","249,000","189,000","188,950"
6294749,EPOS 젠하이저 GSP 500 게이밍 헤드셋,"정품_191,000","정품_191,000","정품_191,000","정품_191,000","정품_191,000","정품_191,000","정품_191,000","정품_191,000"
6608626,EPOS 젠하이저 GSP 550 게이밍 헤드셋,"정품_249,300|해외구매_398,500",0,"정품_248,820|해외구매_398,500",0,"정품_248,460|해외구매_398,500","정품_248,220|해외구매_398,500","정품_247,990|해외구매_398,500","정품_247,800|해외구매_398,500"
7596784,EPOS 젠하이저 GSP 550 게이밍 헤드셋,0,"정품_249,010|해외구매_398,500",0,0,0,0,0,0
5968195,EPOS 젠하이저 GSP 600 게이밍 헤드셋,"정품_193,990|해외구매_202,800","정품_193,820|해외구매_202,800","정품_193,750|해외구매_202,800","정품_192,920|해외구매_202,800","정품_192,860|해외구매_202,800","정품_192,580|해외구매_202,800","정품_192,350|해외구매_202,800","정품_198,860|해외구매_202,800"
12925418,EPOS 젠하이저 GSP 601 게이밍 헤드셋,"195,020","195,020","195,020","195,020",0,0,0,0
12925421,EPOS 젠하이저 GSP 602 게이밍 헤드셋,"정품_199,000|해외구매_792,700","정품_199,000|해외구매_792,700","정품_199,000|해외구매_792,700","정품_199,000|해외구매_792,700","정품_199,000|해외구매_792,700","정품_199,000|해외구매_792,700","정품_199,000|해외구매_792,700","정품_255,550|해외구매_792,700"
8940944,EPOS 젠하이저 GSP 670 게이밍 헤드셋,"272,990","272,990","272,990","272,990","272,990","272,990","272,990","272,990"
12602552,EPOS 젠하이저 PC 2 CHAT,"정품_24,890","정품_24,890","정품_24,890",0,0,0,0,0
13127051,EPOS 젠하이저 PC 7 USB,"43,900","43,900","43,900","43,900","43,900","43,900","43,900","43,900"
14165849,EPOS 젠하이저 게이밍헤드셋 H3,"정품_151,000|해외구매_182,020","정품_151,000|해외구매_182,010","정품_151,000|해외구매_182,010","정품_151,000|해외구매_182,010","정품_151,000|해외구매_182,010","정품_151,000|해외구매_182,010","정품_151,000|해외구매_182,010","정품_151,000|해외구매_182,010"
10582494,FANTECH HG11 CAPTAIN 7.1채널,"30,740","30,630","30,320","30,290","30,180","30,170","30,050","30,020"
1103776,FC.8089,0,"단품_3,850","단품_3,850","단품_3,850","단품_3,850","단품_3,850","단품_3,850",0
10463910,FLY with SK엠앤서비스 SK-GH100 게이밍 헤드셋,"15,300","15,300","15,300","15,300","15,300","15,300","15,300",0
14501507,G GOON GTH-290,"28,880","28,880","28,880","28,880","28,880","28,880","28,880","28,880"
13413179,G GOON PLH-V88 USB 7.1 게이밍 헤드셋,0,"17,800","17,800","17,800","17,800","17,800","17,800","17,800"
3689663,G.SKILL RIPJAWS SV710 가상 7.1채널,"정품_42,400","정품_42,400","정품_42,400","정품_42,400","정품_42,400","정품_42,400","정품_42,400","정품_42,400"
13471217,GIGABYTE AORUS H1 가상 7.1채널 RGB 게이밍 헤드셋,"64,840","64,840","64,840","64,840","64,840","64,840","64,840","64,840"
14499011,HP H120G LED 디지털 게이밍 헤드셋,"정품_16,900|해외구매_16,900","정품_16,900|해외구매_일시품절","정품_16,900|해외구매_일시품절","정품_16,900|해외구매_일시품절","정품_16,900|해외구매_일시품절","정품_16,900|해외구매_일시품절","정품_16,900|해외구매_일시품절","정품_16,900|해외구매_일시품절"
10715451,HP H200GS LED 가상 7.1채널 게이밍 헤드셋,"22,900",0,"22,900","22,900","22,900","22,900","22,900","22,900"
10715625,HP H200S 스테레오 게이밍 헤드셋,0,0,0,0,0,0,0,"16,900"
10621482,HP H220 LED 스테레오 게이밍 헤드셋,0,"16,880","16,880","16,880","16,880","16,880","16,880","16,880"
10621671,HP H220GS LED 가상 7.1채널 게이밍 헤드셋,"18,860","18,860","18,860","18,860","18,860","18,860","18,860","18,860"
10621590,HP H220S 스테레오 게이밍 헤드셋,"12,900","12,900","12,900","12,900","12,900","12,900","12,900","12,900"
11088633,HP H360 RGB 스테레오 게이밍 헤드셋,0,0,0,"19,800","19,800","19,800","19,800",0
10969212,HP H360GS RGB LED 가상 7.1채널 게이밍 헤드셋,"26,460",0,0,"26,460","26,460","26,460","26,460","26,460"
10969239,HP H500GS RGB LED 가상 7.1채널 게이밍 헤드셋,"32,380","32,380","32,380","32,380","32,380","32,380","32,380","32,380"
14438219,HP T1A66AA,"28,990","28,990","28,990","28,990","28,990","28,990","28,990","28,990"
13052009,HP X1000 가상 7.1채널 게이밍 헤드셋,0,0,"109,000","109,000","109,000","109,000","109,000","109,000"
15195170,HP 오멘 Mindframe2 6MF35AA,0,0,0,0,0,0,0,"정품_238,280|해외구매_266,820"
14099228,HP 오멘 블래스트 게이밍 헤드셋 1A858AA,"정품_99,000|해외구매_134,830","정품_99,000|해외구매_134,830","정품_99,000|해외구매_134,830","정품_99,000|해외구매_134,830","정품_99,000|해외구매_134,830","정품_99,000|해외구매_134,830","정품_99,000|해외구매_134,830","정품_99,000|해외구매_96,500"
13958969,JBL QUANTUM 200,"정품_54,850|해외구매_89,100","정품_54,850|해외구매_91,240","정품_54,850|해외구매_91,120","정품_54,850|해외구매_91,060","정품_54,850|해외구매_91,050","정품_54,850|해외구매_91,000","정품_54,850|해외구매_90,990",0
14434427,JBL QUANTUM 200,"정품_54,850|해외구매_89,100","정품_54,850|해외구매_91,240","정품_54,850|해외구매_91,120","정품_54,850|해외구매_91,060","정품_54,850|해외구매_91,050","정품_54,850|해외구매_91,000","정품_54,850|해외구매_90,990","정품_54,850|해외구매_90,760"
13961102,JBL QUANTUM 600,"정품_146,150|해외구매_166,430","정품_147,870|해외구매_166,430","정품_147,870|해외구매_166,430","정품_147,870|해외구매_166,430","정품_147,870|해외구매_129,540","정품_147,870|해외구매_129,540","정품_147,870|해외구매_172,960",0
14413013,JBL QUANTUM 600,"정품_146,150|해외구매_166,430","정품_147,870|해외구매_166,430","정품_147,870|해외구매_166,430","정품_147,870|해외구매_166,430","정품_147,870|해외구매_129,540","정품_147,870|해외구매_129,540","정품_147,870|해외구매_172,960","정품_147,870|해외구매_129,540"
11593766,JBL Quantum 100,"정품_54,870|해외구매_44,320","정품_54,870|해외구매_44,320","정품_54,870|해외구매_44,320","정품_54,870|해외구매_44,320","정품_54,870|해외구매_44,320","정품_54,870|해외구매_44,320","정품_54,870|해외구매_44,320","정품_54,870|해외구매_44,320"
11596577,JBL Quantum 300,"정품_77,280|해외구매_75,510","정품_77,280|해외구매_75,510","정품_87,500|해외구매_75,510","정품_87,380|해외구매_75,510","정품_87,260|해외구매_75,510","정품_87,140|해외구매_75,510","정품_87,040|해외구매_75,510","정품_86,850|해외구매_75,510"
11606444,JBL Quantum 400,"정품_139,000|해외구매_88,780","정품_139,000|해외구매_88,780","정품_139,000|해외구매_88,780","정품_139,000|해외구매_88,780","정품_139,000|해외구매_88,780","정품_139,000|해외구매_88,780","정품_138,570|해외구매_88,780","정품_138,570|해외구매_88,780"
11606393,JBL Quantum 800,"정품_212,970|해외구매_223,550","정품_212,970|해외구매_223,550","정품_212,970|해외구매_223,550","정품_212,970|해외구매_223,550","정품_212,970|해외구매_223,550","정품_212,970|해외구매_212,420","정품_212,970|해외구매_212,420","정품_212,970|해외구매_212,420"
11597000,JBL Quantum ONE,"정품_231,570|해외구매_279,520","정품_231,570|해외구매_278,500","정품_231,570|해외구매_278,260","정품_231,570|해외구매_278,140","정품_231,570|해외구매_277,950","정품_231,570|해외구매_277,890","정품_231,570|해외구매_277,650","정품_231,570|해외구매_277,410"
14829947,JLAB GO Work Wireless,"정품_63,830|해외구매_76,030","정품_63,830|해외구매_76,470","정품_63,830|해외구매_76,470","정품_63,830|해외구매_76,190","정품_63,830|해외구매_76,190","정품_63,830|해외구매_76,470","정품_63,830|해외구매_76,470","정품_63,830|해외구매_76,470"
3318808,KOTION G2000,"정품_15,710","정품_15,710","정품_15,710","정품_15,710","정품_15,710","정품_15,750","정품_15,710","정품_15,710"
6362146,KOTION G2000 PLUS,"19,000","19,000","19,000","19,000","19,000","19,000","19,000","19,000"
4710366,LKG For LG LH-900,"9,900","9,900","9,900","9,900","9,900",0,0,"9,900"
5195029,LKG For LG LH-950,0,"12,670","12,500",0,"12,670","11,900","11,900","11,900"
6142654,MAXTILL TRON G5100 SV 가상 7.1채널 RGB 게이밍 헤드셋,"37,730","37,780","37,780","37,780","37,780","37,780","37,780","37,780"
13949867,MAXTILL TRON G900 가상7.1 채널 RGB LED 게이밍 헤드셋,"34,250","34,700","34,700","34,700","34,700","34,700","34,700","37,900"
14408981,MPOW EG3 PRO 가상 7.1 채널 게이밍 헤드셋,"해외구매_34,770","해외구매_34,290","해외구매_29,065","해외구매_28,909","해외구매_28,862","해외구매_28,862","해외구매_28,862","해외구매_28,862"
12982988,MPOW M5 Pro,"해외구매_38,730","해외구매_38,730","해외구매_38,730","해외구매_38,730","해외구매_38,730","해외구매_38,730","해외구매_38,730","해외구매_38,730"
14000177,MSI GH20,"43,500","43,500","19,700","19,700","19,700","19,700","19,700","19,700"
9671085,MSI GH50,"47,690","47,690","45,080","45,080","45,080","45,080","44,960","44,930"
12693194,MSI GH61,"정품_77,370|해외구매_150,610","정품_77,370|해외구매_152,140","정품_68,980|해외구매_152,140","정품_68,980|해외구매_150,930","정품_68,980|해외구매_150,930","정품_68,980|해외구매_152,190","정품_68,980|해외구매_152,190","정품_68,980|해외구매_152,190"
11265486,MadCatz F.R.E.Q.2,"39,990","39,990","39,990","39,990","39,990","39,990","39,990","39,990"
11304504,MadCatz F.R.E.Q.4,"59,990","59,990","59,990","59,990","59,990","59,990","59,990","59,990"
435076,Microsoft LifeChat LX-3000,"정품_27,900","정품_29,500","정품_29,500","정품_29,500","정품_29,500","정품_29,500","정품_29,500","정품_29,500"
14071514,Microsoft LifeChat LX-6000,"해외구매_61,120|정품_52,000","해외구매_61,120|정품_52,000","해외구매_61,120|정품_52,000",0,"해외구매_61,120|정품_52,000",0,"해외구매_61,120|정품_52,000","해외구매_61,120|정품_52,000"
13622807,Microsoft Xbox Wireless TLL-00001,"해외구매_160,700","해외구매_160,700","해외구매_160,700","해외구매_160,700","해외구매_160,700","해외구매_160,700","해외구매_155,200","해외구매_155,200"
14657870,Microsoft 모던 USB-A 헤드셋,"62,690","62,700","62,700","62,700","62,700","62,700","62,700","62,700"
4888934,OZONE RAGE Z90,"160,860","160,860",0,0,0,0,0,0
14483624,QSENN AULA LB-01 게이밍 헤드셋,"11,900","11,900","11,900","11,900","11,900","11,900","11,900","11,900"
4409825,RIZUM G-FACTOR Z5000 가상 7.1채널 게이밍 헤드셋,"33,170","33,170","33,170","33,170","33,170","33,170",0,0
6216648,RIZUM G-FACTOR Z8500 Pro 게이밍 헤드셋,"16,250","16,250","16,250","16,250","16,250","16,250","16,250","18,900"
6004531,RIZUM G-FACTOR Z9000 가상 7.1채널 RGB 게이밍 헤드셋,"24,880","24,880","24,880","23,030","23,030","23,030","21,900","20,500"
10046742,RIZUM RH100 7.1채널 진동 노이즈 캔슬링 게이밍 헤드셋,"49,000","49,000","49,000","49,000","49,000","49,000","49,000","42,190"
11888638,RIZUM RWH101 무선 게이밍헤드셋,"129,340","129,340","129,340","129,340","129,050","129,340","89,000","83,830"
12423998,ROCCAT ELO 7.1 AIR,"정품_103,400|해외구매_110,420","정품_103,400|해외구매_110,420","정품_103,400|해외구매_110,420","정품_103,400|해외구매_110,420","정품_103,400|해외구매_110,420","정품_103,400|해외구매_110,420","정품_103,400|해외구매_110,420","정품_103,400|해외구매_110,420"
12423692,ROCCAT ELO 7.1 USB,"정품_72,000|해외구매_83,900","정품_72,000|해외구매_83,900","정품_72,000|해외구매_83,880","정품_72,000|해외구매_83,840","정품_72,000|해외구매_83,720","정품_72,000|해외구매_83,690","정품_72,000|해외구매_63,400","정품_72,000|해외구매_63,400"
12423371,ROCCAT ELO X STEREO,"정품_65,000|해외구매_97,800","정품_65,000|해외구매_97,800","정품_65,000|해외구매_97,800","정품_65,000|해외구매_97,800","정품_65,000|해외구매_97,800","정품_65,000|해외구매_97,800","정품_65,000|해외구매_97,800","정품_65,000|해외구매_97,800"
6273270,ROCCAT KHAN AIMO 7.1,"정품_110,000","정품_110,000","정품_110,000","정품_110,000","정품_110,000","정품_110,000","정품_110,000","정품_110,000"
5659727,ROCCAT KHAN PRO,"105,000","105,000","105,000","105,000","105,000","105,000","105,000","105,000"
8120710,ROCCAT NOZ,"49,000","49,000","46,060","46,060","46,060","46,060","46,060","46,060"
6718855,ROCCAT RENGA BOOST,"정품_59,000|해외구매_70,490","정품_59,000|해외구매_70,490","정품_58,310|해외구매_70,490","정품_59,000|해외구매_70,490","정품_58,310|해외구매_70,490","정품_59,000|해외구매_70,490","정품_58,310|해외구매_70,490","정품_59,000|해외구매_70,490"
14884007,ROCCAT SYN PRO AIR RGB 무선 게이밍 헤드셋,"정품_168,260|해외구매_264,900","정품_168,260|해외구매_264,910","정품_179,000|해외구매_264,910","정품_179,000|해외구매_238,420","정품_179,000|해외구매_238,420","정품_179,000|해외구매_264,910","정품_179,000|해외구매_264,910","정품_179,000|해외구매_264,910"
14884016,ROCCAT SYN PRO AIR RGB 무선 게이밍 헤드셋,"정품_168,260|해외구매_264,900","정품_168,260|해외구매_264,910","정품_179,000|해외구매_264,910","정품_179,000|해외구매_238,420","정품_179,000|해외구매_238,420","정품_179,000|해외구매_264,910",0,0
14779604,Razer Barracuda X,"정품_134,000|해외구매_133,000","정품_134,000|해외구매_133,000","정품_134,000|해외구매_133,000","정품_133,000|해외구매_133,000","정품_133,000|해외구매_133,000","정품_133,000|해외구매_133,000","정품_133,000|해외구매_133,000","정품_133,000|해외구매_133,000"
12045050,Razer Blackshark V2,"정품_150,000|병행수입_72,500|해외구매_104,900","정품_150,000|병행수입_72,500|해외구매_104,900","정품_150,000|병행수입_72,500|해외구매_104,900","정품_150,000|병행수입_72,500|해외구매_104,900","정품_150,000|병행수입_72,500|해외구매_104,900","정품_150,000|병행수입_72,500|해외구매_104,900","정품_150,000|병행수입_72,500|해외구매_104,900","정품_150,000|병행수입_72,500|해외구매_104,900"
12518300,Razer Blackshark V2 Pro 스테레오 게이밍 헤드셋,"정품_217,490|해외구매_186,990","정품_217,490|해외구매_186,990","정품_217,490|해외구매_186,990","정품_217,490|해외구매_186,990","정품_217,490|해외구매_186,990","정품_217,490|해외구매_186,990","정품_239,000|해외구매_186,990","정품_239,000|해외구매_186,990"
12045284,Razer Blackshark V2 X,"정품_81,580|해외구매_63,900","정품_74,580|해외구매_57,830","정품_74,580|해외구매_57,830","정품_73,560|해외구매_57,830","정품_73,480|해외구매_57,830","정품_73,400|해외구매_63,900","정품_73,850|해외구매_63,900","정품_73,410|해외구매_63,900"
2058130,Razer Chimaera,"정품_190,000","정품_190,000","정품_190,000","정품_190,000","정품_190,000","정품_190,000","정품_178,000","정품_178,000"
5637278,Razer Electra V2,"정품_82,840","정품_82,840","정품_82,840","정품_82,840","정품_82,840","정품_82,840","정품_82,840","정품_82,840"
5637337,Razer Electra V2 USB,"정품_99,000","정품_99,000","정품_99,000","정품_99,000","정품_99,000","정품_99,000","정품_99,000","정품_99,000"
13892492,Razer Kaira Pro for Xbox 무선 헤드셋,"정품_214,280|해외구매_203,990","정품_214,280|해외구매_203,990","정품_214,280|해외구매_203,990","정품_214,280|해외구매_203,990","정품_214,280|해외구매_203,990","정품_214,280|해외구매_203,990","정품_214,280|해외구매_203,990","정품_214,280|해외구매_203,990"
8106385,Razer Kraken Black,"정품_119,000|중고품_84,700","정품_119,000|중고품_84,700","정품_119,000|중고품_84,700","정품_119,000|중고품_84,700","정품_119,000|중고품_84,700","정품_119,000|중고품_84,700","정품_119,000|중고품_84,700","정품_119,000|중고품_84,700"
7962961,Razer Kraken Green,"88,890","88,890","88,890","88,890","88,890","88,890","88,890","88,890"
8606198,Razer Kraken Mercury,"정품_118,990|해외구매_63,900","정품_118,990|해외구매_63,900","정품_118,990|해외구매_109,000","정품_118,990|해외구매_109,000","정품_118,990|해외구매_109,000","정품_118,990|해외구매_109,000","정품_95,400|해외구매_109,000","정품_95,400|해외구매_109,000"
5810259,Razer Kraken Pro V2 Oval Quartz,"정품_119,000","정품_119,000","정품_119,000","정품_119,000","정품_119,000","정품_119,000","정품_119,000","정품_119,000"
7661767,Razer Kraken Quartz Pink,"119,000","119,000","119,000","119,000","119,000","119,000","119,000","119,000"
6517117,Razer Kraken Tournament Edition,"정품_139,000","정품_139,000","정품_139,000","정품_139,000","정품_139,000","정품_139,000","정품_139,000","정품_139,000"
10356861,Razer Kraken Ultimate,"정품_142,750|병행수입_112,500|해외구매_143,400","정품_142,910|병행수입_112,500|해외구매_143,400","정품_143,060|병행수입_112,500|해외구매_143,400","정품_143,220|병행수입_112,500|해외구매_143,400","정품_143,370|병행수입_112,500|해외구매_143,400","정품_142,600|병행수입_112,500|해외구매_143,400","정품_142,750|병행수입_112,500|해외구매_143,400","정품_142,910|병행수입_112,500|해외구매_105,130"
14050562,Razer Kraken V3 X,"정품_78,990|해외구매_97,500","정품_78,990|해외구매_97,500","정품_78,990|해외구매_97,500","정품_78,990|해외구매_97,500","정품_78,990|해외구매_97,500","정품_78,990|해외구매_97,500","정품_78,990|해외구매_97,500","정품_78,990|해외구매_97,500"
8605598,Razer Kraken X,"정품_68,550|병행수입_62,000|해외구매_40,990|중고품_58,940","정품_68,690|병행수입_62,000|해외구매_40,990|중고품_58,940","정품_68,620|병행수입_62,000|해외구매_40,990|중고품_58,940","정품_67,080|병행수입_62,000|해외구매_40,990|중고품_58,940","정품_51,990|병행수입_62,000|해외구매_40,990|중고품_58,940","정품_51,910|병행수입_62,000|해외구매_40,990|중고품_58,940","정품_64,780|병행수입_62,000|해외구매_40,990|중고품_58,940","정품_64,780|병행수입_62,000|해외구매_40,990|중고품_58,940"
8605700,Razer Kraken X For Console,"정품_67,790","정품_68,990","정품_68,990","정품_68,990|해외구매_가격비교예정","정품_68,990|해외구매_가격비교예정","정품_67,790|해외구매_109,400","정품_68,990|해외구매_109,400","정품_68,990|해외구매_109,400"
10356945,Razer Kraken X USB,"정품_72,910|해외구매_52,200","정품_72,690|해외구매_52,200","정품_72,670|해외구매_52,200","정품_72,470|해외구매_52,200","정품_72,470|해외구매_52,200","정품_72,370|해외구매_52,200","정품_76,900|해외구매_52,200","정품_74,510|해외구매_52,200"
15171260,Razer Kraken X for Console Playstation White,0,0,0,"65,550","65,550","65,550","65,550","65,550"
15171404,Razer Kraken X for Console Xbox Green,0,0,0,"65,550","65,550","65,550","65,550","65,550"
10296267,Razer Kraken 키티 에디션,"197,010","198,570","198,570","198,570","198,570","198,570","198,570","198,570"
1691945,Razer Megalodon,"정품_225,000","정품_225,000","정품_225,000","정품_225,000","정품_225,000","정품_225,000","정품_225,000","정품_225,000"
10151910,Razer Nari Ultimate OverWatch Lucio 에디션,"304,000","304,000","304,000","304,000","304,000","304,000","304,000","304,000"
6607042,Razer Nari wireless,정품_일시품절,정품_일시품절,정품_일시품절,정품_일시품절,정품_일시품절,정품_일시품절,정품_일시품절,정품_일시품절
15130268,Razer Opus X Green,"정품_132,050|해외구매_251,700","정품_132,000|해외구매_282,800","정품_132,000|해외구매_282,800","정품_132,000|해외구매_254,520","정품_132,000|해외구매_254,520","정품_132,000|해외구매_282,800","정품_132,000|해외구매_282,800","정품_132,000|해외구매_282,800"
14785655,Razer Opus X Mercury,"정품_138,340|해외구매_147,730","정품_138,280|해외구매_165,990","정품_138,100|해외구매_165,990","정품_138,050|해외구매_149,390","정품_137,800|해외구매_122,430","정품_137,560|해외구매_122,430","정품_137,320|해외구매_145,250","정품_137,260|해외구매_122,430"
14785661,Razer Opus X Mercury,"정품_138,340|해외구매_147,730","정품_138,280|해외구매_165,990","정품_138,100|해외구매_165,990","정품_138,050|해외구매_149,390","정품_137,800|해외구매_122,430","정품_137,560|해외구매_122,430",0,0
14785634,Razer Opus X Quartz,"정품_138,160|해외구매_147,730","정품_138,100|해외구매_165,990","정품_137,920|해외구매_165,990","정품_137,750|해외구매_149,390","정품_137,560|해외구매_149,390","정품_137,500|해외구매_145,250","정품_137,270|해외구매_145,250","정품_137,080|해외구매_165,990"
14785643,Razer Opus X Quartz,"정품_138,160|해외구매_147,730","정품_138,100|해외구매_165,990","정품_137,920|해외구매_165,990","정품_137,750|해외구매_149,390","정품_137,560|해외구매_149,390",0,0,0
5573896,Razer Thresher 7.1채널,"정품_319,200","정품_319,200","정품_319,200","정품_319,200","정품_319,200","정품_319,200","정품_319,200","정품_319,200"
5573943,Razer Thresher Ultimate,"정품_350,000|해외구매_270,490","정품_350,000|해외구매_270,490","정품_350,000|해외구매_270,490","정품_350,000|해외구매_270,490","정품_350,000|해외구매_270,490","정품_350,000|해외구매_270,490","정품_350,000|해외구매_270,490","정품_350,000|해외구매_270,490"
5390978,Razer Tiamat 2.2 V2,"정품_189,000|해외구매_173,380","정품_189,000|해외구매_173,380","정품_189,000|해외구매_173,380","정품_189,000|해외구매_173,380","정품_189,000|해외구매_173,380","정품_189,000|해외구매_173,380","정품_189,000|해외구매_173,380","정품_189,000|해외구매_173,380"
11497307,Redragon Helios H710,"60,200","60,200","60,200","60,200","60,200",0,0,0
2408591,SMN SMN-3102,"3,220","3,220","3,220","3,220","3,220",0,0,0
14057882,SONY PS5 펄스 3D CFI-ZWH1G,"정품_97,870|해외구매_116,560","정품_97,870|해외구매_114,970","정품_97,870|해외구매_114,970","정품_97,870|해외구매_114,970","정품_97,870|해외구매_114,970","정품_97,870|해외구매_114,970","정품_97,870|해외구매_114,970","정품_97,870|해외구매_114,970"
14310014,SonicGearLab 알카트로즈 X-CRAFT HP-3 PRO 플러스 가상 7.1채널 게이밍 헤드셋,"23,040","23,040","23,040","23,040","23,040","23,040","23,040","23,040"
11987756,T-SONIC TH-501 스테레오 게이밍 헤드셋,"9,240","9,240","9,240","9,240","9,240","9,240","9,240","9,240"
13914467,Team Scorpion LUCA G701 가상 7.1채널 RGB 게이밍 헤드셋,"28,860","28,860","28,860","28,860","28,860","28,860","28,860","28,860"
5981879,TiROND T100 가상 7.1채널 진동 게이밍 헤드셋,"11,390","11,390","11,390","11,390","11,390","11,390","11,390","11,390"
12950855,Tree 메신저 722MV 게이밍 헤드셋,"9,390","9,390","9,390","9,390","9,390","9,390","9,390","9,390"
12950936,Tree 뮤지엄 750MV 게이밍 헤드셋,"8,820","8,820","8,820",0,0,0,0,0
12950573,Tree 보이스 게이밍 헤드셋,"7,920","7,920",0,0,0,0,0,0
12438557,Tree 제노스 850MV,"16,210","15,090","14,330","16,210","14,330","14,330","14,330","16,210"
12729530,Tree 제로존 게이밍 헤드셋,0,"13,050","12,940",0,"13,050",0,"13,050",0
12950768,Tree 클리프 게이밍 헤드셋,0,"11,080","11,080","11,080","11,080","11,080","11,080","11,080"
12265787,WEZEL TC-L750MV,"4,160","4,160","4,470","4,470","4,470","4,470","4,470",0
6494633,갤럭시 XANOVA JUTURNA 게이밍 헤드셋,"34,300","34,300","34,300","34,300","34,300","34,300","34,300","34,300"
6458675,갤럭시 XANOVA JUTURNA-U 가상 7.1채널 게이밍 헤드셋,"38,000","38,000","38,000","38,000","38,000","38,000","38,050","38,050"
8003884,갤럭시 XANOVA OCALA 게이밍 헤드셋,"27,900","27,900","27,900","27,900","27,900","27,900","27,900","27,900"
8003956,갤럭시 XANOVA OCALA-U 게이밍 헤드셋,"35,400","35,400","35,400","35,400","35,400","35,400","35,400","35,400"
14590439,고양이 귀 헤드폰 AKZ022,"해외구매_21,260","해외구매_21,680","해외구매_21,680","해외구매_21,310","해외구매_21,310","해외구매_20,240","해외구매_21,680","해외구매_21,680"
14780435,다산일렉트론 BT-700U,"118,990","118,990","118,990","118,990","118,990","118,990","118,990","118,990"
5824801,다얼유 EH722 USB 7.1채널 게이밍 헤드셋,"27,900","27,900","27,900","27,900","27,900","27,900","27,900","27,900"
5824874,다얼유 EH755 USB 7.1채널 HI-FI 진동 게이밍 헤드셋,"49,900",0,"49,900",0,"49,900","49,900",0,0
2381080,동현아이 T-SONIC TH-601MV PLUS 게이밍 헤드셋,0,0,0,0,0,0,"8,220","8,220"
6423432,라이트컴 COMS BT082 게이밍 헤드셋,0,0,0,"11,500",0,0,0,0
14301974,라코몰 RC-PHX3,"3,890","3,890","3,890","3,890","3,890","3,890","3,890","3,890"
13192298,레노버 HS15,"33,900","33,900","33,900","33,900","33,900","33,900","33,900","33,900"
12813962,레노버 HS25 가상 7.1채널 RGB 게이밍 헤드셋,"41,500","41,500","41,500","41,500","41,500","41,500","41,500","41,500"
14297594,로브텍 인강용 피시방 어학용 귀안아픈 어린이 헤드셋,"10,610","10,610","10,610","10,610","10,610","10,610","10,610","10,610"
6520040,로지텍 ASTRO A10 (정품),"47,900","47,900","47,900","47,900","47,900","47,900","47,900","47,900"
13604318,로지텍 ASTRO A20 2세대,"정품_148,400|해외구매_260,730","정품_148,400|해외구매_260,730",0,0,0,0,0,0
13464995,로지텍 ASTRO A20 2세대,0,0,"정품_148,400|해외구매_260,730","정품_148,400|해외구매_260,730","정품_148,400|해외구매_260,730","정품_148,400|해외구매_260,730","정품_148,400|해외구매_260,730","정품_148,400|해외구매_260,730"
8941004,로지텍 ASTRO A40 TR + MIXAMP PRO TR 4세대 (정품),"505,010","505,010",0,"505,010","505,010","505,010","505,010","505,010"
4863521,로지텍 ASTRO A50 WIRELESS + BASE STATION (정품),"564,400","564,400",일시품절,일시품절,일시품절,일시품절,일시품절,일시품절
8941742,로지텍 ASTRO A50 WIRELESS + BASE STATION 4세대 (정품),"369,980","369,980","369,980","369,980","376,540","376,540","376,540","376,540"
8835974,로지텍 G PRO X (정품),"170,590","170,590","170,590","170,590","170,590","170,590","170,590","170,590"
11969138,로지텍 G PRO X WIRELESS,"해외구매_193,990","해외구매_193,990","해외구매_193,990","해외구매_193,990","해외구매_193,990","해외구매_193,990","해외구매_193,990","해외구매_193,990"
11953079,로지텍 G PRO X WIRELESS (정품),"259,000","259,000","259,000","259,000","259,000","259,000","259,000","259,000"
3371184,로지텍 G230,"벌크_45,790|병행수입_52,200|해외구매_57,610","벌크_45,790|병행수입_52,200|해외구매_57,610","벌크_45,790|병행수입_52,200|해외구매_57,610","벌크_45,790|병행수입_52,200|해외구매_57,340","벌크_45,790|병행수입_52,200|해외구매_57,340",0,0,0
8209636,로지텍 G233,"벌크_59,610|병행수입_31,900|해외구매_59,900","벌크_59,600|병행수입_31,900|해외구매_59,900","벌크_59,880|병행수입_31,900|해외구매_59,900","벌크_59,820|병행수입_31,900|해외구매_59,900","벌크_59,720|병행수입_31,900|해외구매_59,900","벌크_59,700|병행수입_31,900|해외구매_59,900","벌크_59,990|병행수입_45,930|해외구매_59,900","벌크_59,880|병행수입_45,930|해외구매_59,900"
5312311,로지텍 G233 (정품),0,"89,500","89,500","89,500","89,500","89,500","89,500","89,500"
7323247,로지텍 G331,"정품_68,000|병행수입_61,850|해외구매_66,330","정품_68,000|병행수입_61,830|해외구매_66,330","정품_68,000|병행수입_61,330|해외구매_66,330","정품_68,000|병행수입_61,290|해외구매_66,330","정품_68,000|병행수입_61,180|해외구매_66,330","정품_68,000|병행수입_61,080|해외구매_66,330","정품_68,000|병행수입_60,940|해외구매_66,330","정품_68,000|병행수입_60,840|해외구매_66,330"
14916248,로지텍 G335,"정품_74,200|해외구매_80,460","정품_74,200|해외구매_79,370","정품_74,200|해외구매_79,370","정품_74,200|해외구매_79,370","정품_74,200|해외구매_79,370","정품_74,200|해외구매_79,370","정품_74,200|해외구매_79,370","정품_74,200|해외구매_79,370"
3370948,로지텍 G430,"벌크_87,000|병행수입_56,800|해외구매_57,770","벌크_87,000|병행수입_56,800|해외구매_64,900","벌크_87,000|병행수입_56,800|해외구매_64,900","벌크_87,000|병행수입_56,800|해외구매_58,410","벌크_87,000|병행수입_56,800|해외구매_58,410","벌크_87,000|병행수입_56,800|해외구매_64,900","벌크_87,000|병행수입_56,800|해외구매_64,900","벌크_87,000|병행수입_56,800|해외구매_64,900"
2099801,로지텍 G430 (정품),"106,930","106,930",0,"106,930","106,930","106,930",0,0
7531849,로지텍 G431,"병행수입_67,070|해외구매_64,310","병행수입_82,080|해외구매_69,890","병행수입_82,080|해외구매_69,890","병행수입_82,080|해외구매_69,890",0,0,0,"병행수입_82,080|해외구매_69,890"
7323130,로지텍 G431 (정품),"92,250","89,000","89,000","89,000","89,000","89,000","89,000","89,000"
12951404,로지텍 G432,"해외구매_71,440|병행수입_55,900","해외구매_71,440|병행수입_55,900","해외구매_71,440|병행수입_55,900","해외구매_71,440|병행수입_55,900","해외구매_71,440|병행수입_55,900","해외구매_72,000|병행수입_55,900","해외구매_71,440|병행수입_55,900","해외구매_71,440|병행수입_55,900"
7531963,로지텍 G433,0,0,0,"병행수입_82,070|벌크_108,990|해외구매_92,000",0,0,0,0
5309956,로지텍 G433 (정품),"86,620","86,580","86,470","86,440","86,430","86,400","86,260","86,160"
4854345,로지텍 G533,"벌크_116,370|병행수입_111,200|해외구매_101,620","벌크_116,370|병행수입_121,630|해외구매_101,620","벌크_116,370|병행수입_128,990|해외구매_101,620","벌크_116,370|병행수입_128,990|해외구매_101,620","벌크_116,370|병행수입_128,990|해외구매_101,620","벌크_116,370|병행수입_128,990|해외구매_101,620","벌크_116,370|병행수입_128,990|해외구매_101,620","벌크_116,370|병행수입_128,990|해외구매_101,620"
4850605,로지텍 G533 (정품),"158,950","149,000","149,000","148,950","148,950","148,950","148,950","148,950"
7613221,로지텍 G633 7.1채널,"병행수입_79,890","병행수입_79,890","병행수입_79,890","병행수입_79,890","병행수입_79,890","병행수입_79,890","병행수입_79,890","병행수입_79,890"
8177572,로지텍 G633s,0,0,0,"병행수입_118,990|해외구매_161,800","병행수입_118,990|해외구매_161,800","병행수입_118,990|해외구매_161,800","병행수입_118,990|해외구매_161,800","병행수입_118,990|해외구매_161,800"
7322965,로지텍 G633s (정품),"189,990","189,990","189,990","189,990","189,990","189,990","189,990",0
12409586,로지텍 G733,"정품_169,000|병행수입_149,500|해외구매_134,550","정품_161,960|병행수입_149,490|해외구매_134,370","정품_169,000|병행수입_149,490|해외구매_134,140","정품_167,990|병행수입_149,490|해외구매_134,070","정품_167,990|병행수입_149,490|해외구매_133,840","정품_167,980|병행수입_149,490|해외구매_133,660","정품_167,980|병행수입_149,490|해외구매_133,470","정품_139,000|병행수입_149,490|해외구매_133,240"
7532437,로지텍 G930,"리퍼비시_99,000|해외구매_149,310",0,0,0,0,0,0,0
5248211,로지텍 G933,"해외구매_119,210|병행수입_161,000","해외구매_132,850|병행수입_161,000","해외구매_132,850|병행수입_161,000","해외구매_132,850|병행수입_161,000","해외구매_132,850|병행수입_161,000","해외구매_132,850|병행수입_175,930","해외구매_132,850|병행수입_175,930","해외구매_132,850|병행수입_175,930"
7532869,로지텍 G933s,"병행수입_203,990|해외구매_106,200","병행수입_203,990|해외구매_106,200","병행수입_203,990|해외구매_106,200","병행수입_203,990|해외구매_106,200","병행수입_203,990|해외구매_106,200","병행수입_203,990|해외구매_106,200","병행수입_203,990|해외구매_106,200","병행수입_203,990|해외구매_106,200"
7319461,로지텍 G933s (정품),"228,040","227,980","227,740","227,740","227,490","227,250","226,960","226,780"
7738915,로지텍 G935,0,"해외구매_170,950","해외구매_170,950","해외구매_169,160","해외구매_169,160","해외구매_162,000","해외구매_170,950",0
1580720,로지텍 H150 (정품),"14,290","14,300","14,300","14,300","14,300","14,300","14,300",0
3279544,로지텍 H151 (정품),"15,370","15,210","15,560","15,560","15,560","15,560","15,560","15,560"
8178202,로지텍 H340,"병행수입_22,000|해외구매_32,990","병행수입_22,000|해외구매_32,990","병행수입_22,000|해외구매_32,990","병행수입_22,000|해외구매_32,990","병행수입_22,000|해외구매_32,990","병행수입_22,000|해외구매_32,990","병행수입_23,800|해외구매_32,990","병행수입_23,800|해외구매_32,990"
1995771,로지텍 H340 (정품),"41,420","41,420","41,420","41,420","41,420","41,420","41,420","41,420"
7533298,로지텍 H390,"리퍼비시_24,740|벌크_37,700|병행수입_30,480|해외구매_46,550","리퍼비시_24,740|벌크_37,700|병행수입_30,480|해외구매_46,550","리퍼비시_24,740|벌크_37,700|병행수입_30,480|해외구매_46,550","리퍼비시_24,740|벌크_37,700|병행수입_30,480|해외구매_46,550","리퍼비시_24,740|벌크_37,700|병행수입_30,480|해외구매_46,550","리퍼비시_24,740|벌크_37,700|병행수입_30,480|해외구매_46,550","리퍼비시_24,740|벌크_37,700|병행수입_30,480|해외구매_46,550","리퍼비시_24,740|벌크_37,700|병행수입_30,480|해외구매_46,550"
2619949,로지텍 H540,"리퍼비시_54,670|벌크_27,450|병행수입_34,500|해외구매_64,330","리퍼비시_47,740|벌크_27,450|병행수입_34,500|해외구매_64,330","리퍼비시_47,740|벌크_27,450|병행수입_34,500|해외구매_64,330","리퍼비시_47,740|벌크_27,450|병행수입_34,500|해외구매_64,330","리퍼비시_47,740|벌크_27,450|병행수입_34,500|해외구매_64,330","리퍼비시_47,740|벌크_27,450|병행수입_34,500|해외구매_64,330","리퍼비시_47,740|벌크_27,450|병행수입_34,500|해외구매_64,330","리퍼비시_47,740|벌크_27,450|병행수입_34,500|해외구매_64,330"
2004606,로지텍 H540 (정품),"44,900","44,900",0,0,"44,900",0,0,"44,900"
10478793,로지텍 H570e,"정품_56,090|해외구매_72,520","정품_56,090|해외구매_72,520","정품_56,090|해외구매_72,520","정품_56,090|해외구매_72,520","정품_56,090|해외구매_72,520","정품_56,090|해외구매_72,520","정품_55,970|해외구매_72,520","정품_55,950|해외구매_72,520"
2859534,로지텍 H600,"벌크_72,980|병행수입_81,510|해외구매_65,480","벌크_72,980|병행수입_81,510|해외구매_65,480","벌크_72,980|병행수입_81,510|해외구매_65,480","벌크_72,980|병행수입_81,510|해외구매_65,480","벌크_72,980|병행수입_81,510|해외구매_65,480","벌크_72,980|병행수입_81,510|해외구매_65,480","벌크_72,980|병행수입_81,510|해외구매_65,480","벌크_63,130|병행수입_81,510|해외구매_65,480"
3371011,로지텍 H800,"병행수입_846,670|해외구매_118,120","병행수입_846,670|해외구매_118,120","병행수입_846,670|해외구매_118,120","병행수입_846,670|해외구매_118,120","병행수입_846,670|해외구매_118,120","병행수입_846,670|해외구매_118,120","병행수입_846,670|해외구매_118,120","병행수입_846,670|해외구매_118,120"
956973,로지텍 PC-860 (정품),"10,000",0,0,0,0,0,0,0
13702541,로지텍 Zone Wired 헤드셋,"정품_132,000|해외구매_132,650","정품_92,400|해외구매_132,650","정품_92,400|해외구매_132,650","정품_92,400|해외구매_132,650","정품_92,400|해외구매_132,650","정품_92,400|해외구매_132,650","정품_92,400|해외구매_132,650","정품_92,400|해외구매_132,650"
14510444,로지텍 Zone Wired 헤드셋,"정품_132,000|해외구매_132,650",0,0,0,0,0,0,0
10534509,로지텍 Zone Wireless (정품),"236,500","165,550","165,550","165,550","165,550","165,550","165,550","165,550"
10534608,로지텍 Zone Wireless Plus (정품),"405,650","405,650","405,650","405,650","405,650","405,650",0,"405,650"
13968818,롤랜드 RH-300V,"정품_370,000|해외구매_204,280","정품_370,000|해외구매_204,220","정품_370,000|해외구매_204,100",0,0,0,0,0
14250701,리틀타익스 어린이 전용 헤드폰,"13,530","13,980","13,840","13,790","14,640","14,600","14,480","14,640"
6270513,마이크로닉스 MANIC HS-210 멀티플레이 게이밍 헤드셋,"29,800","29,800","29,800","29,800","29,800","29,800","29,800","29,800"
12093401,마이크로닉스 MANIC HS-301 가상 7.1채널 RGB LED,"18,130","18,130","18,130","18,130","18,130","18,130","18,130","18,130"
6500486,마이크로닉스 MANIC HS-320 가상 7.1채널 RGB,"114,000","114,000","114,000","114,000","114,000","114,000","114,000","114,000"
11953532,마이크로닉스 MANIC HS-370 7.1채널 노이즈캔슬링마이크 게이밍 헤드셋,"19,900","33,000","33,000","19,900","19,900","19,900","19,900","19,900"
11953721,마이크로닉스 MANIC HS-420 가상 7.1채널 게이밍 헤드셋,"27,250","27,250","27,250","27,250","27,250","27,250","27,250","27,250"
7334605,마이크로닉스 MANIC HS-510 가상 7.1채널 RGB 게이밍 헤드셋,"29,000","29,000","29,000","29,000","28,750","29,000","29,000","29,000"
11954192,마이크로닉스 MANIC HS-530 7.1채널 진동 노이즈캔슬링마이크 게이밍 헤드셋,"33,940","33,940","33,940","33,940","33,940","33,940","35,940","36,900"
9950079,마이크로닉스 MANIC HS-600 가상 7.1채널 게이밍 헤드셋,"39,780","38,850","38,870","39,780","39,780","39,780","39,800","38,870"
10998555,맥스엘리트 CRUX RGB HS-170 게이밍 헤드셋,"37,690","36,120","37,690","36,960","36,960","37,690","37,690","37,690"
14899862,몬스터 AIRMARS N1 LED 게이밍 헤드셋,"28,900","28,900","28,900","28,900","28,900","28,900","28,900","28,900"
14900138,몬스터 AIRMARS N1S LED 7.1 게이밍 헤드셋,"35,900","35,900","35,900","35,900","35,900","35,900","35,900","35,900"
14900339,몬스터 AIRMARS N3 RGB 7.1 게이밍 헤드셋,"44,900","44,900","44,900","44,900","44,880","44,900","44,900","44,900"
14900546,몬스터 KNIGHT X300 게이밍 헤드셋,"35,900","35,900","35,900","35,900","35,900","35,900","35,900","35,900"
15194948,베링거 HS20 USB,0,0,0,0,0,0,0,"16,100"
11940867,베이어다이나믹 MMX300 2세대,0,0,0,"정품_499,000",0,"정품_499,000","정품_499,000",0
3885110,비프렌드 아이매직 GH01,0,0,0,0,0,0,"벌크_13,950","벌크_13,950"
12980078,사운드트랜드 카시오페이아 딥 보이스 랭귀지 ST-UDY400,"17,480","17,340","17,360","17,480","17,480","17,480","17,480","17,360"
13792340,삼성전자 SH-UG100B 가상 7.1채널 헤드셋,"37,490","37,490","37,490","37,490","37,490","37,490","37,490","37,490"
1739138,삼성전자 SHS-100V/B,"14,500","14,500","14,500","14,500","14,500","14,500","14,500","14,500"
1739014,삼성전자 SHS-100V/W,"정품_14,500","정품_14,500","정품_14,500","정품_14,500","정품_14,500","정품_14,500","정품_14,500","정품_14,500"
10325283,삼성전자 SHS-150UW,"19,900","19,900","19,900","19,900","19,900","19,900","19,900","19,900"
1761924,삼성전자 SHS-150V/W,"정품_15,500","정품_15,500","정품_15,500","정품_15,500","정품_15,500","정품_15,500","정품_15,500","정품_15,500"
5357083,삼성전자 SHS-210BT,"18,870","18,870","18,870","18,870","18,870","18,870","18,870","19,780"
4233715,삼성전자 SHS-240V,0,"18,500","18,500","18,500","18,500","18,500","18,500","18,500"
1579360,삼성전자 SHS-260W,"12,800","12,800",0,0,0,0,0,0
12621179,삼성전자 SHS-300UB,"27,850","27,850","27,850","27,850","27,850","27,850","27,850","27,850"
3343315,삼성전자 SHS-300UW,"25,900","25,900","25,900","25,900","25,900","25,900","25,900",0
12667106,삼성전자 SPA-KHG1USB 가상 7.1채널 RGB 게이밍 헤드셋,0,0,0,0,0,"39,470","39,470",0
12644198,삼성전자 SPA-MHA1XNB,"24,570","24,570","24,570","24,570","24,570","24,570","24,570","24,570"
12667268,삼성전자 SPA-MHG1USB 가상 7.1채널 RGB 게이밍 헤드셋,0,0,0,0,"55,790","55,790","55,790","55,790"
9997167,삼성전자 SPA-MHG2USB,"45,880","45,880","45,880","45,880","45,880","45,880","45,880","45,880"
14332094,샤이닝몰 컴썸 BT-600G 가상 7.1 채널 게이밍 헤드셋,"블랙_49,800|화이트_49,800","블랙_49,800|화이트_49,800","블랙_49,800|화이트_49,800","블랙_49,800|화이트_49,800","블랙_49,800|화이트_49,800","블랙_49,800|화이트_49,800","블랙_49,800|화이트_49,800","블랙_49,800|화이트_49,800"
14332169,샤이닝몰 컴썸 BT-600G 가상 7.1 채널 게이밍 헤드셋,"블랙_49,800|화이트_49,800","블랙_49,800|화이트_49,800","블랙_49,800|화이트_49,800","블랙_49,800|화이트_49,800","블랙_49,800|화이트_49,800","블랙_49,800|화이트_49,800","블랙_49,800|화이트_49,800",0
7138387,서진네트웍스 ziniQ Beatles X1 블루투스 스테레오 게이밍 헤드셋,"14,800","14,800","14,800","14,800","14,800","14,800","14,800","14,800"
7128673,서진네트웍스 ziniQ Beatles X3 블루투스 스테레오 게이밍 헤드셋,"34,600","34,570","34,480","34,490","34,330",0,"34,210","34,090"
13190072,세컨드찬스 GEEKSTAR GH550 가상 7.1채널 게이밍 헤드셋,0,0,"39,900","39,900","39,900","39,900","39,900","39,900"
6499562,세컨드찬스 GEEKSTAR GH60 리얼 7.1채널 진동 RGB LED 게이밍 헤드셋,"101,420","101,420","101,420","101,420",0,0,0,"101,420"
7250914,세컨드찬스 GEEKSTAR GH600 가상 7.1채널 게이밍 헤드셋,"32,400","32,400","32,400",0,0,0,0,0
6835060,소믹 G951 핑크고양이 가상 7.1채널 게이밍 헤드셋,"해외구매_48,400","해외구매_48,400","해외구매_48,400",0,0,0,0,0
9321372,소믹 G951s 핑크고양이 게이밍 헤드셋,0,0,0,0,0,0,0,"정품_38,900"
4847848,소믹테크놀러지 시베리아 V10 진동게이밍 헤드셋,"25,800",0,0,0,0,0,0,0
6150485,스카이디지탈 SKY S30 게이밍 헤드셋,"30,500","30,500","30,500","30,500","30,500","30,500","30,500","30,500"
5893369,스카이디지탈 메카닉 H700 가상 7.1채널 LED 게이밍 헤드셋,"38,900","38,900","38,900","38,900","38,900","38,900","38,900","38,900"
9207612,스틸시리즈 Arctis 1,"정품_69,000","정품_69,000","정품_69,000","정품_69,000","정품_69,000","정품_69,000","정품_69,000","정품_69,000"
9661776,스틸시리즈 Arctis 1 Wireless,"정품_149,000|해외구매_189,800","정품_149,000|해외구매_189,800","정품_149,000|해외구매_189,800","정품_149,000|해외구매_189,800","정품_149,000|해외구매_189,800","정품_149,000|해외구매_189,800","정품_100,000|해외구매_189,800","정품_100,000|해외구매_189,800"
7525015,스틸시리즈 Arctis 3 2019 Edition,"정품_99,000|해외구매_152,100","정품_99,000|해외구매_152,100","정품_99,000|해외구매_152,100","정품_99,000|해외구매_152,100","정품_99,000|해외구매_152,100","정품_99,000|해외구매_152,100","정품_99,000|해외구매_152,100","정품_99,000|해외구매_152,100"
6945829,스틸시리즈 Arctis 5 2019 Edition,"정품_99,000","정품_99,000","정품_99,000","정품_99,000","정품_99,000","정품_99,000","정품_99,000","정품_99,000"
7078432,스틸시리즈 Arctis 7 2019 에디션,"정품_228,990|해외구매_193,880","정품_228,990|해외구매_193,820","정품_228,990|해외구매_193,810","정품_228,990|해외구매_193,760","정품_228,990|해외구매_193,880","정품_228,990|해외구매_193,870","정품_228,990|해외구매_193,810","정품_228,990|해외구매_193,880"
4880120,스틸시리즈 Arctis 7 Lag-Free Wireless,"정품_229,000","정품_229,000","정품_229,000","정품_229,000","정품_229,000","정품_229,000","정품_229,000","정품_229,000"
13396592,스틸시리즈 Arctis 7P,"정품_417,000|해외구매_205,870","정품_417,000|해외구매_205,820","정품_417,000|해외구매_205,750","정품_417,000|해외구매_205,690","정품_417,000|해외구매_205,460","정품_417,000|해외구매_205,450",0,0
13396484,스틸시리즈 Arctis 7P,0,0,0,0,0,0,"정품_417,000|해외구매_205,210","정품_417,000|해외구매_205,150"
14751407,스틸시리즈 Arctis 9 Wireless,"269,000","269,000","269,000","269,000","269,000","269,000","268,950","268,950"
14449670,스틸시리즈 Arctis PRIME 게이밍 헤드셋,"149,000","149,000","149,000","149,000","149,000","149,000","149,000","149,000"
6154821,스틸시리즈 Arctis Pro 7.1채널 RGB,"정품_519,000|해외구매_212,710","정품_519,000|해외구매_239,000","정품_519,000|해외구매_239,000","정품_519,000|해외구매_215,100","정품_519,000|해외구매_215,100","정품_519,000|해외구매_219,880",0,0
6338782,스틸시리즈 Arctis Pro Wireless,"정품_392,240","정품_392,240","정품_392,240","정품_392,240","정품_392,240","정품_392,240","정품_392,240","정품_401,500"
6040180,스틸시리즈 Arctis Pro+ GameDAC,"정품_249,000|해외구매_150,730","정품_249,000|해외구매_150,730","정품_231,330|해외구매_150,730","정품_231,330|해외구매_150,730","정품_231,330|해외구매_150,730","정품_231,330|해외구매_150,730","정품_231,330|해외구매_150,730","정품_231,330|해외구매_150,730"
14128799,아이리버 IBH-10C,"28,020","27,900","29,880","29,880","29,880","29,880","29,880","29,900"
13217165,아이리버 IGH-510U,"17,500","17,500","17,500","17,500","17,500","17,500","17,500","17,500"
5686504,아이리버 IR-H30V CLEARCHAT,"13,880","13,880","13,880","13,880","13,880","13,880","13,880","13,880"
5687017,아이리버 IR-H70V SoundTake,"18,900","18,900","18,900","18,900","18,900","18,900","18,900","18,900"
4360202,아이리버 블랭크 IGH-M10V Blank 진동 LED 게이밍 헤드셋,0,0,0,0,0,"12,230","12,230","12,230"
2654168,아이온코리아 BOSSWIZ BOSS-G1,"7,600","7,600","7,600","7,600","7,600","7,600","7,600","7,600"
13579736,아이온코리아 OMT OHU-500U 가상 7.1채널 게이밍 헤드셋,"9,470","9,470","9,470","9,470","9,470","9,470","9,470","9,470"
14302454,알티텔레콤 RT-390,"24,980","24,980","24,980","24,980","24,980","24,980","24,980","24,980"
14674235,앱코 B772L 가상 7.1채널 RGB 게이밍 헤드셋,"32,900","32,900","32,360","32,360","32,360","32,360","32,360","32,360"
2853211,앱코 EH100,"22,900","22,900","22,900",일시품절,일시품절,일시품절,일시품절,일시품절
13235837,앱코 EH450,"17,500","17,500","17,500","17,500","17,500","17,500","17,500","17,500"
14669576,앱코 EH500 USB 헤드셋,"23,000","23,000","22,700","22,700","22,700","22,700","22,700","22,700"
6028399,앱코 HACKER B1000R 리얼 5.2채널 RGB 진동 게이밍,"73,150","73,150","73,150","73,150","73,150","73,150","73,150","73,150"
4646833,앱코 HACKER B100U 스테레오 게이밍 헤드셋,"19,100","19,540","19,430","19,400","19,390","19,370","19,360","19,240"
4646851,앱코 HACKER B100V 스테레오 게이밍 헤드셋,"13,300","13,300","13,300","13,300","13,300","13,300","13,300","13,300"
3396520,앱코 HACKER B500 RANGER,"47,640","47,640","47,640","47,640","47,640","47,640","47,640","47,640"
5332040,앱코 HACKER B510U PRO 가상 7.1채널 RGB 진동,"37,500","37,260","37,260","37,500","37,500","37,500","37,500","37,500"
4231937,앱코 HACKER B510U 가상 7.1채널 진동 LED 게이밍,"37,500","39,500","39,490","39,490","39,490","39,490","39,490","39,490"
11251560,앱코 HACKER B660 ENC 가상 7.1채널 진동 노이즈 캔슬링 마이크 3D 게이밍 헤드셋,"30,200","30,200","30,200","30,200","30,200","30,200","30,200","30,200"
6099303,앱코 HACKER B770 PLUS 음성변조 가상 7.1채널 진동 RGB,"51,030","51,030","51,030","51,030","51,030","51,030","51,030","51,030"
5895459,앱코 HACKER B770 가상 7.1채널 RGB,"41,900","41,900","41,900","41,900","41,900","41,900","41,900","41,900"
10578081,앱코 HACKER B771 핑크 가상 7.1채널 RGB 진동 게이밍 헤드셋,"41,900","41,900","41,900","41,900","41,900","41,900","41,900","41,900"
7874002,앱코 HACKER B780 가상 7.1채널 RGB 진동 게이밍 헤드셋,"21,830","21,830","21,830","21,830","21,830","21,830","21,830","21,830"
6278601,앱코 HACKER B800U 초경량 가상 7.1채널 LED 진동 게이밍 헤드셋,"29,900","29,900","29,900","29,900","29,900","29,900","29,900","29,900"
6395869,앱코 HACKER B850U 가상 7.1채널 RGB 노이즈 캔슬링 마이크 3D 게이밍 헤드셋,"35,000","35,000","35,000","35,000","35,000","35,000","35,000","35,000"
6396243,앱코 HACKER B890U 가상 7.1채널 RGB 노이즈 캔슬링 마이크 3D 게이밍 헤드셋,"41,900","41,900","41,900","41,900","41,900","41,900","41,900","41,900"
5279043,앱코 HACKER B90,"7,090","7,090","7,090","7,090","7,090","7,090","7,090","7,090"
6173775,앱코 HACKER B900U PLUS 음성변조 가상 7.1채널 RGB,"52,500","52,500","52,500","52,500","52,500","52,500","52,500","52,500"
6191111,앱코 HACKER B900U 가상 7.1채널 진동 RGB,"41,900","41,900","41,900","41,900","41,900","41,900","41,900","41,900"
7222609,앱코 HACKER B980 리얼 7.1채널 RGB 진동 게이밍 헤드셋,"53,900","53,900","53,900","53,900","53,900","53,900","53,900","53,900"
11626571,앱코 HACKER BR01S RGB 게이밍 헤드셋,"87,900","87,900","87,900","87,900","87,900","87,900","87,900","87,900"
3004845,앱코 HACKER GHX,"47,000","47,000","47,000","47,000","47,000","47,000","47,000","47,000"
11074731,앱코 HACKER MR400 무선 가상 7.1채널 게이밍 헤드셋,"75,990","75,990","75,990","75,990","75,990","75,990","75,990","75,990"
10197243,앱코 HACKER MR510 무선 가상 7.1채널 RGB 노이즈 캔슬링 게이밍 헤드셋,"88,000","88,000","88,000","88,000","88,000","88,000","88,000","88,000"
6804031,앱코 HACKER N550 ENC 가상 7.1채널 RGB 게이밍 헤드셋,"28,500","28,500","28,500","27,500","28,500","28,500","28,500","28,500"
8355375,앱코 HACKER N560 ENC 가상 7.1채널 노이즈 캔슬링 RGB 진동 게이밍 헤드셋,"28,500","28,500","28,500","28,500","28,500","28,500","28,500","28,500"
10454679,앱코 HACKER N810 ENC 가상 7.1채널 진동 노이즈 캔슬링 마이크 3D 게이밍 헤드셋,"41,800","41,800","41,800","41,800","41,800","41,800","41,800","41,800"
12072137,앱코 HACKER N950 하드웨어 EQ 가상 7.1채널 RGB 진동 게이밍 헤드셋,"46,500","46,500","46,500","46,500","46,500","46,500","46,500","46,500"
8003203,앱코 HACKER N990 ENC 가상 7.1채널 RGB 3D 진동 초경량 게이밍 헤드셋,"36,500","36,500","36,500","36,500","36,500","36,500","36,500","36,500"
8037445,앱코 HACKER N995 ENC 가상 7.1채널 RGB 게이밍 헤드셋,"25,900","25,900","25,900","25,900","25,900","25,900","24,870","25,880"
2431932,앱코 HS80,"정품_6,400","정품_6,400","정품_6,400","정품_6,400","정품_6,400","정품_6,400","정품_6,400","정품_6,400"
8579138,앱코 MR500 무선 가상 7.1채널 게이밍 헤드셋,"69,000","69,000","69,000","69,000","69,000","69,000","69,000","69,000"
14694722,앱코 N460 가상 7.1 ENC 초경량 RGB 게이밍 헤드셋,"19,000","19,000","22,080","23,000","23,000","23,000","23,000","23,000"
14522765,앱코 N500 가상 7.1 ENC 초경량 RGB 게이밍 헤드셋,"24,360","24,500","24,500","24,500","24,500","24,500","24,500","24,500"
12278933,앱코 N700 가상 7.1채널 RGB 게이밍 헤드셋,"32,900","32,900","32,900","32,900","32,900","32,900","32,900","32,900"
13179062,앱코 N800 가상 7.1채널 게이밍 헤드셋,"29,500","29,500","29,500","29,500","29,500","29,500","29,500","29,500"
14235632,앱코 배틀그라운드 HAZARD EDITION 가상 7.1채널 게이밍 헤드셋,"32,000","32,000","32,000","32,000","32,000","32,000","32,000","32,000"
14268485,앱코 핑크 고양이 귀 가상 7.1 채널 진동 게이밍 헤드셋 B772,"41,900","41,900","41,900","41,900","41,900","41,900","41,900","41,900"
3445747,에이데이타코리아 DDZONE DH-1200,"3,540","3,540","3,540","3,540","3,540","3,540","3,540",0
12620894,에이데이타코리아 SEEPAK SEEH-100,"5,900","5,900","5,900","5,900","5,900","5,900","5,900","5,900"
14328356,엘레컴 40mm 오버헤드형 헤드셋 HS-HP30TBK,"정품_31,600|해외구매_51,680","정품_31,600|해외구매_53,820","정품_31,600|해외구매_53,820","정품_31,600|해외구매_48,440","정품_31,600|해외구매_48,440","정품_31,600|해외구매_53,820","정품_31,600|해외구매_53,820","정품_31,600|해외구매_53,820"
14328947,엘레컴 접이식 스테레오 헤드셋 HS-HP20BK,"정품_20,460|해외구매_46,100","정품_20,460|해외구매_46,100","정품_20,460|해외구매_46,100","정품_20,460|해외구매_46,100","정품_20,460|해외구매_46,100","정품_20,460|해외구매_46,100","정품_20,460|해외구매_46,100","정품_20,460|해외구매_46,100"
12438092,엘리코 855MV,"15,660","15,660","15,660","15,660","15,660","15,660","15,660",0
14917658,엠지텍 PENTA X11 가상 7.1채널 무선 게이밍 헤드셋,"148,900","148,900","148,900","148,900","148,900","148,900","148,900","148,900"
8833268,엠지텍 PENTA X9,"79,800","79,800","79,800","69,000","69,000","71,500","71,500","79,800"
5351841,엠지텍 무선 PENTA X5 가상 7.1채널,"59,590","59,590","59,800","59,800","59,800","59,800","59,800","59,800"
12753446,오디오테크니카 ATH-G1WL,"정품_329,000","정품_329,000","정품_329,000","정품_329,000","정품_329,000","정품_329,000","정품_329,000","정품_329,000"
15187931,웨이코스 씽크웨이 BOB SHOCK H-PRO 게이밍 헤드셋,0,0,0,0,0,0,0,가격비교예정
5565823,위아이엠 VIRGO M58 7.1채널 진동 게이밍헤드셋,"21,900","21,900","21,900","21,900","21,900","21,900","21,900","21,900"
14270987,자브라 BIZ 2400 II Duo USB 3-1 MS,"257,990","257,990","257,990","257,990","257,990","257,990","257,990","257,990"
14270861,자브라 BIZ 2400 II Duo USB 3-1 UC,"257,990","257,990","257,990","257,990","257,990","257,990","257,990","257,990"
13643312,자브라 Evolve 20 스테레오 MS,0,0,0,0,0,"69,000","69,000","69,000"
14887130,자브라 Evolve 40 STEREO MS,"A타입, 정품_144,000|C타입, 정품_144,000","A타입, 정품_144,000|C타입, 정품_144,000","A타입, 정품_144,000|C타입, 정품_144,000","A타입, 정품_144,000|C타입, 정품_144,000","A타입, 정품_144,000|C타입, 정품_144,000","A타입, 정품_144,000|C타입, 정품_144,000","A타입, 정품_144,000|C타입, 정품_144,000","A타입, 정품_144,000|C타입, 정품_144,000"
14887121,자브라 Evolve 40 STEREO UC,"A타입, 정품_144,000|C타입, 정품_144,000","A타입, 정품_144,000|C타입, 정품_144,000","A타입, 정품_144,000|C타입, 정품_144,000","A타입, 정품_144,000|C타입, 정품_144,000","A타입, 정품_144,000|C타입, 정품_144,000","A타입, 정품_144,000|C타입, 정품_144,000","A타입, 정품_144,000|C타입, 정품_144,000","A타입, 정품_144,000|C타입, 정품_144,000"
14887127,자브라 Evolve 40 STEREO UC,"A타입, 정품_144,000|C타입, 정품_144,000","A타입, 정품_144,000|C타입, 정품_144,000","A타입, 정품_144,000|C타입, 정품_144,000","A타입, 정품_144,000|C타입, 정품_144,000","A타입, 정품_144,000|C타입, 정품_144,000","A타입, 정품_144,000|C타입, 정품_144,000","A타입, 정품_144,000|C타입, 정품_144,000","A타입, 정품_144,000|C타입, 정품_144,000"
14251628,자브라 Evolve2 30 STEREO MS USB타입A,"129,260","129,260","129,260","129,260","129,260","129,260","129,260","129,260"
14334302,자브라 Evolve2 30 STEREO MS USB타입C,"129,260","129,260","129,260","129,260","129,260","129,260","129,260","129,260"
14334476,자브라 Evolve2 30 STEREO UC USB타입A,"129,260","129,260","129,260","129,260","129,260","129,260","129,260","129,260"
14334599,자브라 Evolve2 30 STEREO UC USB타입C,"129,260","129,260","129,260","129,260","129,260","129,260","129,260","129,260"
12724592,자브라 Evolve2 65 모노 MS + 충전스탠드,0,0,0,"C타입, 정품_429,000|A타입, 정품_429,000","C타입, 정품_429,000|A타입, 정품_429,000","C타입, 정품_429,000|A타입, 정품_429,000","C타입, 정품_429,000|A타입, 정품_429,000","C타입, 정품_429,000|A타입, 정품_429,000"
12725159,자브라 Evolve2 65 스테레오 UC,"C타입, 정품_369,000|A타입, 정품_369,000","C타입, 정품_369,000|A타입, 정품_369,000","C타입, 정품_369,000|A타입, 정품_369,000","C타입, 정품_369,000|A타입, 정품_369,000","C타입, 정품_369,000|A타입, 정품_369,000","C타입, 정품_369,000|A타입, 정품_369,000",0,0
12725342,자브라 Evolve2 65 스테레오 UC + 충전스탠드,"C타입, 정품_449,000|A타입, 정품_449,000","C타입, 정품_449,000|A타입, 정품_449,000","C타입, 정품_449,000|A타입, 정품_449,000","C타입, 정품_449,000|A타입, 정품_449,000",0,"C타입, 정품_449,000|A타입, 정품_449,000","C타입, 정품_449,000|A타입, 정품_449,000","C타입, 정품_449,000|A타입, 정품_449,000"
12944051,자브라 Evolve2 85 스테레오 UC + 충전스탠드,0,0,"C타입, 정품_739,000|A타입, 정품_739,000","C타입, 정품_739,000|A타입, 정품_739,000",0,0,0,0
4906373,자브라 이볼브 30ii 모노,"정품_92,000","정품_92,000","정품_92,000","정품_92,000","정품_92,000","정품_92,000","정품_92,000","정품_92,000"
10639896,잘만 ZM-HPS600,"15,800","15,800","15,800","15,800","15,800","15,800","15,800","15,800"
2507541,제닉스 E-BLUE COBRA HEADSET,"정품_25,750","정품_25,750","정품_25,750","정품_25,750","정품_25,750","정품_25,750","정품_25,750","정품_25,750"
4379891,제닉스 E-BLUE COBRA-X,"29,000","29,000","29,000","29,000","29,000","29,000","29,000","29,000"
11516810,제닉스 STORMX GH3 게이밍 헤드셋,"28,900","28,900","28,900","28,900","28,900","28,900","28,900","28,900"
5495388,제닉스 STORMX H2,"24,050","24,050","24,050","24,050","24,050","24,050","24,050","24,050"
5836989,제닉스 STORMX H3,"24,880","24,880","24,880","24,880","24,880","24,880","24,880","24,880"
5966890,제닉스 STORMX H4,"32,670","32,670","32,670","32,670","32,670","32,670","32,670","32,670"
4856529,제닉스 STORMX QUAKE,"62,390","62,270","62,240","62,220","62,090","61,970","61,850","61,740"
2758081,제닉스 TESORO KUVEN Pro 리얼 5.1채널,"99,000","103,470","103,470","103,470","103,470","103,470","103,470","103,470"
13359788,제닉스 TITAN WH7 가상7.1채널 무선 게이밍 헤드셋,"87,900","87,900","87,700","87,700","87,700","87,700","87,700","87,700"
4703400,젠하이저 PC 373D,"정품_238,950","정품_238,950","정품_238,950","정품_238,950","정품_238,950","정품_238,950","정품_238,950","정품_238,950"
3308576,젠하이저 X2,0,"정품_49,900",0,"정품_49,900","정품_49,900","정품_49,900","정품_49,900","정품_49,900"
2957247,젠하이저 X320 Xbox Headset,0,0,0,0,0,0,0,"정품_63,820"
7085437,젬스트 LEF G38 타이탄 가상 7.1채널 게이밍 헤드셋,0,"29,900","29,900",0,"29,900",0,"29,900",0
11951729,젬스트 LEF S40 가상 7.1채널 RGB,"31,000","31,000","31,000","31,000","31,000","31,000","31,000","31,000"
5666659,지클릭커 G-Clicker GH-SV7000 스테레오 진동 게이밍 헤드셋,"9,640","9,640","9,640","9,640",0,"9,640",0,"10,400"
14438030,청연MnS naVee NV89-HDS10,"28,900","28,900","28,880","28,880","28,880","28,900","28,900","28,880"
2034928,카라스 ANDANTE105,"3,350","3,350","3,350","3,350","3,350","3,350","3,350","3,350"
2034979,카라스 Dolce57,"2,680","2,680","2,680","2,680","2,680","2,680","2,680","2,680"
10485090,컴소닉 PILLAR CH-R7 초경량 가상 7.1채널 RGB 게이밍 헤드셋,0,0,"29,900",0,"29,900",0,0,0
14402654,컴소닉 PILLAR V10 RGB 게이밍 헤드셋,"14,900","14,900","14,900","14,900","14,900","14,900","14,900","14,900"
12670421,코시 HS3262 게이밍 헤드셋,"9,690","9,690","9,690","9,690","9,690","9,690",0,0
5785920,킹스톤 HyperX Cloud Alpha,"117,750","117,750","117,750","119,000","119,000","119,000","119,000","119,000"
10409199,킹스톤 HyperX Cloud Alpha S,"124,410","124,410","124,410","124,410","124,410","124,410","124,410","124,410"
7800406,킹스톤 HyperX Cloud Flight,"정품_160,210|해외구매_184,280","정품_160,210|해외구매_184,280","정품_160,210|해외구매_184,280","정품_160,210|해외구매_184,280","정품_153,650|해외구매_184,280","정품_153,650|해외구매_184,280","정품_160,210|해외구매_184,280","정품_160,210|해외구매_184,280"
11198538,킹스톤 HyperX Cloud Flight S,"정품_236,180|해외구매_168,360","정품_235,940|해외구매_168,360","정품_235,700|해외구매_168,360","정품_235,640|해외구매_168,360","정품_235,390|해외구매_168,360","정품_235,210|해외구매_168,360","정품_234,980|해외구매_168,360","정품_238,990|해외구매_168,360"
3490502,킹스톤 HyperX Cloud II,"정품_109,000|해외구매_143,520","정품_109,000|해외구매_143,520","정품_109,000|해외구매_143,520","정품_109,000|해외구매_143,520","정품_109,000|해외구매_143,520","정품_109,000|해외구매_143,520","정품_109,000|해외구매_143,520","정품_103,010|해외구매_143,520"
13783250,킹스톤 HyperX Cloud II Wireless 가상 7.1채널 게이밍 헤드셋,"정품_199,000|해외구매_일시품절","정품_199,000|해외구매_일시품절","정품_199,000|해외구매_일시품절","정품_199,000|해외구매_일시품절","정품_199,000|해외구매_일시품절","정품_199,000|해외구매_일시품절","정품_199,000|해외구매_일시품절","정품_199,000|해외구매_일시품절"
11199045,킹스톤 HyperX Cloud Orbit S,"정품_308,950|해외구매_308,380","정품_308,920|해외구매_304,180","정품_308,890|해외구매_304,180","정품_308,880|해외구매_304,180","정품_308,840|해외구매_304,180","정품_308,810|해외구매_304,180","정품_308,780|해외구매_304,180","정품_308,750|해외구매_304,180"
4765116,킹스톤 HyperX Cloud Stinger,"정품_54,280|병행수입_45,480|해외구매_42,730","정품_48,160|병행수입_45,480|해외구매_42,730","정품_48,160|병행수입_45,480|해외구매_42,730","정품_48,160|병행수입_45,480|해외구매_42,730","정품_59,000|병행수입_45,480|해외구매_42,730","정품_59,000|병행수입_45,480|해외구매_42,730","정품_59,000|병행수입_45,480|해외구매_42,730","정품_59,000|병행수입_45,480|해외구매_42,730"
11482062,킹스톤 HyperX Cloud Stinger Core Wireless,"112,880","112,880","112,880","115,460","115,460","115,460","115,460","115,460"
14021771,킹스톤 HyperX Cloud Stinger Core Wireless White,"정품_119,000|해외구매_125,550","정품_119,000|해외구매_123,840","정품_119,000|해외구매_123,840","정품_119,000|해외구매_123,840","정품_119,000|해외구매_123,840","정품_119,000|해외구매_123,840","정품_119,000|해외구매_123,840","정품_119,000|해외구매_123,840"
11518970,킹스톤 HyperX Cloud Stinger Core for PC,"39,000","39,000","39,000","39,000","39,000","39,000","39,000","39,000"
14304059,킹스톤 HyperX Cloud Stinger S,"정품_69,000|해외구매_75,000","정품_69,000|해외구매_75,000","정품_69,000|해외구매_75,000","정품_69,000|해외구매_67,500","정품_69,000|해외구매_67,500","정품_69,000|해외구매_75,000","정품_69,000|해외구매_75,000","정품_69,000|해외구매_75,000"
14304206,킹스톤 HyperX Cloud Stinger S,"정품_69,000|해외구매_75,000","정품_69,000|해외구매_75,000","정품_69,000|해외구매_75,000","정품_69,000|해외구매_67,500","정품_69,000|해외구매_67,500","정품_69,000|해외구매_75,000","정품_69,000|해외구매_75,000","정품_69,000|해외구매_75,000"
11209383,터틀비치 Elite Pro 2,0,0,0,0,0,0,"블랙_151,040|화이트_148,530","블랙_151,040|화이트_148,530"
10918110,터틀비치 Elite Pro 2 Super Amp,"281,060","281,060",0,0,0,0,0,"281,060"
14212187,터틀비치 RECON 500,"93,770","93,770","94,050","94,050","94,050","94,050","94,050","94,050"
13390322,터틀비치 RECON 70N,0,0,0,0,0,0,"정품_42,400|해외구매_69,510","정품_42,400|해외구매_69,510"
13390823,터틀비치 RECON 70P 글로벌 에디션,"카모블루_40,040|레드_40,040|실버_40,040|카모그린_40,040","카모블루_40,040|레드_40,040|실버_40,040|카모그린_40,040","카모블루_40,040|레드_40,040|실버_40,040|카모그린_40,040","카모블루_40,040|레드_40,040|실버_40,040|카모그린_40,040","카모블루_40,040|레드_40,040|실버_40,040|카모그린_40,040","카모블루_40,040|레드_40,040|실버_40,040|카모그린_40,040","카모블루_40,040|레드_40,040|실버_40,040|카모그린_40,040",0
14665037,터틀비치 RECON 70P 글로벌 에디션,0,0,0,0,0,0,0,"카모블루_40,040|레드_40,040|실버_40,040|카모그린_40,040"
13434929,터틀비치 RECON CHAT,"정품_20,710|해외구매_25,300",0,0,0,0,0,0,0
14312300,터틀비치 RECON CHAT XBOX,"15,470","15,470","15,470","15,470","15,470","15,470","15,470","15,470"
11978441,터틀비치 Recon 70 xbox one,0,0,0,0,0,0,"정품_42,510|해외구매_67,060","정품_42,510|해외구매_67,060"
11209605,터틀비치 Recon SPARK,"46,010","46,010","46,010","46,010","46,010","46,010",0,0
10467549,터틀비치 Stealth 600,"89,900","89,900","89,900","89,900","89,900","89,900","89,900","89,900"
12642059,터틀비치 Stealth 600P Gen2,"정품_109,000","정품_109,000","정품_109,000","정품_108,700","정품_108,700","정품_108,700","정품_108,700","정품_108,700"
12742454,터틀비치 Stealth 600X Gen2,"정품_109,000","정품_100,610","정품_109,000","정품_109,000","정품_109,000","정품_109,000","정품_109,000","정품_109,000"
12972281,터틀비치 Stealth 700 Gen2 XBOX,"정품_168,990|해외구매_144,210","정품_168,990|해외구매_144,210","정품_168,990|해외구매_144,210","정품_168,990|해외구매_144,210","정품_168,990|해외구매_144,210","정품_168,990|해외구매_144,210","정품_168,990|해외구매_144,210","정품_168,990|해외구매_144,210"
12962192,터틀비치 Stealth 700 Gen2 플레이스테이션,"정품_169,000|해외구매_218,830","정품_169,000|해외구매_216,250","정품_168,950|해외구매_213,730","정품_168,950|해외구매_213,730","정품_168,950|해외구매_213,730","정품_162,240|해외구매_213,730","정품_168,950|해외구매_213,730","정품_162,240|해외구매_213,730"
6503521,티앤에스인터내셔널 NOX Black-Hole NX-4 가상 7.1채널 진동 LED 게이밍,"43,000","43,000","43,000","42,050","42,050","43,000","43,000","43,000"
5226637,티앤에스인터내셔널 NOX NX-2 초경량 가상 7.1채널 진동,"38,000","38,000","38,000","38,000","38,000","38,000","38,000","38,000"
6343005,티앤에스인터내셔널 NOX NX-2s 초경량 가상 7.1채널 진동 게이밍 헤드셋,"37,500","37,500","37,500","37,500","37,500","37,500","37,500","37,500"
14984126,티앤에스인터내셔널 NOX NX-3 PLUS 가상 7.1채널 RGB 게이밍 헤드셋,"36,400","36,400","36,400","36,400","36,400","36,400","36,400","36,400"
6152748,티앤에스인터내셔널 NOX NX-3 초경량 가상 7.1채널 진동게이밍 헤드셋,"33,000","33,000","33,000","33,000","33,000","33,000","33,000","36,500"
12390917,티앤에스인터내셔널 NOX NX-501,"29,500","29,500","29,500","29,500","29,500","29,500","29,500","29,500"
12391268,티앤에스인터내셔널 NOX NX-502,"32,000","32,000","32,000","32,000","32,000","32,000","32,000","32,000"
13798262,티앤에스인터내셔널 NX-2 PLUS 가상 7.1채널 RGB 게이밍 헤드셋,"38,000","38,000","38,000","38,000","38,000","38,000","38,000","38,000"
14157665,펭카 게이밍 헤드셋 K9,"본품_46,060|본품+거치대_51,620","본품_49,000|본품+거치대_51,620","본품_49,000|본품+거치대_51,620","본품_48,730|본품+거치대_51,620","본품_48,730|본품+거치대_51,620","본품_48,730|본품+거치대_51,620","본품_45,570|본품+거치대_51,620","본품_45,570|본품+거치대_51,620"
13983488,포칼 CLEAR MG,"정품_2,190,000|해외구매_2,193,260","정품_2,190,000|해외구매_2,193,260","정품_2,190,000|해외구매_2,193,260","정품_2,190,000|해외구매_2,193,260","정품_2,190,000|해외구매_2,193,260","정품_2,190,000|해외구매_2,193,260","정품_2,190,000|해외구매_2,193,260","정품_2,190,000|해외구매_2,193,260"
13982579,포칼 celestee,"정품_1,290,000|해외구매_1,517,710","정품_1,290,000|해외구매_1,517,710","정품_1,290,000|해외구매_1,517,710","정품_1,290,000|해외구매_1,517,710","정품_1,290,000|해외구매_1,517,710","정품_1,290,000|해외구매_1,517,710","정품_1,290,000|해외구매_1,517,710","정품_1,290,000|해외구매_1,517,710"
622621,퓨전FNC FS-850,"4,660","4,640","4,620","4,610","4,150","4,720","4,650",0
14337689,프나틱 기어 REACT+ 가상 7.1 채널 게이밍 헤드셋,"134,950","134,950","134,950","134,950","134,950","134,950","134,950","134,950"
14272289,플랜트로닉스 Blackwire 8225,"정품_285,150|해외구매_221,350","정품_284,920|해외구매_221,350","정품_284,910|해외구매_221,350","정품_284,800|해외구매_221,350","정품_284,790|해외구매_221,350","정품_284,560|해외구매_221,350","정품_284,310|해외구매_154,850","정품_284,070|해외구매_154,850"
14229791,플랜트로닉스 Blackwire C3225,"정품_111,050|해외구매_72,090","정품_113,350|해외구매_72,090","정품_113,350|해외구매_72,090","정품_113,230|해외구매_72,090","정품_103,340|해외구매_72,620","정품_112,800|해외구매_72,620","정품_112,570|해외구매_72,620","정품_112,560|해외구매_72,620"
14229896,플랜트로닉스 Blackwire C3225,"정품_111,050|해외구매_72,090",0,0,0,0,0,0,0
14270297,플랜트로닉스 Blackwire C7225,"정품_248,150|해외구매_165,930","정품_248,090|해외구매_165,930","정품_247,860|해외구매_165,930","정품_247,850|해외구매_165,930","정품_247,610|해외구매_165,930","정품_247,550|해외구매_165,930","정품_247,310|해외구매_165,930","정품_247,080|해외구매_172,820"
14158838,플랜트로닉스 EncorePro 310,"정품_95,180|해외구매_52,830","정품_95,120|해외구매_52,830","정품_94,990|해외구매_52,830","정품_94,930|해외구매_52,830","정품_94,700|해외구매_53,210","정품_94,650|해외구매_53,210","정품_94,650|해외구매_53,210","정품_94,650|해외구매_53,210"
9906723,플랜트로닉스 Voyager 4220 UC,"정품_245,470|해외구매_189,710","정품_239,890|해외구매_189,710","정품_234,310|해외구매_189,710","정품_245,470|해외구매_189,710","정품_245,470|해외구매_189,710","정품_245,470|해외구매_189,710",0,0
7583053,플랜트로닉스 리그 800HD,"해외구매_159,980","해외구매_159,980","해외구매_159,980","해외구매_159,980","해외구매_163,400","해외구매_162,430","해외구매_152,060","해외구매_152,060"
14280455,플레오맥스 HS-10,"9,900","9,900","9,900","9,900","9,900","9,900","9,900","9,900"
13196780,플레오맥스 PLEOMAX HS-5 스테레오 게이밍 헤드셋,0,"6,890","6,890",0,0,0,0,0
11612345,플레오맥스 PLEOMAX HS-9 스테레오 게이밍 헤드셋,"블랙_10,480","블랙_10,480","블랙_10,480","블랙_10,480","블랙_10,480","블랙_10,480","블랙_10,480","블랙_10,480"
13366811,플레오맥스 PLEOMAX PHS-G30 게이밍 헤드셋,"16,900","16,900","16,900","16,900","16,900","16,900","16,900","16,900"
5523082,한성컴퓨터 GTune HS60 7.1채널 진동 LED 게이밍 헤드셋,"29,900","29,900","29,900","29,900","29,900","29,900","29,900","29,900"
13074326,한성컴퓨터 TFG CH240 가상 7.1채널 게이밍 헤드셋,"블랙_21,900|핑크_21,900|화이트_21,900","블랙_21,900|핑크_21,900|화이트_21,900","블랙_21,900|핑크_21,900|화이트_21,900","블랙_18,610|핑크_21,900|화이트_18,610","블랙_18,610|핑크_21,900|화이트_18,610","블랙_18,610|핑크_21,900|화이트_18,610","블랙_18,610|핑크_21,900|화이트_18,610","블랙_20,740|핑크_21,900|화이트_20,740"
1639869,헬로키티 KHS-507,"4,280","4,280","4,280","4,280","4,280","4,280","4,280",0
1988588,현대 HD-6000M,0,0,0,"7,360","7,360","7,360","7,360","7,360"
