Id,Name,2024-03-01 10:29:29,2024-03-02 10:22:14
37925804,1stPlayer LV67,"해외구매_29,500","해외구매_29,500"
28392785,8bitdo Retro 유무선 기계식,"해외구매_62,900","해외구매_62,900"
27494381,A4Tech Bloody S98 기계식,"97,720","97,610"
37826705,AJAZZ AK820 PRO 유무선 기계식 해외구매,"옵션선택구성_39,040|매실축_41,480|명월축_41,390|해염축_47,430","옵션선택구성_39,040|매실축_41,480|명월축_41,390|해염축_47,430"
37826627,AJAZZ AK820 기계식 해외구매,"옵션선택구성_22,260|레드축_22,250|매실축_31,500|명월축_32,090|청축_22,250|","옵션선택구성_22,260|레드축_22,250|매실축_31,500|명월축_32,090|청축_22,250|"
21592418,AJAZZ AK871 무선 기계식 해외구매,"옵션선택구성_23,550|적축_24,340|청축_25,550",0
38345594,AJAZZ AKP815 기계식,"해외구매_84,500","해외구매_84,500"
37825430,AKKO DODOWO 5108B 유무선 기계식,"해외구매_61,535","해외구매_61,535"
37929533,AKKO MDA PBT 키캡 227Pcs,"21,500","21,500"
37040270,AKKO MX108 무선 키보드 마우스 세트,"해외구매_17,170","해외구매_17,170"
37929167,AKKO My Melody 3087 기계식,"해외구매_51,690","해외구매_51,690"
7991620,ANYZEN MK130 USB 키보드 마우스 세트,"8,000","8,000"
17950412,APPLE Magic Keyboard Touch ID 탑재형 한글 (MK293KH/A),"정품_162,960","정품_162,930"
15020783,APPLE Magic Keyboard Touch ID 탑재형 한글 (MK2C3KH/A),"정품_198,550","정품_198,550"
28557293,ASUS ROG AZOTH WHITE PBT 유무선 영문,"적축_399,000|SNOW_398,990|STORM_398,990|청축_일시품절","적축_399,000|SNOW_398,990|STORM_398,990|청축_일시품절"
18728846,ASUS ROG AZOTH 유무선 기계식 영문,"갈축_399,000|적축_399,000|청축_399,000","갈축_399,000|적축_399,000|청축_399,000"
19828004,ASUS ROG AZOTH 유무선 기계식 한글,"갈축_399,000|적축_279,300|청축_399,000","갈축_399,000|적축_279,300|청축_399,000"
16559405,ASUS ROG CLAYMORE II RX PBT,"청축_391,400","청축_391,400"
14408198,ASUS ROG CLAYMORE II RX 영문,"청축_329,000|적축_329,000","청축_329,000|적축_329,000"
18519221,ASUS ROG FALCHION ACE 기계식,"적축_199,000|갈축_199,000","적축_199,000|갈축_199,000"
15370208,ASUS ROG FALCHION NX,"청축_229,000|적축_229,000|해외구매_191,700","청축_229,000|적축_229,000|해외구매_191,700"
12768116,ASUS ROG FALCHION 영문,"청축_229,000|적축_229,000","청축_229,000|적축_229,000"
13417076,ASUS ROG PBT KEYCAP SET,"54,000","54,000"
17017928,ASUS ROG RX PBT 이중사출 키캡 세트,"54,000","54,000"
16988408,ASUS ROG STRIX FLARE II NX,"갈축_279,000|적축_279,000","갈축_279,000|적축_279,000"
16930385,ASUS ROG STRIX FLARE II NX ANIMATE PBT 영문,"청축_329,000|갈축_328,990|적축_329,000","청축_329,000|갈축_328,990|적축_329,000"
17730161,ASUS ROG STRIX FLARE II NX ANIMATE PBT 한글,"청축_일시품절|갈축_230,300|적축_328,990","청축_일시품절|갈축_230,300|적축_328,990"
8216992,ASUS ROG STRIX FLARE PINK,"청축_224,000","청축_224,000"
28121846,ASUS ROG STRIX SCOPE II 96 유무선 기계식,"SNOW_258,990|STORM_258,990","SNOW_258,990|STORM_258,990"
28888754,ASUS ROG STRIX SCOPE II RX 영문,"청축_208,990","청축_208,990"
17832590,ASUS ROG STRIX SCOPE NX,"청축_188,990|적축_188,990","청축_188,980|적축_188,980"
15354251,ASUS ROG STRIX SCOPE NX TKL,"갈축_179,000|적축_179,000","갈축_179,000|적축_179,000"
14962448,ASUS ROG STRIX SCOPE NX TKL Moonlight White,"청축_189,000|갈축_189,000|적축_189,000","청축_189,000|갈축_189,000|적축_189,000"
16749149,ASUS ROG STRIX SCOPE NX WIRELESS DELUXE,"청축_229,000|갈축_229,000|적축_229,000","청축_229,000|갈축_229,000|적축_229,000"
11078613,ASUS ROG STRIX SCOPE PBT 영문,"청축_164,000|갈축_164,000|적축_164,000",0
16455302,ASUS ROG STRIX SCOPE PBT 영문,0,"청축_164,000|갈축_164,000|적축_164,000"
13486184,ASUS ROG STRIX SCOPE RX,"적축_184,000|청축_178,000","적축_184,000|청축_178,000"
15901865,ASUS ROG STRIX SCOPE RX PBT 영문,"청축_188,990|적축_일시품절","청축_188,990|적축_일시품절"
16750865,ASUS ROG STRIX SCOPE RX TKL WIRELESS DELUXE,"청축_248,990|적축_249,000","청축_248,990|적축_249,000"
15004463,ASUS ROG STRIX SCOPE TKL 영문,"청축_164,000|적축_470,110","청축_164,000|적축_470,110"
11070279,ASUS ROG STRIX SCOPE 영문,"청축_174,000|적축_174,000","청축_174,000|적축_174,000"
2885992,ASUS STRIX Tactic Pro,"청축_114,670","청축_114,670"
3567106,ASUS STRIX Tactic Pro STCOM,"청축_65,000","청축_65,000"
37348049,AULA F2088 Pro 기계식 해외구매,"옵션선택구성_30,650|갈축_29,580|적축_29,580|청축_29,580","옵션선택구성_30,650|갈축_29,580|적축_29,580|청축_29,580"
37929992,AULA F21 유무선,"해외구매_22,620","해외구매_22,620"
34337150,AULA F75 유무선 기계식,"해외구매_23,900","해외구매_23,900"
37988534,AULA F81 유무선 기계식 해외구매,"옵션선택구성_61,770|빙백축_110,000|빙정축_110,000","옵션선택구성_61,770|빙백축_110,000|빙정축_110,000"
37291616,AULA F87 Pro 유무선 기계식 쉐도우 블랙,"저소음 피치축_63,990|그레이축_가격비교예정|옐로우축_가격비교예정","저소음 피치축_63,990|그레이축_가격비교예정|옐로우축_가격비교예정"
30621089,AULA F87 Pro 유무선 기계식 해외구매,"옵션선택구성_31,330|골드축_33,500|그레이축_32,900|옐로우축_39,500","옵션선택구성_31,330|골드축_33,500|그레이축_33,880|옐로우축_39,500"
37291658,AULA F87 Pro 유무선 기계식 화이트,저소음 피치축_가격비교예정|그레이축_가격비교예정|옐로우축_가격비교예정,저소음 피치축_가격비교예정|그레이축_가격비교예정|옐로우축_가격비교예정
25638749,AULA F87 유무선 기계식 해외구매,"옵션선택구성_33,720|골드축_25,900|그레이축_62,590","옵션선택구성_32,300|골드축_25,900|그레이축_62,590"
37825532,AULA F98 PBT RGB 풀윤활 유무선 기계식 키보드,블랙 그레이 그린_가격비교예정|브라운 핑크 오렌지_가격비교예정|블루 화이트 핑크_가격비교예정,블랙 그레이 그린_가격비교예정|브라운 핑크 오렌지_가격비교예정|블루 화이트 핑크_가격비교예정
37225757,AULA F98 PRO 유무선 기계식 해외구매,"옵션선택구성_68,000|소울축_54,500|크리스탈축_54,500","옵션선택구성_63,240|소울축_54,500|크리스탈축_54,500"
32064938,AULA F99 유무선 기계식 해외구매,"옵션선택구성_39,900|그레이축_41,990|그린축_48,880|블루축_44,400|옐로우축_56,500||","옵션선택구성_39,900|그레이축_41,990|그린축_48,880|블루축_44,400|옐로우축_56,500||"
37826159,AULA S99 유무선 기계식,"해외구매_13,500","해외구매_13,500"
36834659,Actto WRS-08 손목 받침대,"10,880","10,880"
20577386,Angry Miao 사이버보드 터미널 유무선 커스텀,"1,121,040","1,120,940"
37291904,Azio 팜레스트,"85,000","85,000"
37928627,Black Iron Bull S68 유무선 기계식,"해외구매_30,020","해외구매_30,020"
13989092,Britz 브리츠인터내셔널 BA-BK9 Plus 접이식 블루투스 키보드,"63,790","63,790"
6445016,CHERRY G80-3000,"화이트, 청축_일시품절|블랙, 갈축_일시품절|화이트, 갈축_199,800","화이트, 청축_일시품절|블랙, 갈축_일시품절|화이트, 갈축_199,800"
12473495,CHERRY G80-3000S RGB TKL,"블랙, 청축_124,000|블랙, 갈축_124,000|블랙, 적축_124,000|블랙, 흑축_124,000|블랙, 저소음 적축_134,000|||||","블랙, 청축_124,000|블랙, 갈축_124,000|블랙, 적축_124,000|블랙, 흑축_124,000|블랙, 저소음 적축_134,000|||||"
14469221,CHERRY G80-3000S TKL,"블랙, 청축_89,000|블랙, 갈축_89,000|블랙, 적축_89,000|블랙, 저소음 적축_109,000|화이트, 청축_89,000|||","블랙, 청축_89,000|블랙, 갈축_89,000|블랙, 적축_89,000|블랙, 저소음 적축_109,000|화이트, 청축_89,000|||"
6466903,CHERRY G80-3494,"블랙, 저소음 적축_170,110|화이트, 적축_129,000","블랙, 저소음 적축_170,110|화이트, 적축_129,000"
2868094,CHERRY G80-3800 + 키보드 받침대,"청축_87,450","청축_87,450"
2120324,CHERRY G80-3800 기계식 키보드 전용 컬러 16종 키캡,"옐로우_8,500|오렌지_8,500|퍼플_8,500","옐로우_8,500|오렌지_8,500|퍼플_8,500"
37226525,CHERRY KW7100 MINI 블루투스,밀크 화이트_가격비교예정|체리 블라썸_가격비교예정,밀크 화이트_가격비교예정|체리 블라썸_가격비교예정
20314643,CHERRY MX 1.1 TKL 기계식 블랙,"청축_66,930|갈축_66,930|적축_66,930|저소음 적축_76,630","청축_66,930|갈축_66,930|적축_66,930|저소음 적축_76,630"
11494950,CHERRY MX BOARD 1.0 TKL RGB,"청축_203,100|적축_203,100","청축_203,100|적축_203,100"
14393852,CHERRY MX BOARD 10.0 Low Profile RGB,"블랙_259,000|실버_259,000","블랙_259,000|실버_259,000"
14141768,CHERRY MX BOARD 2.0S,"블랙, 청축_79,000|블랙, 갈축_79,000|블랙, 적축_79,000|블랙, 저소음 적축_88,990|화이트, 청축_79,000|||","블랙, 청축_79,000|블랙, 갈축_79,000|블랙, 적축_79,000|블랙, 저소음 적축_88,990|화이트, 청축_79,000|||"
14810624,CHERRY MX BOARD 2.0S RGB,"블랙, 청축_108,990|블랙, 갈축_108,990|화이트, 청축_108,990|화이트, 갈축_108,990|화이트, 적축_108,990|","블랙, 청축_108,990|블랙, 갈축_108,990|화이트, 청축_108,990|화이트, 갈축_108,990|화이트, 적축_108,990|"
18072677,CHERRY MX BOARD 2.0S WIRELESS,0,"화이트, 적축_158,780|화이트, 저소음 적축_169,000|블랙, 적축_159,000|블랙, 저소음 적축_159,000"
12285776,CHERRY MX BOARD 3.0S,"블랙, 청축_119,970|블랙, 갈축_119,970|블랙, 적축_119,970|블랙, 흑축_129,000|블랙, 저소음 적축_129,270|||||","블랙, 청축_119,970|블랙, 갈축_119,970|블랙, 적축_119,970|블랙, 흑축_129,000|블랙, 저소음 적축_129,270|||||"
13014179,CHERRY MX BOARD 3.0S RGB,"블랙, 청축_147,870|블랙, 갈축_147,870|블랙, 적축_147,870|블랙, 흑축_159,000|블랙, 저소음 적축_157,170||||||||||","블랙, 청축_147,870|블랙, 갈축_147,870|블랙, 적축_147,870|블랙, 흑축_159,000|블랙, 저소음 적축_157,170||||||||||"
17400221,CHERRY MX BOARD 3.0S TKL,"블랙, 청축_123,000|블랙, 갈축_123,000|블랙, 적축_123,000|블랙, 저소음 적축_134,000|핑크, 청축_123,000|||||||","블랙, 청축_123,000|블랙, 갈축_123,000|블랙, 적축_123,000|블랙, 저소음 적축_134,000|핑크, 청축_123,000|||||||"
17652995,CHERRY MX BOARD 3.0S TKL RGB,"블랙, 청축_149,000|블랙, 갈축_149,000|블랙, 적축_149,000|블랙, 저소음 적축_158,000|핑크, 청축_149,000|||||||","블랙, 청축_149,000|블랙, 갈축_149,000|블랙, 적축_149,000|블랙, 저소음 적축_158,000|핑크, 청축_149,000|||||||"
19401896,CHERRY MX LP 2.1 유무선 기계식,"블랙_164,170|카키파우더_164,170|파스텔화이트_164,170","블랙_164,170|카키파우더_164,170|파스텔화이트_164,170"
13955699,CHERRY MX RGB Switch,"1개, 청축_570|1개, 갈축_570|1개, 은축_730|1개, 저소음 흑축_810|1개, 적축_610||",0
13955495,CHERRY MX Switch,"1개, 청축_580|1개, 갈축_580|1개, 은축_720|1개, 적축_580|1개, 흑축_580|","1개, 청축_580|1개, 갈축_580|1개, 은축_720|1개, 적축_580|1개, 흑축_580|"
29878442,CIDOO V21 유무선,"해외구매_51,910","해외구매_51,820"
27737228,CIDOO V65 PRO VIA 유무선 기계식,"149,000","149,000"
3586784,CORSAIR GAMING K70,"갈축, 정품_175,000","갈축, 정품_175,000"
17932703,CORSAIR K100 AIR WIRELESS RGB Ultra Low Profile 게이밍 기계식 키보드,"401,990","401,980"
12402839,CORSAIR K100 RGB MX SPEED 영문,"은축_341,230","은축_341,220"
12799214,CORSAIR K100 RGB MX SPEED 한글,"은축_333,070","은축_333,070"
12402851,CORSAIR K100 RGB OPTICAL 영문,"리니어_341,230","리니어_341,220"
12799259,CORSAIR K100 RGB OPTICAL 한글,"340,980","341,000"
35770448,CORSAIR K55 CORE RGB 게이밍,"59,990","59,990"
12618380,CORSAIR K60 PRO,"112,000","112,000"
12618515,CORSAIR K60 RGB PRO,"134,880","134,870"
12669857,CORSAIR K60 RGB PRO LP,"은축_186,480","은축_186,480"
12829025,CORSAIR K60 RGB PRO SE,"정품_149,000","정품_152,900"
17705396,CORSAIR K60 RGB PRO SWEET SKY 게이밍 기계식 키보드,"181,890",0
19018991,CORSAIR K60 RGB PRO TKL OPX 게이밍 기계식 키보드,"블랙_158,440|화이트_158,430",0
5065159,CORSAIR K63,"적축_119,000","적축_119,000"
6040268,CORSAIR K63 WIRELESS,"적축_168,000","적축_168,000"
21566336,CORSAIR K65 PRO MINI OPX 게이밍,"167,100","167,090"
13661003,CORSAIR K65 RGB MINI,"블랙, 적축_129,000|블랙, 저소음 적축_128,980|화이트, 적축_159,000|화이트, 저소음 적축_159,000","블랙, 적축_129,000|블랙, 저소음 적축_128,980|화이트, 적축_159,000|화이트, 저소음 적축_159,000"
28601858,CORSAIR K65 RGB PLUS 유무선 게이밍 기계식 블랙 골드,일시품절,일시품절
37079633,CORSAIR K65 RGB PLUS 유무선 게이밍 기계식 블랙 그레이,"198,990","198,890"
5217261,CORSAIR K68 방수/방진,"청축_일시품절|적축_131,900","청축_일시품절|적축_127,700"
4138936,CORSAIR K70 LUX,"청축_176,000|적축_163,800","청축_176,000|적축_163,800"
4412109,CORSAIR K70 LUX RGB,"적축_288,000|갈축_288,000","적축_288,000|갈축_288,000"
27546863,CORSAIR K70 MAX RGB MGX 게이밍 기계식,"마그네틱축_295,000","마그네틱축_298,900"
28603439,CORSAIR K70 RGB CORE BLACK 게이밍 기계식,"136,000","138,990"
32001323,CORSAIR K70 RGB CORE CARBON GRAY 게이밍 기계식,0,"138,990"
28605752,CORSAIR K70 RGB CORE WHITE SE 게이밍 기계식,"139,000","144,790"
6271264,CORSAIR K70 RGB MK.2,"청축_262,990|갈축_229,000|적축_262,900|저소음 적축_287,890","청축_262,990|갈축_229,000|적축_262,900|저소음 적축_287,890"
16388009,CORSAIR K70 RGB PRO,"청축_207,000|갈축_227,990|적축_228,990|저소음 적축_224,960|스피드 은축_228,990","청축_207,000|갈축_227,980|적축_228,990|저소음 적축_227,970|스피드 은축_228,990"
17822123,CORSAIR K70 RGB PRO OPX 게이밍 기계식 키보드,0,"블랙_230,850|화이트_241,980"
13855607,CORSAIR K70 RGB TKL CHAMPION 한글,"적축_196,980|은축_177,600|저소음 적축_195,000","적축_196,970|은축_177,600|저소음 적축_197,960"
16795421,CORSAIR K70 RGB TKL OPX 광적축 게이밍 기계식 키보드,"정품_194,500|해외구매_166,470","정품_179,100|해외구매_166,470"
17467130,CORSAIR K70 프로 미니 핫스왑 무선 게이밍 기계식 키보드,"저소음 적축_189,000","저소음 적축_189,000"
7411843,CORSAIR K83 Wireless Entertainment Keyboard,"192,850","188,790"
5013599,CORSAIR K95 RGB PLATINUM,"은축_311,900","은축_311,900"
5714458,CORSAIR PBT DOUBLE-SHOT KEYCAPS,화이트_일시품절,화이트_일시품절
6214631,CORSAIR STRAFE RGB MK.2 SILENT,"저소음 적축_219,000","저소음 적축_219,000"
11815033,CORSAIR iCUE NEXUS,"141,570","141,550"
6454547,COX 145Key 염료승화 PBT 한글 포인트 컬러 키캡,"오렌지_66,700|블루_66,700","오렌지_66,700|블루_66,700"
11640566,COX CA106 CNC 알루미늄 어고노믹 게이트론 기계식 키보드,"황축_377,400|갈축_377,400","황축_377,400|갈축_377,400"
10677855,COX CA108BT 블루투스 유무선 알루미늄 PBT 이색사출,"레드, 황축_159,000|레드, 갈축_137,000|로즈골드, 갈축_149,000","레드, 황축_159,000|레드, 갈축_137,000|로즈골드, 갈축_149,000"
8004508,COX CARAVEL 게이트론 교체축 RGB 염료승화 PBT 리빙코랄,"녹축_58,290","녹축_58,290"
8004616,COX CARAVEL108 게이트론 교체축 RGB 염료승화 PBT 리빙코랄,"녹축_68,440","녹축_68,440"
19401857,COX CBF300 무선 큰글씨,"15,580","15,590"
13224059,COX CK01 Navy 교체축 사이드 RGB 게이밍 기계식 키보드,"청축_37,400|갈축_37,010|적축_37,400","청축_37,400|갈축_37,010|적축_37,400"
15185441,COX CK01 PBT SL 기계식 키보드,"저소음 백축_65,080","저소음 백축_65,080"
18625514,COX CK01 PBT 마이애미 나이트 에디션 게이밍 기계식,"청축_49,690|갈축_47,770|적축_47,770","청축_49,700|갈축_47,780|적축_47,780"
11696723,COX CK01 PBT 이색사출 사이드 RGB 기계식 키보드,"청축_42,540|갈축_41,390|적축_42,320","청축_42,540|갈축_41,390|적축_42,320"
28862909,COX CK01 SAHARA HUANO 퀵스압 게이밍 기계식,"청축_41,440|갈축_41,360|적축_41,350","청축_41,440|갈축_41,370|적축_41,370"
14440445,COX CK01 TKL,"청축_34,000|갈축_33,640|적축_33,360","청축_34,000|갈축_33,640|적축_33,360"
15185348,COX CK01 TKL PBT SL 기계식 키보드,"저소음 백축_53,980","저소음 백축_53,980"
14393789,COX CK01 TKL PBT 기계식 키보드,"청축_39,900|갈축_39,410|적축_39,900","청축_39,900|갈축_39,410|적축_39,900"
11234124,COX CK01 교체축 사이드 RGB 게이밍 기계식 키보드,"블랙, 청축_39,900|블랙, 적축_일시품절|화이트, 갈축_44,240|화이트, 적축_44,240|화이트, 청축_40,270","블랙, 청축_39,900|블랙, 적축_일시품절|화이트, 갈축_44,240|화이트, 적축_44,240|화이트, 청축_40,270"
19456175,COX CK01SL PBT 45GF,"65,270","65,270"
20439878,COX CK01SL TKL PBT 45GF 기계식,"60,410","60,410"
37290881,COX CK01V CREAM PINK,"49,900","49,900"
16180022,COX CK01V V광축 완전방수 사이드 RGB 게이밍 키보드,"블랙&틸_51,460","블랙&틸_51,460"
11433837,COX CK104 RGB BAR 투톤 이중사출 게이트론 기계식,"블랙그레이, 청축_47,900|레드그레이, 청축_47,900|레드그레이, 황축_47,900","블랙그레이, 청축_47,900|레드그레이, 청축_47,900|레드그레이, 황축_47,900"
12095894,COX CK108 BT 게이트론 블루투스 5.0 기계식 게이밍 키보드,"블랙, 청축_69,900|화이트, 갈축_136,820|화이트, 청축_69,890","블랙, 청축_69,900|화이트, 갈축_136,820|화이트, 청축_69,890"
8048908,COX CK108 레드/다크그레이 게이트론 LED 게이밍 기계식,"S1, 녹축_48,990|S1, 갈축_91,000|S1, 황축_91,000|S2, 갈축_91,000|S2, 녹축_52,000|","S1, 녹축_48,990|S1, 갈축_91,000|S1, 황축_91,000|S2, 갈축_91,000|S2, 녹축_52,000|"
10332075,COX CK108 블랙/다크그레이 게이트론 LED 게이밍 기계식,"녹축_73,900|갈축_73,900|저소음 갈축_69,900|저소음 황축_69,900|황축_69,900","녹축_73,900|갈축_73,900|저소음 갈축_69,900|저소음 황축_69,900|황축_69,900"
8070895,COX CK2000 V광축 SA 투톤키캡 완전방수 교체축 사이드 RGB 게이밍,"34,520","34,520"
28191863,COX CK20th Century 멤브레인,"16,010","16,010"
6404207,COX CK250 교체축 LED 기계식 게이밍 텐키리스,"블랙, 청축_36,380|화이트, 갈축_53,890|화이트, 청축_36,380","블랙, 청축_36,380|화이트, 갈축_53,890|화이트, 청축_36,380"
6278440,COX CK420 교체축 레인보우 LED 게이밍 기계식 키보드,"블랙, 청축_34,900|블랙, 갈축_34,890|블랙, 적축_34,890|화이트, 갈축_34,890|화이트, 적축_34,890|","블랙, 청축_34,900|블랙, 갈축_34,890|블랙, 적축_34,890|화이트, 갈축_34,900|화이트, 적축_34,890|"
7480660,COX CK450 교체축 사이드 RGB 기계식 게이밍,"화이트, 적축_53,950","화이트, 적축_53,950"
16889645,COX CK510 교체축 LED 게이밍 기계식 키보드,"청축_27,060|갈축_28,500|적축_27,070","청축_27,060|갈축_28,500|적축_27,070"
8414463,COX CK8100 V광축 완전방수 크리스탈 키캡 교체축 사이드 RGB 게이밍,"S1, 클릭_66,000|S2, 클릭_66,000","S1, 클릭_66,000|S2, 클릭_66,000"
12086609,COX CK87 BT 게이트론 블루투스 5.0 텐키리스 기계식 게이밍 키보드,"블랙, 청축_58,140|블랙, 갈축_98,600|블랙, 황축_59,900|화이트, 청축_59,900|화이트, 갈축_108,400|","블랙, 청축_58,110|블랙, 갈축_98,600|블랙, 황축_59,900|화이트, 청축_59,900|화이트, 갈축_108,400|"
20438609,COX CK87 PBT SUNSHINE GD 기계식,"황축_88,140|갈축_88,150","황축_88,150|갈축_88,160"
15375932,COX CK87 PBT 게이트론 기계식 키보드,"청축_82,490|갈축_81,920|황축_82,490","청축_82,490|갈축_81,920|황축_82,490"
17466554,COX CK87 SLIM LP PBT,"블랙, 청축_53,000|블랙, 갈축_50,010|블랙, 적축_50,100|화이트, 청축_50,100|화이트, 갈축_50,100|","블랙, 청축_53,000|블랙, 갈축_50,010|블랙, 적축_50,100|화이트, 청축_50,100|화이트, 갈축_50,100|"
7938631,COX CK87 네이비 게이트론 LED 게이밍 기계식,"갈축_62,900|녹축_62,900|황축_62,900",0
7938721,COX CK87 네이비 게이트론 LED 게이밍 기계식,0,"갈축_62,900|녹축_62,900|황축_62,900"
7939003,COX CK87 레드/그레이 게이트론 LED 게이밍 기계식,"S1, 황축_73,900","S1, 황축_73,900"
7938454,COX CK87 블랙 게이트론 LED 게이밍 기계식,"갈축_62,900|녹축_62,900|황축_59,890|저소음 갈축_59,900|저소음 황축_59,900","갈축_62,900|녹축_62,900|황축_59,890|저소음 갈축_59,900|저소음 황축_59,900"
11063481,COX CK87 크림블루 게이트론 LED 게이밍 기계식,"청축_62,900|갈축_62,870|황축_62,900","청축_62,900|갈축_62,870|황축_62,900"
10339101,COX CK87 화이트 게이트론 LED 게이밍 기계식,"갈축_62,900|황축_62,900","갈축_62,900|황축_62,900"
12419303,COX CKM01 멤브레인 키보드마우스 세트,"15,390","15,390"
10924074,COX CKM20 무선 키보드 마우스 콤보,일시품절,일시품절
12025010,COX CKM30W 저소음 무선 키보드 마우스 세트,"화이트_17,000","화이트_17,000"
5355168,COX CKM500 게이밍 키보드 마우스 콤보,"23,220","23,220"
11589167,COX CKM510 게이밍 키보드 마우스 세트,"21,720","21,730"
13252187,COX CKM600 게이밍 키보드 마우스 세트,"21,090","21,090"
17878583,COX CKM700 게이밍 키보드 마우스 세트,"26,000","26,000"
14804228,COX CKR01 TKL 아크릴 키보드 덮개,"7,720","7,720"
14802494,COX CKR01 아크릴 키보드 덮개,"7,900","7,900"
18455168,COX CKT87 RGB 반투광사출 기계식 텐키리스,"갈축_134,730|황축_134,650","갈축_134,730|황축_134,660"
34810838,COX CNK103 PRO LL 블루투스 유무선 무접점,"196,200","196,200"
33388625,COX CNK84W LL 미니배열 블루투스 유무선 무접점,"198,610","198,620"
14689772,COX COK100BT 블루투스 펜타그래프 키보드,"블랙_13,800","블랙_13,800"
15544967,COX COK105BT 멀티페어링 블루투스 키보드,"22,800","22,800"
14596919,COX COK200BT 블루투스 펜타그래프 키보드,"13,900","13,900"
12706379,COX COS1 TKL 텐키리스 어고노믹 월넛 팜레스트,"19,790","19,790"
12706313,COX COS1 어고노믹 월넛 팜레스트,"22,430","22,430"
11979683,COX COS10 유선 키보드 마우스 세트,"블랙_7,430","블랙_7,200"
12359945,COX COS100 무선 멤브레인 키보드 마우스 세트,"블랙_20,000|화이트_19,800","블랙_20,000|화이트_19,800"
12614195,COX COS200 저소음 무선 키보드 마우스 세트,"블랙_27,370|화이트_27,370","블랙_27,370|화이트_27,370"
13385651,COX COS300 무선 키보드 마우스 세트,"9,900","9,900"
14718602,COX COS400 펜타그래프 무선 저소음 키보드 마우스 세트,"블랙_39,690|화이트_39,900","블랙_39,690|화이트_39,900"
18310763,COX CX108G PBT 가스켓 마운트 게이밍 기계식 키보드,"갈축_89,000|황축_89,000","갈축_89,000|황축_89,000"
14529893,COX CX157 PBT 이색사출 키캡 트레이 세트,"Blue Betta_18,790|Blue Tang_18,790","Blue Betta_18,790|Blue Tang_18,790"
14530379,COX CX158 PBT 이색사출 키캡 트레이 세트,"Ocellaris_18,890","Ocellaris_18,890"
15003881,COX CX87 기계식 TKL 게이밍 키보드,"한글, H1리니어_39,390|한글, T1넌클릭_39,390|영문, H1리니어_39,400|영문, T1넌클릭_39,400","한글, H1리니어_39,390|한글, T1넌클릭_39,390|영문, H1리니어_39,400|영문, T1넌클릭_39,400"
18310823,COX CX87G PBT 가스켓 마운트 TKL 게이밍 기계식 키보드,"갈축_62,770|황축_79,000","갈축_62,770|황축_79,000"
14828237,COX CY104 게이트론 기계식 키보드 그린,"갈축_61,650|황축_61,630","갈축_61,650|황축_61,630"
14828417,COX CY104 게이트론 기계식 키보드 블루,"갈축_64,900|황축_61,640","갈축_64,900|황축_61,640"
14828321,COX CY104 게이트론 기계식 키보드 핑크,"갈축_61,630|황축_61,640","갈축_61,630|황축_61,640"
7814338,COX 교체축 오테뮤 스위치,"8개, 청축_1,900|8개, 갈축_1,900|8개, 적축_1,900","8개, 청축_1,900|8개, 갈축_1,900|8개, 적축_1,900"
6510062,COX 모나크 교체축 RGB 한영 이중사출 PBT 체리 키보드,"청축_167,860","청축_167,860"
8036437,COX 모나크108 교체축 RGB 한영 이중사출 PBT 체리 키보드,"갈축_163,260","갈축_163,260"
11614961,COX 엔데버 네이비 에디션 RGB TKL 무접점,"35g_145,000","35g_145,000"
18191786,COX 엔데버 오리지널 레트로 PBT 무접점 텐키리스,"35g_134,100|50g_134,120","35g_134,110|50g_134,120"
7127755,COX 엔데버 텐키리스 RGB PBT 완전방수 무접점,"블랙, 50g_144,090|화이트, 50g_144,080|블랙, 35g_137,740|화이트, 35g_137,740","블랙, 50g_144,090|화이트, 50g_144,080|블랙, 35g_137,740|화이트, 35g_137,740"
7127485,COX 엠프리스 RGB PBT 완전방수 무접점,"블랙, 50g_157,550|화이트, 50g_157,830|블랙, 35g_157,550|화이트, 35g_157,550","블랙, 50g_157,550|화이트, 50g_157,830|블랙, 35g_157,550|화이트, 35g_157,550"
11615351,COX 엠프리스 네이비 에디션 RGB 무접점,"35g_351,000|50g_351,000","35g_351,000|50g_351,000"
18191531,COX 엠프리스 오리지널 레트로 PBT 무접점,"35g_154,990|50g_154,690","35g_154,990|50g_154,690"
5828059,COX 카일 정품 광축 스위치,"10개, 클릭_4,000|10개, 리니어_4,000|5+5개, 클릭/리니어_4,000","10개, 클릭_4,000|10개, 리니어_4,000|5+5개, 클릭/리니어_4,000"
10420293,COX 피네스 66키 아크릴 RGB 게이트론 퀵스왑 키보드,"황축_79,380|갈축_79,380","황축_79,380|갈축_79,380"
36709283,DELL 에일리언웨어 AW920K 유무선 다크,"409,000","409,000"
36789434,DELL 에일리언웨어 AW920K 유무선 루나,"409,000","409,000"
18366686,DURGOD K610W 유무선 핫스왑 키보드,"아일랜드, 저소음 적축_217,800|아일랜드, 저소음 갈축_217,800|에코, 저소음 갈축_217,800|에코, 저소음 적축_217,800","아일랜드, 저소음 적축_217,700|아일랜드, 저소음 갈축_217,700|에코, 저소음 갈축_217,700|에코, 저소음 적축_217,700"
10675404,Deck CBL-108XN Hassium Geobukseon 블랙에디션,"갈축_190,010|은축_217,190|저소음 적축_208,510|저소음 흑축_180,570|적축_173,990||",0
10675491,Deck CBL-108XN Hassium Geobukseon 블랙에디션,0,"갈축_일시품절|은축_236,590|저소음 적축_208,430|저소음 흑축_180,570|적축_173,990||"
20501555,Deck CBL-108XN Hassium Geobukseon 한산,"갈축_163,980|은축_일시품절|저소음 흑축_179,200|적축_163,980|흑축_163,990","갈축_163,960|은축_일시품절|저소음 흑축_179,200|적축_163,950|흑축_163,990"
11220633,Deck CBL-87XN Francium Geobukseon 블랙에디션,"청축_164,990|갈축_169,990|은축_170,890|저소음 적축_174,660|저소음 흑축_170,990||","청축_164,990|갈축_170,000|은축_169,390|저소음 적축_174,660|저소음 흑축_170,990||"
33420746,DrunkDeer A75 키캡,"171,950","171,950"
33420803,DrunkDeer G65,"159,570","159,530"
12563891,Ducky DUCKY ONE 2 SF RGB PBT 이중사출 한글,"갈축_139,000|적축_139,000","갈축_139,000|적축_139,000"
15739004,Ducky MECHA MINI RGB PBT 이중사출 한글,"갈축_169,000|적축_169,000|저소음 적축_179,000|스피드 은축_179,000","갈축_169,000|적축_169,000|저소음 적축_179,000|스피드 은축_179,000"
7052686,Ducky ONE 2 MINI RGB PBT 이중사출 한글,"갈축_129,000","갈축_129,000"
7053073,Ducky ONE 2 RGB SEAMLESS PBT 이중사출 한글,"갈축_179,000|은축_189,000|적축_179,000","갈축_179,000|은축_189,000|적축_179,000"
9723786,Ducky ONE 2 SEAMLESS BON VOYAGE PBT 이중사출 영문,저소음 적축_일시품절,저소음 적축_일시품절
12586205,Ducky ONE 2 SEAMLESS TUXEDO PBT 이중사출 한글,"갈축_138,000|은축_148,000","갈축_138,000|은축_148,000"
12549476,Ducky ONE 2 SF RGB PURE WHITE PBT 이중사출 영문,"갈축_139,000|적축_139,000","갈축_139,000|적축_139,000"
7053268,Ducky ONE 2 TKL RGB SEAMLESS PBT 이중사출 한글,"갈축_179,000|은축_189,000|저소음 적축_189,000|적축_179,000",0
7053253,Ducky ONE 2 TKL RGB SEAMLESS PBT 이중사출 한글,0,"갈축_179,000|은축_189,000|저소음 적축_189,000|적축_179,000"
9723897,Ducky ONE 2 TKL SEAMLESS BON VOYAGE PBT 이중사출 영문,저소음 적축_일시품절,저소음 적축_일시품절
14998151,Ducky ONE 2 TKL SEAMLESS BON VOYAGE PBT 이중사출 한글,"갈축_138,000|적축_138,000|저소음적축_148,000","갈축_138,000|적축_138,000|저소음적축_148,000"
12586562,Ducky ONE 2 TKL SEAMLESS TUXEDO PBT 이중사출 한글,"갈축_138,000|적축_138,000|저소음 적축_148,000","갈축_138,000|적축_138,000|저소음 적축_148,000"
7291219,Ducky ONE 2 WHITE LED SEAMLESS PBT 이중사출 한글,"갈축_149,000|은축_158,000|적축_149,000","갈축_149,000|은축_158,000|적축_149,000"
16986809,Ducky ONE 3 MINI RGB DayBreak PBT 이중사출 한글,"갈축_169,000|적축_169,000|저소음 적축_179,000|스피드 은축_179,000|클리어축_179,000","갈축_169,000|적축_169,000|저소음 적축_179,000|스피드 은축_179,000|클리어축_179,000"
16987259,Ducky ONE 3 MINI RGB Yellow PBT 이중사출 한글,"적축_169,000|저소음 적축_179,000|스피드 은축_179,000|클리어축_179,000","적축_169,000|저소음 적축_179,000|스피드 은축_179,000|클리어축_179,000"
17019746,Ducky ONE 3 Matcha PBT 이중사출 한글,"적축_189,000|스피드 은축_198,000","적축_189,000|스피드 은축_198,000"
17019236,Ducky ONE 3 Night Pink PBT 이중사출 한글,"스피드 은축_198,000","스피드 은축_198,000"
16986329,Ducky ONE 3 RGB DayBreak PBT 이중사출 한글,"스피드 은축_228,000|클리어축_228,000","스피드 은축_228,000|클리어축_228,000"
16986686,Ducky ONE 3 SF RGB DayBreak PBT 이중사출 한글,"적축_179,000|저소음 적축_189,000|스피드 은축_189,000|클리어축_189,000",0
16986725,Ducky ONE 3 SF RGB DayBreak PBT 이중사출 한글,0,"적축_179,000|저소음 적축_189,000|스피드 은축_189,000|클리어축_189,000"
16987151,Ducky ONE 3 SF RGB Yellow PBT 이중사출 한글,"저소음 적축_일시품절|클리어축_189,000","저소음 적축_일시품절|클리어축_189,000"
17019476,Ducky ONE 3 TKL Night Pink PBT 이중사출 한글,"갈축_264,000|적축_264,000","갈축_264,000|적축_264,000"
16986575,Ducky ONE 3 TKL RGB DayBreak PBT 이중사출 한글,"적축_264,000|스피드 은축_218,000|클리어축_218,000","적축_264,000|스피드 은축_218,000|클리어축_218,000"
16987058,Ducky ONE 3 TKL RGB Yellow PBT 이중사출 한글,"갈축_일시품절|클리어축_218,000","갈축_일시품절|클리어축_218,000"
14979041,Ducky One 2 SEAMLESS ROSA PBT 이중사출 한글,"갈축_138,000|적축_138,000|은축_148,000","갈축_138,000|적축_138,000|은축_148,000"
14516426,EVGA Z15 RGB 게이밍 키보드 한글,"은축_118,400","은축_118,400"
14811578,EVGA Z20 RGB 광축 게이밍 키보드 한글,"클릭_105,800|리니어_106,020","클릭_105,800|리니어_106,020"
30195929,FL ESPORTS CMK75 유무선 LCD 핫스왑 풀윤활 기계식 발렌타인 핑크 한글,"핑크축_129,000|저소음 라임축_129,000|저소음 크림축_138,990|저소음 피치축_129,000|황축_138,990","핑크축_129,000|저소음 라임축_129,000|저소음 크림축_138,990|저소음 피치축_129,000|황축_138,990"
30195614,FL ESPORTS CMK75 유무선 LCD 핫스왑 풀윤활 기계식 차콜 그레이 한글,"핑크축_128,990|실버축_138,990|저소음 라임축_128,990|저소음 크림축_129,000|저소음 피치축_128,990|","핑크축_128,990|실버축_138,990|저소음 라임축_128,990|저소음 크림축_129,000|저소음 피치축_128,990|"
30196031,FL ESPORTS CMK75 유무선 LCD 핫스왑 풀윤활 기계식 화이트 그레이 한글,"핑크축_128,990|실버축_139,000|저소음 라임축_128,990|저소음 크림축_138,990|저소음 피치축_128,990|","핑크축_128,990|실버축_139,000|저소음 라임축_128,990|저소음 크림축_138,990|저소음 피치축_128,990|"
30119780,FL ESPORTS CMK75 유무선 기계식 해외구매,"옵션선택구성_119,490|마시멜로우 프로축_136,510|마시멜로우축_136,510|민트축_188,630|퍼플축_119,500|","옵션선택구성_119,490|마시멜로우 프로축_136,510|마시멜로우축_136,510|민트축_188,630|퍼플축_119,500|"
19744532,FL ESPORTS CMK87 유무선 기계식 마쉬멜로우,"리니어_189,000|택타일_189,000","리니어_189,000|택타일_189,000"
19744508,FL ESPORTS CMK87 유무선 기계식 아보카도,"리니어_189,000|택타일_189,000","리니어_189,000|택타일_189,000"
19520744,FL ESPORTS CMK99 유무선 기계식 모노크롬,"GOLD PINK V2_197,990","GOLD PINK V2_197,990"
19520765,FL ESPORTS CMK99 유무선 기계식 아이스 블루,"GOLD PINK V2_197,990","GOLD PINK V2_197,990"
29664959,FL ESPORTS CMK99 유무선 핫스왑 풀윤활 기계식 아보카도 한글,"적축_128,990|갈축_128,990|백축_128,990|저소음 크림축_138,980","적축_128,990|갈축_128,990|백축_128,990|저소음 크림축_138,940"
29664815,FL ESPORTS CMK99 유무선 핫스왑 풀윤활 기계식 폴라 나이트 블랙 한글,"적축_128,990|갈축_128,990|백축_128,990|저소음 크림축_138,980","적축_128,990|갈축_129,000|백축_128,990|저소음 크림축_138,940"
29664911,FL ESPORTS CMK99 유무선 핫스왑 풀윤활 기계식 화이트 그레이 한글,"적축_128,990|갈축_128,990|백축_128,990|저소음 크림축_138,980","적축_128,990|갈축_128,990|백축_128,990|저소음 크림축_138,940"
19744904,FL ESPORTS FL750 CPM 유무선 기계식 메탈하트,"백축_119,000|황축_일시품절","백축_119,000|황축_일시품절"
19744943,FL ESPORTS FL750 SAM 유무선 기계식 폴라 나이트 블랙,"백축_119,000|황축_119,000","백축_119,000|황축_119,000"
19744148,FL ESPORTS FL980 V2 유무선 기계식 메탈하트,"Red V2_158,990|White V2_158,990",0
19744121,FL ESPORTS FL980 V2 유무선 기계식 메탈하트,0,"Red V2_158,990|White V2_158,990"
19744163,FL ESPORTS FL980 V2 유무선 기계식 블랙 올리비아,"Red V2_158,990|White V2_158,990","Red V2_158,990|White V2_158,990"
19744175,FL ESPORTS FL980 V2 유무선 기계식 씨솔트,"Red V2_159,000|White V2_158,990","Red V2_159,000|White V2_158,990"
19743710,FL ESPORTS MK750 유무선 베어본 기계식,"투명 블랙_89,000|불투명 블랙_88,990","투명 블랙_89,000|불투명 블랙_88,990"
36707879,FL ESPORTS OG104 유무선 핫스왑 풀윤활 기계식 그레이 한글,"민트축_149,000|저소음 고래축_159,000|저소음 크림축_159,000","민트축_149,000|저소음 고래축_159,000|저소음 크림축_159,000"
36708071,FL ESPORTS OG104 유무선 핫스왑 풀윤활 기계식 그레이 한글,"민트축_149,000|저소음 고래축_159,000|저소음 크림축_159,000","민트축_149,000|저소음 고래축_159,000|저소음 크림축_159,000"
36708083,FL ESPORTS OG104 유무선 핫스왑 풀윤활 기계식 화이트 한글,"민트축_149,000|저소음 고래축_159,000|저소음 크림축_159,000","민트축_149,000|저소음 고래축_159,000|저소음 크림축_159,000"
36708308,FL ESPORTS OG87 유무선 핫스왑 풀윤활 기계식 그레이 한글,"민트축_139,000|저소음 고래축_149,000|저소음 크림축_149,000","민트축_139,000|저소음 고래축_149,000|저소음 크림축_149,000"
36708443,FL ESPORTS OG87 유무선 핫스왑 풀윤활 기계식 그레이 한글,"민트축_139,000|저소음 고래축_149,000|저소음 크림축_149,000","민트축_139,000|저소음 고래축_149,000|저소음 크림축_149,000"
36708479,FL ESPORTS OG87 유무선 핫스왑 풀윤활 기계식 화이트 한글,"민트축_139,000|저소음 고래축_149,000|저소음 크림축_149,000","민트축_139,000|저소음 고래축_149,000|저소음 크림축_149,000"
37925957,FREE WOLF M87 무선,"해외구매_19,500","해외구매_19,500"
3689711,G.SKILL GAMING RIPJAWS KM780 RGB,"정품, 갈축_672,000","정품, 갈축_672,000"
15259547,GIGABYTE AORUS K1 RGB Fusion 게이밍 키보드,"적축, 영문_123,880","적축, 영문_123,800"
8913236,HEXGEARS GK760,"283,950","283,950"
10409004,HyperX Alloy Origins Core,"청축_139,000|아쿠아축_137,610|적축_137,610","청축_139,000|아쿠아축_137,610|적축_137,610"
37925777,IROK Li75,"해외구매_21,500","해외구매_21,500"
37925741,IROK Nd75 기계식,"해외구매_61,500","해외구매_61,500"
28798112,Keychron B1 유무선,0,"스페이스그레이_38,700|라벤더퍼플_37,400|바닐라크림_37,390|블라썸핑크_37,400|소다블루_37,400|"
28798172,Keychron B6 유무선,"스페이스그레이_44,200|레몬옐로우_44,200|민트그린_44,200|화이트_44,200","스페이스그레이_44,200|레몬옐로우_44,200|민트그린_44,200|화이트_44,200"
28056032,Keychron C2 PRO 기계식,"청축_114,000|갈축_112,850|저소음 갈축_123,990|저소음 적축_124,000|적축_114,000","청축_114,000|갈축_102,590|저소음 갈축_123,990|저소음 적축_124,000|적축_114,000"
19621313,Keychron K10 PRO RGB 유무선 기계식,"적축_162,000|갈축_162,000|저소음 갈축_163,000|저소음 적축_172,000|청축_161,000","적축_158,420|갈축_158,420|저소음 갈축_151,000|저소음 적축_172,000|청축_158,420"
17308430,Keychron K8 PRO 알루미늄 RGB 핫스왑 무선,"청축_161,000|갈축_161,000|저소음 갈축_182,990|적축_151,000|저소음 적축_199,000","청축_161,000|갈축_161,000|저소음 갈축_171,000|적축_151,000|저소음 적축_199,000"
28153634,Keychron K8 PRO 화이트 유무선 기계식,"저소음 적축_168,990","저소음 적축_168,990"
29661581,Keychron Q11 노브 블랙 커스텀 기계식 해외구매,"161,271","161,271"
18359087,Keychron Q6 노브 블랙 핫스왑 알루미늄 커스텀,"청축_265,500|갈축_252,500|적축_265,500","청축_265,500|갈축_252,500|적축_265,500"
28496507,Keychron Q60 레트로 기계식,"청축_309,000",청축_일시품절
20300327,Keydous NJ80-AP 유무선 베어본,"109,000","109,000"
20299691,Keydous NJ80-AP 유무선 핫스왑 풀윤활 기계식 차콜블랙,"Box RED V2_119,000|Blueberry Icecream Pro_129,000|Deep Sea Silent Islet_139,000|Deep Sea Silent Whale_139,000|Strawberry Icecream Pro_129,000","Box RED V2_119,000|Blueberry Icecream Pro_129,000|Deep Sea Silent Islet_139,000|Deep Sea Silent Whale_139,000|Strawberry Icecream Pro_129,000"
20266742,Keydous NJ80-AP 유무선 핫스왑 풀윤활 기계식 크림아이보리,"Box RED V2_119,000|Blueberry Icecream Pro_129,000|Deep Sea Silent Islet_139,000|Deep Sea Silent Whale_139,000|Strawberry Icecream Pro_129,000","Box RED V2_119,000|Blueberry Icecream Pro_129,000|Deep Sea Silent Islet_139,000|Deep Sea Silent Whale_139,000|Strawberry Icecream Pro_129,000"
21586673,LEOBOG HI75 커스텀,"해외구매_43,000","해외구매_43,000"
32111153,LEOBOG Hi8 유무선 커스텀,"해외구매_20,810","해외구매_20,810"
6218501,MAXTILL TRON G410K PRO 완전방수/방진 축교환 지센 광축,"클릭_33,070","클릭_32,960"
38346095,MCHOSE G98 유무선 기계식,"해외구매_26,900","해외구매_26,900"
37225691,MCHOSE K99 유무선 기계식,"해외구매_55,900","해외구매_55,900"
38345480,MINISFORUM MKB i83 유무선 기계식,"해외구매_188,840","해외구매_188,840"
20120111,MONSGEEK M1 기계식 해외구매,0,"블랙_60,540|레드_156,000|실버_76,560|퍼플_79,510|핑크_79,890"
20438030,MONSGEEK M1W 유무선 기계식 해외구매,"블랙_67,325|퍼플_71,190|핑크_71,190","블랙_67,325|퍼플_71,190|핑크_71,190"
20050754,MONSGEEK M3 기계식 해외구매,"블랙_64,900|실버_64,900|퍼플_70,200","블랙_64,900|실버_64,900|퍼플_70,200"
28855829,MONSGEEK M3W 유무선 기계식 해외구매,"옵션선택구성_68,400|청축_90,560|퍼플축_103,890|핑크축_103,890|황축_90,340","옵션선택구성_68,400|청축_90,560|퍼플축_103,890|핑크축_103,890|황축_90,340"
20119655,MONSGEEK M5 기계식 해외구매,"블랙_65,900|실버_83,610|퍼플_80,730","블랙_65,870|실버_83,610|퍼플_80,730"
35843195,MONSGEEK M5W 유무선 기계식 베어본,"해외구매_97,590","해외구매_97,590"
21652616,MONSGEEK M7W 유무선 기계식,0,"해외구매_67,840"
20642354,MONSGEEK MG108B 유무선 기계식 해외구매,"옵션선택구성_35,310|금블루축_28,500|금홍축_26,500|블루축_26,500|오렌지축_32,500||","옵션선택구성_35,310|금블루축_28,500|금홍축_26,500|블루축_26,500|오렌지축_32,500||"
17399789,MOUNTAIN EVEREST 60,"텍타일_214,200|리니어_218,160|리니어 스피드_214,200","텍타일_214,200|리니어_218,160|리니어 스피드_214,200"
13144299,MOUNTAIN EVEREST 60 넘버패드,"텍타일_75,300|리니어_75,300|리니어 스피드_75,300","텍타일_75,300|리니어_75,300|리니어 스피드_75,300"
17420348,MOUNTAIN EVEREST CORE,"블랙, 청축_249,090|블랙, 갈축_236,310|블랙, 적축_254,980|블랙, 저소음 적축_253,790","블랙, 청축_249,090|블랙, 갈축_236,280|블랙, 적축_254,870|블랙, 저소음 적축_253,790"
17643284,MOUNTAIN EVEREST MAX,"블랙, 청축_494,990|블랙, 갈축_494,990|블랙, 적축_442,530|블랙, 저소음 적축_494,990|그레이, 청축_492,470|||","블랙, 청축_494,990|블랙, 갈축_494,990|블랙, 적축_442,430|블랙, 저소음 적축_494,990|그레이, 청축_492,470|||"
17961767,MOUNTAIN PBT 이중사출 키캡 세트,"Aquamarine_A_57,290|Aquamarine_B_57,290|Black_50,890|Dolomite_A_57,290|Dolomite_B_57,300||||||",0
17961863,MOUNTAIN PBT 이중사출 키캡 세트,0,"Aquamarine_A_57,290|Aquamarine_B_57,290|Black_50,890|Dolomite_A_57,290|Dolomite_B_57,300||||||"
13164513,MOUNTAIN 스위치,"리니어 스피드_73,200|리니어_73,200|텍타일_73,200","리니어 스피드_73,200|리니어_73,200|텍타일_73,200"
9781407,MSI GK30,"41,250","41,250"
16349240,MSI GK71 소닉 게이밍 키보드,"적축_109,000|청축_108,980","적축_109,000|청축_108,980"
12073796,MSI WR01,"15,000","15,000"
16955183,MadCatz S.T.R.I.K.E 6,"64,940","64,940"
13269479,Microsoft Designer Compact Keyboard,"매트 블랙_76,900|라이트 그레이_일시품절","매트 블랙_76,900|라이트 그레이_일시품절"
2298401,Microsoft Sculpt Comfort 데스크탑,"정품_72,900","정품_72,900"
2310940,Microsoft Sculpt Ergonomic Desktop,"정품_117,900","정품_117,900"
16601570,NZXT FUNCTION,"Matte Black_102,240|Matte White_107,880","Matte Black_102,240|Matte White_107,880"
16614146,NZXT FUNCTION MINITKL,"Matte Black_111,250","Matte Black_111,250"
16614065,NZXT FUNCTION TENKEYLESS,"Matte Black_179,000","Matte Black_179,000"
35812727,NuPhy AIR 시리즈 스위치 100Pcs,"데이지_59,000|모스_59,000|알로에_59,000|위스테리아_59,000|카우베리_59,000","데이지_59,000|모스_59,000|알로에_59,000|위스테리아_59,000|카우베리_59,000"
36834098,NuPhy AIR60 V2 유무선 기계식,"적축_179,000|갈축_179,000|청축_179,000","적축_179,000|갈축_179,000|청축_179,000"
36834191,NuPhy AIR96 V2 유무선 기계식,"적축_199,000|갈축_199,000|청축_199,000","적축_199,000|갈축_199,000|청축_199,000"
13320602,PFU HHKB 해피해킹 Professional HYBRID Type-S PD-KB800WS 화이트 영문,"해외구매_385,990","해외구매_385,990"
3243446,QNIX QK-3000U,"3,600","3,600"
3369149,QSENN GP-K5000 실리콘 키스킨,"2,990","2,990"
15406733,QSENN GP-K7000 영문,"블랙_12,670","블랙_12,670"
15055466,QSENN K1000 무선키보드,"블랙, 키스킨 포함_9,900|화이트, 키스킨 포함_9,900|민트, 키스킨 포함_9,900|핑크, 키스킨 포함_9,900","블랙, 키스킨 포함_9,900|화이트, 키스킨 포함_9,900|민트, 키스킨 포함_9,900|핑크, 키스킨 포함_9,900"
15719915,QSENN MK210 무선 키보드 마우스 세트,"블랙, 키스킨 포함_14,800|화이트, 키스킨 포함_14,800|핑크, 키스킨 포함_14,800|민트, 키스킨 포함_14,800|블랙, 키스킨 미포함_14,800|||","블랙, 키스킨 포함_14,800|화이트, 키스킨 포함_14,800|핑크, 키스킨 포함_14,800|민트, 키스킨 포함_14,800|블랙, 키스킨 미포함_14,800|||"
3274953,QSENN SEM-DT35 NEW USB,"블랙_12,400|민트_12,400|핑크_11,790|화이트_12,400","블랙_12,400|민트_12,400|핑크_11,790|화이트_12,400"
19993385,QSENN SEM-DT35W 무선,"블랙_15,790|민트_15,900|핑크_15,900|화이트_15,900","블랙_15,890|민트_15,900|핑크_15,900|화이트_15,900"
12010763,QSENN SEM-DT45S LED Stella,"11,900","11,900"
17040407,QSENN SEM-DT55T LED,"22,800",0
15845864,ROCCAT VULCAN TKL PRO 한글 화이트,"139,000",0
37927055,ROYCHE 디즈니 티거 무선 블루투스,"38,940","38,940"
35805344,ROYCHE 잔망루피 키보드 손목 받침대 2023,"9,900","9,900"
4112515,Razer BlackWidow Chroma 오버워치 에디션,"녹축_126,360","녹축_126,300"
7957945,Razer BlackWidow Lite Stealth US,"블랙, 오렌지축_129,000","블랙, 오렌지축_129,000"
14519933,Razer BlackWidow V3 KR,"녹축_149,000|황축_144,990","녹축_149,000|황축_144,990"
14458727,Razer BlackWidow V3 Mini HyperSpeed KR,"녹축_일시품절|황축_219,000","녹축_일시품절|황축_219,000"
13617902,Razer BlackWidow V3 Pro KR,"녹축_310,000|황축_309,990","녹축_310,000|황축_309,990"
12495716,Razer BlackWidow V3 Pro US,"녹축_310,000","녹축_310,000"
14244248,Razer BlackWidow V3 TKL KR,"녹축_139,000|황축_136,210","녹축_139,000|황축_136,210"
12495356,Razer BlackWidow V3 US,"녹축_190,990","녹축_190,990"
28124966,Razer BlackWidow V4 75% 기계식,"276,790","279,280"
28125020,Razer BlackWidow V4 75% 기계식 화이트,"276,790","283,210"
15169460,Razer Blackwidow V3 Mini HyperSpeed Phantom US,"녹축_289,000|황축_289,000","녹축_289,000|황축_289,000"
28497494,Razer Blackwidow V3 Roblox Edition,"정품_218,990|해외구매_149,300","정품_218,990|해외구매_149,300"
27569933,Razer Blackwidow V4 KR,"239,040","239,030"
27569942,Razer Blackwidow V4 Linear KR,"239,040","239,040"
19109549,Razer Blackwidow V4 Pro KR,"347,440","347,020"
19109573,Razer Blackwidow V4 Pro Linear KR,"정품_344,260|병행수입_428,740","정품_344,180|병행수입_428,740"
19109597,Razer Blackwidow V4 Pro Linear US,"349,000","349,000"
19109588,Razer Blackwidow V4 Pro US,"349,000","349,000"
17685794,Razer DeathStalker V2 Pro Linear KR,"318,980","318,900"
17685806,Razer DeathStalker V2 Pro Linear US,"319,000","319,000"
17839187,Razer DeathStalker V2 Pro TKL Linear KR,"295,250","295,250"
17839301,Razer DeathStalker V2 Pro TKL Linear US,"298,250","298,250"
18497024,Razer DeathStalker V2 Pro TKL Linear White US,"293,010","293,010"
18802031,Razer DeathStalker V2 Pro White US 유무선,"319,000","319,000"
18739907,Razer DeathStalker V2 US,"리니어_268,980","리니어_268,950"
14731214,Razer Ergonomic Wrist Rest,"MINI_29,000|TKL_일시품절","MINI_29,000|TKL_일시품절"
10357521,Razer Ergonomic Wrist Rest Pro,"49,000","49,000"
10357491,Razer Ergonomic Wrist Rest Standard,"27,430","27,430"
9772839,Razer Huntsman Elite US,"클릭_299,000|리니어_299,000","클릭_299,000|리니어_299,000"
12235631,Razer Huntsman Mini US,"블랙, 클릭_159,000|머큐리, 리니어_314,270|머큐리, 클릭_169,000|블랙, 리니어_146,500","블랙, 클릭_159,000|머큐리, 리니어_314,270|머큐리, 클릭_169,000|블랙, 리니어_146,500"
9668085,Razer Huntsman Tournament US,"154,000","154,000"
13569632,Razer Huntsman V2 Analog US,"361,620","361,620"
21625853,Razer Huntsman V2 Battlegrounds Edition,"리니어_269,000","리니어_329,000"
16058669,Razer Huntsman V2 KR,"리니어_205,850|퍼플축_209,250","리니어_205,850|퍼플축_206,260"
15680276,Razer Huntsman V2 TKL KR,"리니어_189,000","리니어_177,660"
15284648,Razer Huntsman V2 TKL US,"리니어_일시품절|퍼플축_199,000","리니어_일시품절|퍼플축_199,000"
15284531,Razer Huntsman V2 US,"리니어_259,000|퍼플축_258,990","리니어_259,000|퍼플축_258,990"
29367731,Razer Huntsman V3 Pro KR,"356,250","356,040"
33387233,Razer Huntsman V3 Pro Mini KR,"264,350","269,000"
29367416,Razer Huntsman V3 Pro Mini US,"269,000","269,000"
29367524,Razer Huntsman V3 Pro TKL KR,"322,420","322,420"
29367581,Razer Huntsman V3 Pro TKL US,"327,310","327,310"
29367683,Razer Huntsman V3 Pro US,"378,540","378,540"
28773296,Razer Mechanical Switches Pack,"그린_34,470|옐로우_35,900|오렌지_34,470","그린_34,470|옐로우_35,900|오렌지_34,470"
11538242,Razer ORNATA V2,"222,400","222,400"
17686100,Razer Ornata V3 KR,"106,250","106,250"
19970087,Razer Ornata V3 TKL KR,"103,840","103,840"
28325009,Razer PBT Keycap Coiled Cable Set,"화이트_79,000|그린_79,000|블랙_79,000|핑크_79,000","화이트_79,000|그린_79,000|블랙_79,000|핑크_79,000"
10357233,Razer PBT Keycap Upgrade Set,"블랙_41,150|그린_42,000|핑크_41,150|화이트_42,000","블랙_41,150|그린_42,000|핑크_41,150|화이트_42,000"
21625907,Razer PUBG Battlegrounds Edition 키보드 마우스 세트 + 헤드셋,"674,100","674,100"
12227084,Razer Pro Type,"199,000","199,000"
16716845,Razer Pro type Ultra KR,"218,980","218,950"
16316537,Razer Pro type Ultra US,"219,000","219,000"
10770513,Razer Tartarus Pro,"클래식 블랙_일시품절|머큐리 화이트_189,000|해외구매_143,000","클래식 블랙_일시품절|머큐리 화이트_189,000|해외구매_143,000"
31473575,SPM AL87A 풀 알루미늄 DIY KIT 기계식,"에보니_79,000|내추럴_79,000","에보니_79,000|내추럴_79,000"
35234018,SPM PL87A PBT 바다소금 기계식,"다크 올리비아_49,900|아이보리_49,900","다크 올리비아_49,900|아이보리_49,900"
32125163,SPM Soulcat 고함량 PBT 염료승화 영문 키캡 142키 쫑긋 고양이,일시품절,일시품절
5875831,TGIC TGC-MK1300S,"6,590","6,590"
20082929,VARMILO MA108 V2 WARRIOR SOAR 무접점,"아이리스축_249,000|로즈축_249,000|바이올렛축_249,000|자스민축_249,000|핑크축_249,000","아이리스축_249,000|로즈축_249,000|바이올렛축_249,000|자스민축_249,000|핑크축_249,000"
13728860,VARMILO MA108M KOI PBT 염료승화 영문,"데이지축_208,990|핑크축_209,000","데이지축_208,990|핑크축_209,000"
13350848,VARMILO MA108M Lovebirds I PBT 염료승화 영문,"핑크축_369,500","핑크축_369,500"
13350923,VARMILO MA108M Lovebirds YOU PBT 염료승화 영문,"로즈축_198,000|핑크축_198,000","로즈축_198,000|핑크축_192,700"
13199999,VARMILO MA108M MOONLIGHT PBT 염료승화 영문,"핑크축_415,000","핑크축_415,000"
15126398,VARMILO MA108M SUMMIT R2 PBT 염료승화 영문,"핑크축_219,000","핑크축_219,000"
20082431,VARMILO MA87 V2 WARRIOR SOAR 무접점,"데이지축_229,000|로즈축_229,000|바이올렛축_229,000|아이리스축_229,000|자스민축_229,000|","데이지축_229,000|로즈축_229,000|바이올렛축_229,000|아이리스축_229,000|자스민축_229,000|"
13728956,VARMILO MA87M KOI PBT 염료승화 영문,"데이지축_198,000|로즈축_197,990|핑크축_196,060","데이지축_198,000|로즈축_197,990|핑크축_195,780"
13350356,VARMILO MA87M Lovebirds I PBT 염료승화 영문,"로즈축_389,000","로즈축_389,000"
13350203,VARMILO MA87M Lovebirds You PBT 염료승화 영문,"로즈축_306,500","로즈축_306,500"
15034571,VARMILO MA87M MOONLIGHT PBT 염료승화 영문,"아이비축_177,990","아이비축_177,990"
15126377,VARMILO MA87M SUMMIT R2 PBT 염료승화 영문,"핑크축_208,000","핑크축_208,000"
29821691,VARMILO MINILO 75 유무선 기계식 레트로 영문,"저소음축_207,990|라이트축_197,990|적축_197,990","저소음축_207,990|라이트축_197,990|적축_197,990"
29821736,VARMILO MINILO 75 유무선 기계식 맨도사 영문,"저소음축_일시품절|라이트축_일시품절|적축_197,990","저소음축_일시품절|라이트축_일시품절|적축_197,990"
29821787,VARMILO MINILO 75 유무선 기계식 블루벨 영문,"저소음축_207,990|라이트축_198,000|적축_197,990","저소음축_207,990|라이트축_198,000|적축_197,990"
29821760,VARMILO MINILO 75 유무선 기계식 유칼리투스 영문,"라이트축_197,990|적축_일시품절","라이트축_197,990|적축_일시품절"
28619048,VARMILO MINILO 75% RGB 유무선 기계식,"해외구매_255,590","해외구매_255,590"
18978827,VARMILO MINILO EUCALYPTUS 유무선 영문,"로즈축_169,000|바이올렛축_169,000|아이리스축_169,000|자스민축_169,000|핑크축_일시품절","로즈축_169,000|바이올렛축_169,000|아이리스축_169,000|자스민축_169,000|핑크축_일시품절"
18991463,VARMILO MINILO MENDOZAE 유무선 영문,"데이지축_169,000|로즈축_169,000|바이올렛축_169,000|아이리스축_169,000|자스민축_169,000|","데이지축_169,000|로즈축_169,000|바이올렛축_169,000|아이리스축_169,000|자스민축_169,000|"
12495089,VARMILO MIYA PRO KOI PBT 염료승화 영문,"갈축_179,000|적축_178,990","갈축_179,000|적축_178,990"
5829362,VARMILO MIYA PRO PBT 매화 컬렉션 염료승화 영문,"갈축_138,000","갈축_138,000"
37479950,VARMILO SWORD68 라일락 유무선,"해외구매_288,990","해외구매_288,990"
37482470,VARMILO SWORD68 블랙 유무선,"해외구매_289,000","해외구매_289,000"
37484036,VARMILO SWORD68 아리엘 유무선,"해외구매_308,990","해외구매_308,990"
13734128,VARMILO VA108M Lovebirds I PBT 염료승화 영문,저소음 적축_일시품절,0
13733990,VARMILO VA108M Lovebirds YOU PBT 염료승화 영문,"저소음 적축_208,050","저소음 적축_208,050"
14039546,VARMILO VA108M SUMMIT R2 PBT 염료승화 영문,"갈축_209,000|적축_208,980",0
14039525,VARMILO VA108M SUMMIT R2 PBT 염료승화 영문,0,"갈축_209,000|적축_208,870"
17572766,VARMILO VA108M V2 Dreams on Board PBT 염료승화 한글,갈축_일시품절|저소음 적축_일시품절,갈축_일시품절|저소음 적축_일시품절
16894562,VARMILO VA108M V2 SUMMIT R2 PBT 염료승화 영문,"적축_299,000","적축_299,000"
28184024,VARMILO VA108M V2 SUMMIT 기계식,"저소음 적축_229,000","저소음 적축_229,000"
16894199,VARMILO VA108M V2 다크 그레이 PBT 염료승화 한글,갈축_일시품절|적축_일시품절,갈축_일시품절|적축_일시품절
16874423,VARMILO VA108Mac V2 밀키 화이트 PBT 염료승화 영문,"갈축_179,000|적축_일시품절","갈축_179,000|적축_일시품절"
13882346,VARMILO VA87M Beijing Opera 염료승화 영문,"적축_198,000","적축_198,000"
9639465,VARMILO VA87M KOI PBT 염료승화 영문,"갈축_189,000|적축_177,720","갈축_189,000|적축_177,710"
15835511,VARMILO VA87M Lovebirds I PBT 염료승화 영문,"저소음 적축_219,000","저소음 적축_219,000"
15835523,VARMILO VA87M Lovebirds YOU PBT 염료승화 영문,"저소음 적축_218,990","저소음 적축_218,990"
12137576,VARMILO VA87M MONOGRAY PBT 염료승화 한글,"갈축_168,000|적축_167,990","갈축_168,000|적축_167,990"
14963873,VARMILO VA87M MOONLIGHT PBT 염료승화 영문,"갈축_177,990","갈축_177,990"
14039435,VARMILO VA87M SUMMIT R2 PBT 염료승화 영문,"갈축_198,000|저소음 적축_208,390|적축_198,000","갈축_198,000|저소음 적축_208,390|적축_198,000"
17572631,VARMILO VA87M V2 Dreams on Board PBT 염료승화 한글,갈축_일시품절,갈축_일시품절
20260487,VARMILO VA87M V2 MOONLIGHT 한글,"갈축_179,000|적축_179,000","갈축_179,000|적축_179,000"
17632271,VARMILO VA87M V2 PANDA R2 PBT 염료승화 영문,저소음 적축_일시품절,저소음 적축_일시품절
16841807,VARMILO VA87M V2 SEA MELODY PBT 염료승화 한글,저소음 적축_일시품절,저소음 적축_일시품절
16894109,VARMILO VA87M V2 다크 그레이 PBT 염료승화 한글,"갈축_239,900|적축_일시품절","갈축_239,900|적축_일시품절"
16893761,VARMILO VA87M V2 다크믹스 PBT 염료승화 한글,"갈축_159,000|적축_159,000","갈축_159,000|적축_159,000"
16855271,VARMILO VA87M V2 매화 컬렉션 PBT 염료승화 한글,"갈축_308,500","갈축_308,500"
18384728,VARMILO VA87M V2 매화 컬렉션 R2 PBT 염료승화 한글,갈축_일시품절,갈축_일시품절
11823049,VARMILO VA87M 다크믹스 RE PBT 염료승화 한글,저소음 적축_일시품절,저소음 적축_일시품절
11500461,VARMILO VA87M 매화 컬렉션 PBT 염료승화 한글,"갈축_273,100|저소음 적축_264,990","갈축_273,100|저소음 적축_264,990"
16873304,VARMILO VA87Mac V2 밀키 화이트 PBT 염료승화 영문,"갈축_169,000|적축_169,000","갈축_169,000|적축_169,000"
14012858,VARMILO X ZOMO 고양이 발바닥 ABS 키캡,"고등어냥_18,890|샴냥_18,900","고등어냥_18,890|샴냥_18,900"
37825865,VGN V87 유무선 기계식 해외구매,"옵션선택구성_45,000|동력은축_36,890|딸기푸딩축_48,490|아니아축_99,600","옵션선택구성_45,000|동력은축_36,890|딸기푸딩축_48,490|아니아축_99,600"
36835760,VGN V98 PRO 유무선 기계식 해외구매,"옵션선택구성_64,320|박스 아이스크림축_154,400|블루베리 아이스크림축_91,400|스팀 웨이브 프로축_58,117|아이스베리 아이스크림축_89,600|||","옵션선택구성_64,320|박스 아이스크림축_154,400|블루베리 아이스크림축_91,400|스팀 웨이브 프로축_58,117|아이스베리 아이스크림축_89,600|||"
32079722,VGN VXE75 유무선 기계식 해외구매,"옵션선택구성_77,480|아니아축_67,920|아이스베리축_111,890|청해호축_93,280","옵션선택구성_77,480|아니아축_67,920|아이스베리축_111,890|청해호축_93,280"
32131220,VXE ATK68,"해외구매_94,350","해외구매_91,790"
37925834,WEIKAV 숲의 요정 테마 시리즈 키캡 150Pcs,"19,900","19,900"
31473689,WOB RAINY75 유무선 해외구매,"옵션선택구성_134,110|WOB축_216,380|바이올렛축_208,090","옵션선택구성_134,110|WOB축_216,380|바이올렛축_208,090"
20607614,Wooting 60HE,"해외구매_301,200","해외구매_301,200"
37925870,XINMENG A66 유무선 기계식,"해외구매_44,900","해외구매_44,900"
27696722,XINMENG M71 유무선 기계식 해외구매,"옵션선택구성_59,430|그린축_50,500|블루레드축_61,900|화이트축_43,500","옵션선택구성_59,430|그린축_50,500|블루레드축_61,900|화이트축_43,500"
37226015,XINMENG M87 PRO 기계식,"해외구매_15,500","해외구매_15,500"
37226177,XINMENG M87 PRO 유무선 기계식,"해외구매_24,500","해외구매_24,500"
36580487,XINMENG M87 기계식 해외구매,"옵션선택구성_26,480|백옥축_34,890|오매자축_34,500","옵션선택구성_26,480|백옥축_34,890|오매자축_34,500"
36593894,XINMENG M87 유무선 기계식,"해외구매_46,870","해외구매_46,870"
37925906,XINMENG N520 무선 키보드 마우스 세트,"해외구매_17,634","해외구매_17,634"
37929770,XINMENG X98 Pro 기계식 해외구매,"옵션선택구성_32,930|그린축_39,530|백옥축_31,740|슈퍼맨축_46,460|오매자축_38,480","옵션선택구성_32,930|그린축_39,530|백옥축_31,740|슈퍼맨축_46,460|오매자축_38,480"
37929920,XINMENG X98 Pro 유무선 기계식,"해외구매_40,990","해외구매_40,990"
37929044,XUNFOX K820 키보드 마우스 세트,"해외구매_17,150","해외구매_17,150"
37926608,YUNZII C68 유무선 기계식,"해외구매_53,200","해외구매_53,200"
32862488,darkFlash CK104 무선 기계식 키보드 마우스 세트 블랙,"청축_33,540|적축_33,540","청축_33,540|적축_33,540"
32862503,darkFlash CK104 무선 기계식 키보드 마우스 세트 화이트,"청축_33,540|적축_33,540","청축_33,540|적축_33,540"
20128619,darkFlash GD100 유무선 기계식 밀크 브라운,"황축_36,450","황축_36,450"
28449845,darkFlash GD100 유무선 기계식 별빛 파랑,"황축_37,680","황축_37,680"
20128646,darkFlash GD100 유무선 기계식 흑설탕,"황축_36,450","황축_36,450"
33386177,darkFlash GD100 유무선 기계식 히아신스,"황축_35,310","황축_35,310"
21470327,darkFlash GD108 유무선 기계식 밀크 브라운,"황축_57,680","황축_57,680"
21470333,darkFlash GD108 유무선 기계식 별빛 파랑,"황축_57,670","황축_57,670"
21470318,darkFlash GD108 유무선 기계식 흑설탕,"황축_57,680","황축_57,680"
33386147,darkFlash GD108 유무선 기계식 히아신스,"황축_53,500","황축_53,500"
28889486,darkFlash GD68 유무선 기계식 별빛 파랑,"42,690","42,690"
28889495,darkFlash GD68 유무선 기계식 흑설탕,"42,690","42,690"
28649996,darkFlash GD87 유무선 기계식 별빛 파랑,"황축_36,620","황축_36,620"
28650263,darkFlash GD87 유무선 기계식 흑설탕,"황축_36,840","황축_36,840"
1394973,i-rocks IRK01W X-Slim,"블랙_28,250|실버_29,230|화이트_28,250|핑크_29,250","블랙_28,250|실버_29,240|화이트_28,230|핑크_29,250"
5083253,i-rocks IRK25RP 2017,"블랙_49,000|화이트_51,470","블랙_49,000|화이트_51,470"
37925711,iFLYTEK K310,"해외구매_44,900","해외구매_44,900"
38454860,keyverse INFI75 유무선 기계식,"해외구매_113,750","해외구매_124,990"
37932266,강원전자 NETmate NM-KB03,"4,400","4,400"
37932305,강원전자 NETmate NM-KMS02 키보드 마우스 세트,"5,890","5,890"
6397616,갤럭시 XANOVA MAGNETAR RGB 기계식 키보드,"갈축_111,000","갈축_111,000"
6423252,갤럭시 XANOVA 한영 ABS 104 키캡,"7,900","7,900"
16297799,갤럭시 갤라즈 GALAX EX-03 게이밍 기계식 키보드,"34,890","34,890"
37487123,그루브스톤 GS104 표준윤활 라벤더,"하늬축_가격비교예정|너울축_가격비교예정|저소음 너울축_가격비교예정|저소음 하늬축_가격비교예정|청축_129,000","하늬축_가격비교예정|너울축_가격비교예정|저소음 너울축_가격비교예정|저소음 하늬축_가격비교예정|청축_129,000"
37345241,그루브스톤 GS104 표준윤활 라이트,"하늬축_가격비교예정|너울축_가격비교예정|저소음 너울축_가격비교예정|저소음 하늬축_가격비교예정|청축_129,000","하늬축_가격비교예정|너울축_가격비교예정|저소음 너울축_가격비교예정|저소음 하늬축_가격비교예정|청축_129,000"
37479902,그루브스톤 GS104 표준윤활 민들레,"하늬축_가격비교예정|너울축_가격비교예정|저소음 너울축_가격비교예정|저소음 하늬축_가격비교예정|청축_129,000","하늬축_가격비교예정|너울축_가격비교예정|저소음 너울축_가격비교예정|저소음 하늬축_가격비교예정|청축_129,000"
37481411,그루브스톤 GS104 표준윤활 스카이,"하늬축_가격비교예정|너울축_가격비교예정|저소음 너울축_가격비교예정|저소음 하늬축_가격비교예정|청축_129,000","하늬축_가격비교예정|너울축_가격비교예정|저소음 너울축_가격비교예정|저소음 하늬축_가격비교예정|청축_129,000"
37479848,그루브스톤 GS85 표준윤활 라벤더,"하늬축_가격비교예정|너울축_가격비교예정|저소음 너울축_가격비교예정|저소음 하늬축_가격비교예정|청축_119,000","하늬축_가격비교예정|너울축_가격비교예정|저소음 너울축_가격비교예정|저소음 하늬축_가격비교예정|청축_119,000"
36201527,그루브스톤 GS85 표준윤활 라이트,"하늬축_가격비교예정|너울축_가격비교예정|저소음 너울축_가격비교예정|저소음 하늬축_가격비교예정|청축_119,000","하늬축_가격비교예정|너울축_가격비교예정|저소음 너울축_가격비교예정|저소음 하늬축_가격비교예정|청축_119,000"
37479545,그루브스톤 GS85 표준윤활 민들레,"하늬축_가격비교예정|너울축_가격비교예정|저소음 너울축_가격비교예정|저소음 하늬축_가격비교예정|청축_119,000","하늬축_가격비교예정|너울축_가격비교예정|저소음 너울축_가격비교예정|저소음 하늬축_가격비교예정|청축_119,000"
37479641,그루브스톤 GS85 표준윤활 스카이,하늬축_가격비교예정|너울축_가격비교예정|저소음 너울축_가격비교예정|저소음 하늬축_가격비교예정|청축_가격비교예정,하늬축_가격비교예정|너울축_가격비교예정|저소음 너울축_가격비교예정|저소음 하늬축_가격비교예정|청축_가격비교예정
17345069,글로리어스 AURA KEYCAPS V2,"블랙_35,630|핑크_35,630|화이트_35,630","블랙_35,630|핑크_35,630|화이트_35,630"
18438824,글로리어스 FOX 사전 윤활 스위치 세트,"109,000","109,000"
19184264,글로리어스 GMMK NUMPAD 골드 뱃지,"17,900","17,900"
19184390,글로리어스 GMMK NUMPAD 상판 프레임,"E-WHITE_80,000|NAVY BLUE_80,000","E-WHITE_80,000|NAVY BLUE_80,000"
19184477,글로리어스 GMMK NUMPAD 스위치 보강판,"폴리카보네이트_20,000|황동_50,000","폴리카보네이트_20,000|황동_50,000"
19184561,글로리어스 GMMK NUMPAD 슬라이더,"BLACK SLATE_18,590|E-WHITE_17,890|NAVY BLUE_16,290|PRISM PINK_17,890","BLACK SLATE_18,590|E-WHITE_17,890|NAVY BLUE_16,290|PRISM PINK_17,890"
18436559,글로리어스 GMMK NUMPAD 유무선,"화이트_128,800|블랙_128,800","화이트_128,800|블랙_128,800"
17532062,글로리어스 GMMK PRO PreBuilt,"391,200","391,200"
17840324,글로리어스 GMMK PRO 베어본 커스텀 키보드,"블랙_191,200|화이트_191,200","블랙_191,200|화이트_191,200"
17847689,글로리어스 GMMK PRO 볼륨 노브,"AQUA BLUE_14,900|E-WHITE_14,900|GOLDEN YELLOW_14,900|NAVY BLUE_14,900|PRISM PINK_14,900","AQUA BLUE_14,900|E-WHITE_14,900|GOLDEN YELLOW_14,900|NAVY BLUE_14,900|PRISM PINK_14,900"
17820773,글로리어스 GMMK PRO 상판,"WHITE_58,800|AQUA BLUE_58,800|FOREST GREEN_58,800|GOLDEN YELLOW_58,800|NAVY BLUE_58,800|","WHITE_58,800|AQUA BLUE_58,800|FOREST GREEN_58,800|GOLDEN YELLOW_58,800|NAVY BLUE_58,800|"
17847749,글로리어스 GMMK PRO 스위치 보강판,"황동_51,800|폴리카보네이트_20,930","황동_51,800|폴리카보네이트_20,930"
17181068,글로리어스 GMMK2 65% Prebuilt 기계식 키보드,"블랙_118,300|화이트_118,300|핑크_118,300","블랙_118,300|화이트_118,300|핑크_118,300"
17180168,글로리어스 GMMK2 65% 베어본 커스텀 키보드,"블랙_79,800|화이트_79,800|핑크_79,800",0
17180156,글로리어스 GMMK2 65% 베어본 커스텀 키보드,0,"블랙_79,800|화이트_79,800|핑크_79,800"
17181212,글로리어스 GMMK2 96% Prebuilt 기계식 키보드,"블랙_118,300|핑크_118,300|화이트_118,300","블랙_118,300|핑크_118,300|화이트_118,300"
17180462,글로리어스 GMMK2 96% 베어본 커스텀 키보드,"블랙_79,800|화이트_79,800|핑크_79,800","블랙_79,800|화이트_79,800|핑크_79,800"
17805494,글로리어스 GPBT CELESTIAL 키캡 세트,"ICE_97,300|Fire_97,300","ICE_97,300|Fire_97,300"
29312291,글로리어스 GPBT GRAPEFRUIT 키캡 세트,"44,890","44,890"
17841071,글로리어스 GPBT 키캡 세트,"NEBULA_48,930|BLACK_48,300|OCEAN BLUE_48,930|OLIVE_48,930|PASTEL_48,930||","NEBULA_48,930|BLACK_48,300|OCEAN BLUE_48,930|OLIVE_48,930|PASTEL_48,930||"
15400751,글로리어스 KEYBOARD CARRYING CASE,일시품절,일시품절
15169571,글로리어스 LYNX 스위치,"36개_34,900","36개_34,900"
15173192,글로리어스 LYNX 스위치 사전윤활,"36개_52,900","36개_52,900"
15067220,글로리어스 PANDA 스위치,"36개_34,900","36개_34,900"
17535434,글로리어스 PANDA 스위치 사전 윤활,"36개_52,900","36개_52,900"
27863762,글로리어스 POLYCHROMA RGB 키캡 세트,"59,900","59,900"
27689453,글로리어스 RAPTOR 스위치 사전 윤활 36pcs,"52,900","52,900"
17848106,글로리어스 스위치 윤활 키트,"108,990","108,990"
18439139,글로리어스 키보드 매트,"12,930","12,930"
17820932,글로리어스 키보드 클리닝 키트,"15,890","15,890"
17848028,글로리어스 키캡 리무버,"16,870","16,870"
32067827,다얼유 A104 PRO 8K 기계식,"정품_일시품절|해외구매_132,820","정품_일시품절|해외구매_132,820"
19724627,다얼유 A104 PRO 유무선 기계식,"아이스블루_158,990|레트로베이지_169,000|스모키블루_169,000|알루비얼골드_158,990","아이스블루_158,990|레트로베이지_169,000|스모키블루_169,000|알루비얼골드_158,990"
35393378,다얼유 A87 PRO 8K 기계식,레트로베이지_일시품절|아이스블루_일시품절|알루비얼골드_일시품절,레트로베이지_일시품절|아이스블루_일시품절|알루비얼골드_일시품절
33361691,다얼유 A87 PRO LCD 유무선 기계식 아이스블루,"스노우축_128,990|스카이축_118,990|저소음머스타드축_128,990|저소음오크축_128,990","스노우축_128,990|스카이축_118,990|저소음머스타드축_128,990|저소음오크축_128,990"
28854992,다얼유 DK750 PLUS,"47,000","47,000"
3812779,대양케이스 LimitDK 3Color 플런져 게이밍 키보드,"20,480","20,450"
35806649,데이비드테크 엔보우 N패드 플립,"42,900","42,900"
36789545,레드빈 더베러 A1 유무선 기계식,"적축_88,050|라임축_101,600|피치축_101,600","적축_89,000|라임축_101,600|피치축_101,600"
15353501,레오폴드 FC750RBT PD 그레이 블루 한글,"청축_144,460|갈축_163,800|적축_144,460|저소음 적축_145,540","청축_144,460|갈축_163,800|적축_144,460|저소음 적축_145,540"
16093649,레오폴드 FC750RBT PD 화이트 투톤 한글,0,"청축_145,000|갈축_144,460|적축_143,310|저소음 적축_145,680"
30231641,레오폴드 FC900RBT MX2A 코랄 블루 한글,"청축_177,570|갈축_177,570|저소음 적축_180,030|적축_177,570|흑축_201,090","청축_177,570|갈축_177,570|저소음 적축_179,990|적축_177,570|흑축_201,090"
15448637,레오폴드 FC900RBT PD 그라파이트 화이트 한글,"청축_146,500|적축_145,290|저소음 적축_147,430","청축_146,500|적축_145,230|저소음 적축_147,430"
15414833,레오폴드 FC900RBT PD 그레이 블루 한글,"청축_146,490|갈축_199,490|적축_165,500|저소음 적축_148,950","청축_146,490|갈축_199,490|적축_165,500|저소음 적축_148,950"
16167902,레오폴드 FC900RBT PD 화이트 투톤 한글,"청축_146,500|갈축_224,000|적축_143,350|저소음 적축_147,260","청축_146,500|갈축_224,000|적축_143,350|저소음 적축_147,260"
13069379,로지텍 ERGO K860,"병행수입_137,690|비공식유통_154,700|해외구매_112,500","병행수입_137,690|비공식유통_154,700|해외구매_112,440"
13479911,로지텍 ERGO K860 (정품),"189,000","189,000"
18630698,로지텍 ERGO K860 + LIFT,"그라파이트_242,460|로즈핑크_249,980|페일그레이_248,560","그라파이트_242,430|로즈핑크_249,980|페일그레이_248,560"
28365206,로지텍 G PRO X TKL (정품),"화이트_266,260|블랙_266,260|핑크_266,340","화이트_266,250|블랙_266,250|핑크_266,250"
16396631,로지텍 G413 SE (정품),"78,130","78,130"
30329492,로지텍 G413 TKL SE,"비공식유통_171,310|병행수입_54,570","비공식유통_171,310|병행수입_54,560"
16396439,로지텍 G413 TKL SE (정품),"70,650","70,460"
17640461,로지텍 G713 TKL 오로라 컬렉션 (정품),"택타일_169,000|리니어_169,000","택타일_169,000|리니어_169,000"
17640476,로지텍 G715 TKL 무선 오로라 컬렉션 (정품),"택타일_189,000|리니어_189,000","택타일_189,000|리니어_189,000"
11816080,로지텍 G913 TKL (정품),"블랙, 택타일_191,030|블랙, 리니어_194,390|블랙, 클릭키_194,390|화이트, 택타일_193,210","블랙, 택타일_191,030|블랙, 리니어_194,690|블랙, 클릭키_194,330|화이트, 택타일_193,210"
1725597,로지텍 K120 + B100 (정품),"15,720",0
13729361,로지텍 K120 New,"병행수입_9,140|비공식유통_9,850","병행수입_9,030|비공식유통_9,850"
1581153,로지텍 K120 New (정품),"9,490","9,460"
5942386,로지텍 K120 New + M100R 블랙 (정품),"18,990","18,990"
1992976,로지텍 K120 New + M90 (정품),"14,640","14,640"
13730018,로지텍 K120 New 키스킨,"1,140","1,140"
1433300,로지텍 K270 (정품),"28,610","27,200"
3354146,로지텍 K270 / MK270R / MK260R 전용 키스킨,0,"1,360"
3427959,로지텍 K380 키스킨미포함 (정품),"그레이_36,140|화이트_34,900|샌드_39,400|라벤더_36,910|블루_38,330|","그레이_36,140|화이트_34,900|샌드_39,400|라벤더_36,910|블루_38,330|"
28555004,로지텍 K380S (정품),"스모키블랙_37,110|더스티로즈_37,100|도브화이트_37,100","스모키블랙_37,100|더스티로즈_37,100|도브화이트_37,100"
9246237,로지텍 K580 (정품),"그라파이트_59,890|오프화이트_59,900","그라파이트_59,890|오프화이트_58,110"
1677001,로지텍 MK200 NEW (정품),"18,880","18,890"
5319001,로지텍 MK235,"해외구매_18,680|병행수입_18,680|비공식유통_23,600","해외구매_18,680|병행수입_18,680|비공식유통_23,540"
3798967,로지텍 MK235 (정품),"키스킨 미포함_23,230|키스킨 포함_25,870","키스킨 미포함_23,230|키스킨 포함_25,870"
4363933,로지텍 MK240 NANO (정품),"블랙_28,180|화이트_29,900","블랙_28,150|화이트_29,900"
2541329,로지텍 MK270r (정품),"키스킨 미포함_30,900|키스킨 포함_37,990","키스킨 미포함_30,900|키스킨 포함_37,990"
4340134,로지텍 MK275 (정품),"30,190","30,190"
12552761,로지텍 MK295 SILENT (정품),"블랙_38,120|화이트_37,370","블랙_38,120|화이트_37,360"
2904153,로지텍 MK345 (정품),"37,860","37,860"
8416011,로지텍 MK470 Slim (정품),"블랙_67,140|핑크_69,890|화이트_67,130","블랙_67,140|핑크_69,890|화이트_67,070"
5972582,로지텍 MK545 (정품),"62,900","62,900"
5147612,로지텍 MK850 (정품),"98,890","98,890"
9904098,로지텍 MX KEYS,"해외구매_90,070|병행수입_97,350|비공식유통_174,990","해외구매_91,540|병행수입_97,350|비공식유통_174,990"
9523836,로지텍 MX KEYS (정품),"139,070","139,070"
20769566,로지텍 MX KEYS light pack (정품),"118,990","118,990"
20437697,로지텍 MX Keys S (정품),"그라파이트_141,560|페일그레이_142,590","그라파이트_141,500|페일그레이_141,500"
20437769,로지텍 MX Keys S COMBO,"정품_298,330|해외구매_218,740","정품_286,710|해외구매_218,740"
17171387,로지텍 MX Mechanical (정품),"갈축_178,210","갈축_178,080"
17170784,로지텍 MX Mechanical Mini (정품),"갈축_139,910","갈축_139,910"
29753624,로지텍 Pebble 2 Combo 무선 키보드 마우스 세트,"정품_60,350|병행수입_58,440","정품_60,350|병행수입_58,440"
28926971,로지텍 Wave Keys,"해외구매_68,460","해외구매_68,460"
29915825,로지텍 Wave Keys (정품),"오프화이트_89,000|그라파이트_89,000","오프화이트_89,000|그라파이트_80,100"
16156538,로지텍 mx keys mini,0,"해외 구매_85,200|병행 수입_92,870|비공식유통_149,000"
16151342,로지텍 mx keys mini (정품),"그라파이트_117,600|로즈핑크_117,600|페일그레이_128,980","그라파이트_117,600|로즈핑크_117,600|페일그레이_128,890"
17745347,로지텍 시그니처 K650 (정품),"그라파이트_49,980|오프화이트_49,980","그라파이트_49,980|오프화이트_49,980"
17431472,로지텍 시그니처 K855 무선 키보드,"해외구매_66,990|병행수입_85,000|비공식유통_89,100","해외구매_66,990|병행수입_85,000|비공식유통_89,100"
17310608,로지텍 시그니처 K855 무선 키보드 (정품),"그라파이트_92,070|로즈핑크_97,900|블루그레이_97,900|오프화이트_97,690","그라파이트_92,070|로즈핑크_97,900|블루그레이_97,900|오프화이트_97,690"
17763857,로지텍 시그니처 MK650 (정품),"그라파이트_79,890|오프화이트_79,890","그라파이트_79,890|오프화이트_79,890"
11748392,마이크로닉스 CPK-1 큰글씨 한글키보드,"13,910","13,910"
32464331,마이크로닉스 EX580 크리스탈 파스텔 광축,"블루 화이트_66,990|블루 핑크_66,410",0
32464430,마이크로닉스 EX580 크리스탈 파스텔 광축,0,"블루 화이트_66,990|블루 핑크_66,410"
6567821,마이크로닉스 GANSS ALT-71 CNC 풀알루미늄 분리형 키보드,"저소음 적축_279,000","저소음 적축_279,000"
15386783,마이크로닉스 MANIC EX580 광축 크리스탈 게이밍 키보드,"파스텔블루, 핑크_일시품절","파스텔블루, 핑크_일시품절"
17188985,마이크로닉스 MANIC EX580L 게이밍 기계식 키보드,"블랙, 청축_33,900|블랙, 갈축_33,900|블랙, 적축_33,900|화이트, 청축_33,290|화이트, 갈축_33,190|","블랙, 청축_33,900|블랙, 갈축_33,900|블랙, 적축_33,900|화이트, 청축_33,290|화이트, 갈축_33,190|"
12866255,마이크로닉스 MANIC EX89 텐키리스PRO 게이밍기계식 RGB,"청축_42,330|갈축_42,330|적축_49,800","청축_49,800|갈축_49,800|적축_49,800"
14107556,마이크로닉스 MANIC GK170 키보드 마우스 세트,"17,000","17,000"
13101569,마이크로닉스 MANIC GS260 LED 게이밍 키보드 마우스 세트,"28,430","28,430"
13611080,마이크로닉스 MANIC K1400 유선 키보드,"9,720","9,720"
6150422,마이크로닉스 MANIC K160 키보드 마우스 무선 합본,"스카이 블루_16,500|블랙_16,500|인디 핑크_12,900","스카이 블루_16,500|블랙_16,500|인디 핑크_12,900"
16493378,마이크로닉스 MANIC K350 맥호환 알루미늄 저소음 펜타그래프 키보드,"블랙 그레이_67,000|화이트 실버_67,000","블랙 그레이_67,000|화이트 실버_67,000"
6308820,마이크로닉스 MANIC K61 RGB 미니 블루투스 카일박스축,"블랙, 적축_69,800|블랙, 백축_128,200|화이트, 적축_69,800|화이트, 백축_86,000","블랙, 적축_69,800|블랙, 백축_128,200|화이트, 적축_69,800|화이트, 백축_86,000"
6244499,마이크로닉스 MANIC K940 RGB 초슬림 기계식 카일 초콜릿축,"백축_98,620|적축_98,620","백축_98,620|적축_98,620"
6948109,마이크로닉스 MANIC KM110 유선 키보드 마우스 합본,"22,480","22,480"
13483409,마이크로닉스 MANIC KM150 유선 키보드 마우스 합본,"15,900","15,900"
7955509,마이크로닉스 MANIC KM220 유선 게이밍 키보드 마우스 합본,"50,860","50,860"
9615873,마이크로닉스 MANIC KM220PLUS 유선 게이밍 키보드 마우스 합본,일시품절,일시품절
9585567,마이크로닉스 MANIC KM330 무선 슬림 키보드 마우스 합본,"블랙_23,100|민트_13,900|코발트블루_23,260|핑크_13,900","블랙_23,100|민트_13,900|코발트블루_23,260|핑크_13,900"
12125087,마이크로닉스 MANIC KM530 무선 슬림 무소음 키보드 마우스 합본,"블랙_16,830|핑크_16,600|화이트_16,830","블랙_19,800|핑크_16,600|화이트_19,800"
17338148,마이크로닉스 MANIC KM630W 무선 키보드 마우스 세트,"블랙_23,490|화이트_23,370","블랙_23,490|화이트_23,360"
15452261,마이크로닉스 MANIC PAMPAM 우드 팜레스트,"104키_22,100|89키_16,580","104키_26,000|89키_19,500"
9473790,마이크로닉스 MANIC PAMPAM 팜레스트 키보드 손목받침대,"8,820","8,500"
13263044,마이크로닉스 MANIC X240 LED 게이밍 기계식 키보드,"청축_29,900|갈축_29,900|적축_29,900","청축_29,900|갈축_29,900|적축_29,900"
12085406,마이크로닉스 MANIC X280 마닉축 엣지 LED 기계식 키보드,"청축_37,000|적축_36,990","청축_37,000|적축_36,990"
9595146,마이크로닉스 MANIC X30 마닉축 기계식 키보드,"청축_63,760|갈축_50,390|적축_63,760","청축_63,760|갈축_50,390|적축_63,760"
12085178,마이크로닉스 MANIC X300 마닉축 엣지 RGB 기계식 키보드,"청축_42,900|적축_84,330","청축_42,900|적축_84,330"
9893076,마이크로닉스 MANIC X38 4세대 광축 IPX8 완전방수 게이밍,"41,790","41,790"
7705261,마이크로닉스 MANIC X40 4세대 광축 완전방수 게이밍,"화이트_72,760","화이트_72,760"
18515912,마이크로닉스 MANIC X40P 4세대 광축 완전방수 PBT,"블랙_57,300","블랙_57,300"
8901842,마이크로닉스 MANIC X48 4세대 광축 완전방수 게이밍 크리스탈키캡,"민트 민트_46,700|민트 화이트_일시품절|레드 핑크_46,700|레드 화이트_45,600|블랙 화이트_일시품절|","민트 민트_46,700|민트 화이트_일시품절|레드 핑크_46,700|레드 화이트_45,600|블랙 화이트_일시품절|"
9892773,마이크로닉스 MANIC X50 4세대 광축 완전방수 PBT 게이밍 키보드,"블랙 레드_54,320|네이비 그레이_54,320|네이비 스카이블루_54,320|화이트 화이트_53,900","블랙 레드_59,900|네이비 그레이_63,900|네이비 스카이블루_63,900|화이트 화이트_53,900"
15394361,마이크로닉스 MANIC ZK7 엣지 레인보우 LED 축교환 기계식 키보드,"청축_58,900|갈축_68,640","청축_58,900|갈축_68,640"
14761970,마이크로닉스 MECHA ZK-1 RGB 게이밍 기계식 키보드,"갈축_96,100|적축_88,040|백축_127,560","갈축_96,100|적축_88,010|백축_127,560"
14858900,마이크로닉스 MORPH MK-1 마닉축 RGB 게이밍 기계식 키보드,"청축_49,890|갈축_49,890|적축_88,900","청축_49,890|갈축_49,890|적축_88,900"
14761205,마이크로닉스 WARP WK-1 마닉축 RGB 게이밍 기계식 키보드 블랙,"청축_64,990|갈축_60,890|적축_64,990","청축_64,990|갈축_60,890|적축_64,990"
14761253,마이크로닉스 WARP WK-1 마닉축 RGB 게이밍 기계식 키보드 화이트,"청축_51,830|갈축_60,890|적축_60,890","청축_51,830|갈축_60,890|적축_60,890"
18460013,마이크로닉스 WIZMAX W101P 4세대 광축 완전방수 PBT,"스카이 블루_64,900|애쉬 핑크_64,900|피코크 그린_64,890","스카이 블루_64,900|애쉬 핑크_64,900|피코크 그린_64,890"
31374107,마이크로닉스 WIZMAX W85TKL 유무선 기계식 영문,"115,880","115,880"
31374032,마이크로닉스 WIZMAX W85TKL 유무선 기계식 한글,"115,880","115,880"
17580434,마이크로닉스 ZOMO 크리스탈 냥냥젤리 포인트 키캡,"19,500","19,500"
17307470,마이크로닉스 iWORKS 민트 에디션 기계식 키보드 마우스 키캡 세트,"적축_52,420","적축_52,420"
16301705,마이크로닉스 iWORKS 퍼플 에디션 기계식 키보드 마우스 키캡 세트,"적축_55,200","적축_55,200"
17958569,마이크로닉스 메카 ZK1 마닉축 RGB 기계식 키보드,"갈축_89,000","갈축_89,000"
16362119,마이크로닉스 메카 ZK2 마닉축 RGB 게이밍 기계식 키보드,"청축_73,790|갈축_73,790|적축_85,900","청축_73,790|갈축_73,790|적축_85,900"
16331504,마이크로닉스 워프 WK2 마닉축 RGB 게이밍 기계식 키보드,"청축_69,890|갈축_69,890|적축_69,890","청축_69,890|갈축_69,890|적축_69,890"
16332071,마이크로닉스 워프 WK3 마닉축 블루투스 RGB 텐키리스 게이밍 기계식 키보드,"청축_93,680|갈축_93,680|적축_108,990","청축_93,680|갈축_93,680|적축_108,990"
16335209,마이크로닉스 워프 WK4 마닉축 RGB 텐키리스 게이밍 기계식 키보드,"청축_61,990|갈축_53,020|적축_61,990",0
16335257,마이크로닉스 워프 WK4 마닉축 RGB 텐키리스 게이밍 기계식 키보드,0,"청축_61,990|갈축_53,020|적축_61,990"
12332198,몬스타 MK16BT 체리 블루투스 5.0 기계식 키보드,"갈축_85,710|적축_69,000","갈축_85,710|적축_69,000"
13385852,몬스타 MK87 블랙 게이밍 기계식 키보드,"갈축_39,900|적축_39,900","갈축_39,900|적축_39,900"
15698084,몬스타 닌자87BT 화이트 블루투스 키보드 체리,"흑축_99,000","흑축_99,000"
5818348,몬스타 데빌스킬 GK104DJ 리듬게임 RGB 게이밍,"19,990","19,990"
6102417,몬스타 데빌스킬 GUTS 프로게이밍 카일박스축 사이드 풀RGB PBT 방수방진,"백축_99,000","백축_99,000"
5872811,몬스타 데빌스킬 MK108GOD 퀵스왑 축교체 커스텀 키보드,"청축_35,000","청축_35,000"
19299425,몬스타 몬스타기어 GK104 클래식,"14,990","14,990"
20352815,몬스타 몬스타기어 Haimu 바다소금 스위치 10pcs,"2,240","2,240"
20353943,몬스타 몬스타기어 Haimu 발해블루 스위치 10pcs,"2,470","2,470"
20355374,몬스타 몬스타기어 KTT 강백축V3 스위치 10pcs,"2,500","2,500"
14140538,몬스타 몬스타기어 MGT SOS 키보드 스위치 오프너,"블랙_8,900|실버_8,900","블랙_8,900|실버_8,900"
18369869,몬스타 몬스타기어 MK308 수제풀윤활 광축 커스텀 키보드,"흑임자라떼, 갈축_149,000|쑥인절미, 갈축_155,500","흑임자라떼, 갈축_149,000|쑥인절미, 갈축_155,500"
18369896,몬스타 몬스타기어 MK308 풀윤활 광축 커스텀 키보드,"흑임자라떼, 적축_155,500|흑임자라떼, 황축_155,500|다크그레이, 갈축_117,000|다크그레이, 적축_149,000|다크그레이, 황축_117,000||||||||","흑임자라떼, 적축_155,500|흑임자라떼, 황축_155,500|다크그레이, 갈축_117,000|다크그레이, 적축_149,000|다크그레이, 황축_117,000||||||||"
17161487,몬스타 몬스타기어 Melgeek Mojo68 Retro 유무선 키보드,"262,000","262,000"
15137306,몬스타 몬스타기어 PBT 영문정각 포인트 키캡,"다크그레이_5,000","다크그레이_5,000"
15079157,몬스타 몬스타기어 PBT 영문측각 108키 키캡,"블랙_29,900","블랙_29,900"
20190641,몬스타 몬스타기어 PBT 한영정각 104키 키캡,"그레이옐로우_18,000","그레이옐로우_18,000"
16141688,몬스타 몬스타기어 PBT 한영정각 108 키캡,"화이트_19,000","화이트_19,000"
15407504,몬스타 몬스타기어 PBT염료승화 영문 정각 37키 키캡,"8,500","8,500"
28649270,몬스타 몬스타기어 고양이 8키 포인트 키캡,"12,310","12,310"
28960799,몬스타 몬스타기어 닌자104PRO 유무선 DIY KIT 기계식,"화이트_97,370|블랙_97,370","화이트_97,370|블랙_97,370"
28476977,몬스타 몬스타기어 닌자104PRO 유무선 커스텀 기계식 블랙,"황축_199,000|갈축_199,000|백축_199,000|적축_199,000","황축_199,000|갈축_199,000|백축_199,000|적축_199,000"
28476782,몬스타 몬스타기어 닌자104PRO 유무선 커스텀 기계식 화이트,"황축_199,000|갈축_199,000|백축_199,000|적축_199,000","황축_199,000|갈축_199,000|백축_199,000|적축_199,000"
20369636,몬스타 몬스타기어 닌자108 PRO 유무선 DIY KIT 커스텀 기계식,"화이트_86,670|아이보리_86,670","화이트_86,670|아이보리_86,670"
19471577,몬스타 몬스타기어 닌자108PRO 기계식 커스텀 유무선 카일,"흑임자라떼, 적축_165,850|쑥인절미, 백축_170,000|쑥인절미, 적축_169,000|피치요거트, 갈축_170,000|피치요거트, 백축_170,000|","흑임자라떼, 적축_165,850|쑥인절미, 백축_170,000|쑥인절미, 적축_169,000|피치요거트, 갈축_170,000|피치요거트, 백축_170,000|"
28921955,몬스타 몬스타기어 닌자108PRO 유무선 공장풀윤활 기계식 아이보리,"클래식, 폭스테일_165,850|클래식, 바다소금 저소음_185,110|클래식, 후르츠피치_165,850","클래식, 폭스테일_165,850|클래식, 바다소금 저소음_185,110|클래식, 후르츠피치_165,850"
28923251,몬스타 몬스타기어 닌자108PRO 유무선 공장풀윤활 기계식 화이트,"쑥인절미, 폭스테일_165,850|쑥인절미, 바다소금 저소음_165,850|쑥인절미, 후르츠피치_165,850|피치요거트, 바다소금 저소음_189,000|피치요거트, 폭스테일_168,990||||","쑥인절미, 폭스테일_165,850|쑥인절미, 바다소금 저소음_165,850|쑥인절미, 후르츠피치_165,850|피치요거트, 바다소금 저소음_189,000|피치요거트, 폭스테일_168,990||||"
20538419,몬스타 몬스타기어 닌자108PRO 유무선 기계식,"흑임자라떼, 황축_160,000","흑임자라떼, 황축_160,000"
28923557,몬스타 몬스타기어 닌자108PRO 유무선 수제풀윤활 기계식 아이보리,"클래식, 바다소금 저소음_266,430|클래식, 폭스테일_245,030|클래식, 후르츠피치_245,030","클래식, 바다소금 저소음_266,430|클래식, 폭스테일_245,030|클래식, 후르츠피치_245,030"
28923713,몬스타 몬스타기어 닌자108PRO 유무선 수제풀윤활 기계식 화이트,"쑥인절미, 바다소금 저소음_245,030|쑥인절미, 폭스테일_245,030|쑥인절미, 후르츠피츠_274,000|피치요거트, 바다소금 저소음_269,000|피치요거트, 폭스테일_249,000||||","쑥인절미, 바다소금 저소음_245,030|쑥인절미, 폭스테일_245,030|쑥인절미, 후르츠피츠_274,000|피치요거트, 바다소금 저소음_269,000|피치요거트, 폭스테일_249,000||||"
29081003,몬스타 몬스타기어 닌자84PRO 유무선 DIY KIT 기계식,"화이트_86,670|블랙_86,660","화이트_86,670|블랙_86,660"
28474961,몬스타 몬스타기어 닌자84PRO 유무선 커스텀 기계식 블랙,"황축_179,000|갈축_179,000|백축_179,000|적축_179,000","황축_179,000|갈축_179,000|백축_179,000|적축_179,000"
28474877,몬스타 몬스타기어 닌자84PRO 유무선 커스텀 기계식 화이트,"황축_179,000|갈축_179,000|백축_179,000|적축_179,000","황축_179,000|갈축_179,000|백축_179,000|적축_179,000"
13362941,몬스타 몬스타기어 닌자87 블루투스 키보드 게이트론,"갈축_98,990|황축_99,000","갈축_98,990|황축_99,000"
13362995,몬스타 몬스타기어 닌자87 블루투스 키보드 체리,"흑축_99,000","흑축_99,000"
28921391,몬스타 몬스타기어 닌자87BT V2 유무선 공장풀윤활 기계식 블랙,"흑임자라떼, 폭스테일_129,000|흑임자라떼, 바다소금 저소음_159,000|흑임자라떼, 후르츠피치_150,000","흑임자라떼, 폭스테일_129,000|흑임자라떼, 바다소금 저소음_159,000|흑임자라떼, 후르츠피치_150,000"
28920776,몬스타 몬스타기어 닌자87BT V2 유무선 공장풀윤활 기계식 화이트,"쑥인절미, 폭스테일_126,000|쑥인절미, 바다소금 저소음_172,000|쑥인절미, 후르츠피치_139,000","쑥인절미, 폭스테일_126,000|쑥인절미, 바다소금 저소음_172,000|쑥인절미, 후르츠피치_139,000"
15868649,몬스타 몬스타기어 닌자87BT WHITE 블루투스 기계식 키보드,"갈축_99,000|백축_99,000","갈축_99,000|백축_99,000"
16151756,몬스타 몬스타기어 닌자87PRO G RGB 유무선 기계식 커스텀 키보드 블랙,"청축_99,500|갈축_99,500|황축_99,500|적축_99,500|백축_99,500|",0
16151633,몬스타 몬스타기어 닌자87PRO G RGB 유무선 기계식 커스텀 키보드 블랙,0,"청축_99,500|갈축_99,500|황축_99,500|적축_99,500|백축_99,500|"
16151852,몬스타 몬스타기어 닌자87PRO G RGB 유무선 기계식 커스텀 키보드 화이트,"청축_99,500|갈축_99,500|황축_99,500|적축_99,500|백축_99,500|","청축_99,500|갈축_99,500|황축_99,500|적축_99,500|백축_99,500|"
16150232,몬스타 몬스타기어 닌자87PRO K RGB 유무선 기계식 커스텀 키보드,"99,500","99,500"
16150424,몬스타 몬스타기어 닌자87PRO RGB DIY 커스텀 기계식 키보드,"69,000","69,000"
17241050,몬스타 몬스타기어 닌자87PRO S RGB 유무선 기계식 커스텀 키보드,"110,000","110,000"
28921712,몬스타 몬스타기어 닌자87PRO V2 유무선 수제풀윤활 기계식 블랙,"흑임자라떼, 바다소금 저소음_176,550|흑임자라떼, 폭스테일_165,850|흑임자라떼, 후르츠피치_176,550","흑임자라떼, 바다소금 저소음_176,550|흑임자라떼, 폭스테일_165,850|흑임자라떼, 후르츠피치_176,550"
28921586,몬스타 몬스타기어 닌자87PRO V2 유무선 수제풀윤활 기계식 화이트,"쑥인절미, 바다소금 저소음_176,550|쑥인절미, 폭스테일_165,850|쑥인절미, 후르츠피치_176,550","쑥인절미, 바다소금 저소음_176,550|쑥인절미, 폭스테일_165,850|쑥인절미, 후르츠피치_176,550"
28477667,몬스타 몬스타기어 닌자87PRO v2 유무선 DIY KIT 커스텀 기계식,"화이트_67,410|블랙_67,410|퍼플_67,410","화이트_67,410|블랙_67,410|퍼플_67,410"
28487360,몬스타 몬스타기어 닌자87PRO v2 유무선 커스텀 기계식 블랙,"황축_99,500|갈축_99,500|백축_99,500|적축_99,500","황축_99,500|갈축_99,500|백축_99,500|적축_99,500"
28487432,몬스타 몬스타기어 닌자87PRO v2 유무선 커스텀 기계식 퍼플,"황축_99,500|갈축_99,500|백축_99,500|적축_99,500","황축_99,500|갈축_99,500|백축_99,500|적축_99,500"
28487078,몬스타 몬스타기어 닌자87PRO v2 유무선 커스텀 기계식 화이트,"황축_99,500|갈축_99,500|백축_99,500|적축_99,500","황축_99,500|갈축_99,500|백축_99,500|적축_99,500"
28924739,몬스타 몬스타기어 닌자87PRO 유무선 수제풀윤활 기계식 핑크,"딸기우유, 바다소금 저소음_219,000|딸기우유, 폭스테일_186,000|딸기우유, 후르츠피치_197,000","딸기우유, 바다소금 저소음_219,000|딸기우유, 폭스테일_186,000|딸기우유, 후르츠피치_197,000"
17432774,몬스타 몬스타기어 닌자87PRO 풀윤활 기계식 키보드,"갈축_159,000|적축_159,000","갈축_159,000|적축_159,000"
29062319,몬스타 몬스타기어 닌자96PRO 유무선 DIY KIT 기계식,"화이트_94,150|블랙_94,160","화이트_94,150|블랙_94,160"
28476032,몬스타 몬스타기어 닌자96PRO 유무선 커스텀 기계식 블랙,"갈축_199,000|백축_199,000|적축_199,000","갈축_199,000|백축_199,000|적축_199,000"
28475915,몬스타 몬스타기어 닌자96PRO 유무선 커스텀 기계식 화이트,"황축_199,000|갈축_199,000|백축_199,000|적축_199,000","황축_199,000|갈축_199,000|백축_199,000|적축_199,000"
32065433,몬스타 몬스타기어 다크TKL 유무선 기계식,"139,000","139,000"
32035622,몬스타 몬스타기어 달토끼 PBT 키캡,"39,060","39,060"
20201111,몬스타 몬스타기어 딸기우유 PBT 한영정각 104키 키캡,"24,890","24,890"
15167828,몬스타 몬스타기어 로지텍 k480 전용 키스킨,"훈민정음_1,800","훈민정음_1,800"
15048791,몬스타 몬스타기어 로지텍 k480 키스킨 한영,"1,800","1,800"
29859854,몬스타 몬스타기어 마카롱 쑥인절미 PBT 키캡,"37,450","37,450"
29859728,몬스타 몬스타기어 마카롱 피치요거트 PBT 키캡,"37,450","37,450"
29859944,몬스타 몬스타기어 마카롱 흑임자라떼 PBT 키캡,"37,450","37,450"
20321858,몬스타 몬스타기어 만능 미니 키보드 청소 브러쉬세트,"3,000","3,000"
16906700,몬스타 몬스타기어 미니키프로 RGB 유무선 슬림 기계식 키보드,"갈축_69,000|적축_69,000","갈축_69,000|적축_69,000"
28649354,몬스타 몬스타기어 바캉스 8키 포인트 키캡,"12,310","12,310"
32035682,몬스타 몬스타기어 베어프랜즈 PBT 키캡,"39,060","39,060"
29859191,몬스타 몬스타기어 스완 PBT 키캡,"38,000","38,000"
20322455,몬스타 몬스타기어 스테빌라이저 스타터 키트,"16,000","16,000"
37287692,몬스타 몬스타기어 아쿠아 21 유무선 기계식,"69,000","69,000"
37291265,몬스타 몬스타기어 아쿠아 66 유무선 기계식,"154,080","154,080"
18845126,몬스타 몬스타기어 아쿠아67 유무선 기계식,"클리어_183,200|핑크_183,200","클리어_183,200|핑크_183,200"
32064923,몬스타 몬스타기어 야옹67 기계식,"139,000","139,000"
20354591,몬스타 몬스타기어 오테뮤 톰 스위치 10pcs,"2,790","2,790"
20321303,몬스타 몬스타기어 윤활 스타터 키트,"25,000","25,000"
28031132,몬스타 몬스타기어 집사 PBT 키캡,"삼색이_37,990|페르시안_37,990","삼색이_37,990|페르시안_37,990"
36793835,몬스타 몬스타기어 클래식 104 멤브레인,"24,080","24,080"
29858393,몬스타 몬스타기어 클래식 PBT 키캡,"38,000","38,000"
36793112,몬스타 몬스타기어 클래식 TKL 멤브레인,"19,260","19,260"
19725593,몬스타 몬스타기어 클래식 TKL 아크릴 DIY KIT 커스텀 기계식,"139,000","139,000"
21626420,몬스타 몬스타기어 클래식 TKL 유무선 기계식,"화이트_550,000|그레이_550,000","화이트_550,000|그레이_550,000"
28052453,몬스타 몬스타기어 폭스테일 리니어 스위치 10pcs,"1,930","1,930"
16192472,몬스타 몬스타기어 화이트 온 블랙 영문 PBT 키캡,"57,500","57,500"
35805746,삼성전자 SK-C1200RB 기계식,"49,900","49,900"
1056910,삼성전자 SKG-3000UB,0,"키스킨 포함_18,400|키스킨 미포함_16,890"
5782793,삼성전자 SPA-JKA1BUB,"16,900","16,900"
2415346,스카이디지탈 NKEYBOARD NKEY-2,"35,000","35,000"
3850778,스카이디지탈 NKEYBOARD W570 무선 키보드 마우스,"블랙_28,900|화이트_27,900",0
17874857,스틸시리즈 Apex 9 TKL US,"236,610","231,830"
9450495,스틸시리즈 Apex Pro,0,"정품_289,000"
17446844,스틸시리즈 Apex Pro Mini,0,"정품_296,010|해외구매_265,590"
17977730,스틸시리즈 Apex Pro TKL,"정품_325,710|해외구매_350,100","정품_325,710|해외구매_350,100"
17977487,스틸시리즈 Apex Pro TKL Wireless,"정품_395,010","정품_395,010"
36307739,아이리버 GK CL1 기계식,"그레이_29,990|핑크_29,990","그레이_29,990|핑크_29,990"
10577571,알파스캔 AOC GK500 게이밍 RGB LED 기계식,"49,000","49,000"
13990238,앱코 ACK01 컴팩트 키보드,"블랙_11,500","블랙_11,500"
13132175,앱코 ADK05 아크릴 듀얼 RGB 게이밍 키보드,"적축_158,800|백축_158,800","적축_158,680|백축_158,800"
18716624,앱코 AG75 가스켓 마운트 기계식 로즈 핑크,"갈축_152,000|적축_152,000","갈축_152,000|적축_152,000"
18717203,앱코 AG75 가스켓 마운트 기계식 퍼플 블루,"적축_152,000|갈축_193,990","적축_152,000|갈축_193,990"
16350560,앱코 AKR01 TKL 아크릴 텐키리스 키보드 덮개,"9,900","9,900"
16361930,앱코 AKR01 아크릴 키보드 덮개,"10,900","10,900"
29857877,앱코 AKT95 아크 PBT키캡 카일광축 완전방수 컴팩트 게이밍 기계식,"청축_83,000|다크적축_83,000","청축_83,000|다크적축_83,000"
20759003,앱코 AN01T RGB BAR 기계식 다크그레이,"청축_35,500|갈축_35,500|적축_35,500","청축_35,500|갈축_35,500|적축_35,500"
20759345,앱코 AN01T RGB BAR 기계식 핑크,"청축_35,500|갈축_35,500|적축_35,500","청축_35,500|갈축_35,500|적축_35,500"
14650787,앱코 AN02 다크그레이 RGB BAR 축교환 기계식 키보드,"청축_39,900|갈축_39,900|적축_39,900","청축_39,900|갈축_39,900|적축_39,900"
14650697,앱코 AN02 블랙 RGB BAR 축교환 기계식 키보드,"청축_39,900|갈축_39,900|적축_39,900","청축_39,900|갈축_39,900|적축_39,900"
14650808,앱코 AN02 핑크 RGB BAR 축교환 기계식 키보드,"청축_39,900|갈축_39,900|적축_39,900","청축_39,900|갈축_39,900|적축_39,900"
18775013,앱코 AN03 옵티컬 게이밍,"49,000","49,000"
18091124,앱코 AN04F PBT 특주축 게이밍 기계식 키보드,"클릭_72,000|넌클릭_72,000|리니어_72,000","클릭_72,000|넌클릭_72,000|리니어_72,000"
19830029,앱코 AN05 아이스큐브 옵티컬 게이밍,"블랙_53,000|핑크_53,000","블랙_53,000|핑크_53,000"
19006127,앱코 AN06F TKL PBT 게이밍 기계식,"클릭_55,000|넌클릭_55,000|리니어_55,000","클릭_55,000|넌클릭_55,000|리니어_55,000"
29312813,앱코 AN08 가스켓 아이스큐브 광축 LED 게이밍,"블루, 클릭_67,000|블루, 리니어_670,000|핑크, 리니어_67,000|핑크, 클릭_67,000","블루, 클릭_67,000|블루, 리니어_670,000|핑크, 리니어_67,000|핑크, 클릭_67,000"
16847930,앱코 AN10 아이스큐브 무빙 LED 광축 게이밍 키보드,"76,500","76,500"
16848017,앱코 AN50 아이스큐브 무빙 LED 광축 게이밍 키보드,"89,900","89,900"
35769467,앱코 AN94BT 무선 블루투스 기계식 레몬바스켓,"갈축_45,000|적축_45,000|청축_45,000","갈축_45,000|적축_45,000|청축_45,000"
35769488,앱코 AN94BT 무선 블루투스 기계식 레몬바스켓,"갈축_45,000|적축_45,000|청축_45,000","갈축_45,000|적축_45,000|청축_45,000"
35769404,앱코 AN94BT 무선 블루투스 기계식 솜사탕,"청축_45,000|갈축_45,000|적축_45,000","청축_45,000|갈축_45,000|적축_45,000"
32502059,앱코 APK82BT 투명 가스켓 유무선 기계식,"63,900","63,900"
20596694,앱코 APK87 폴리카보네이트 사일런스 가스켓 기계식,"292,500","292,500"
10468689,앱코 AR21 CNC 풀 알루미늄 DIY KIT 넘버패드,"실버_117,400|그레이_117,400|네이비_117,400","실버_117,400|그레이_117,400|네이비_117,400"
18474248,앱코 AR61D 풀 알루미늄 유무선 기계식,"89,000","89,000"
12982325,앱코 ARC1 TKL 텐키리스 아크릴 팜레스트 손목 받침대,"ICE Acrylic_13,800|Clear Acrylic_13,800","ICE Acrylic_13,800|Clear Acrylic_13,800"
12977087,앱코 ARC1 아크릴 팜레스트 손목 받침대,"Clear Acrylic_15,900|ICE Acrylic_13,800","Clear Acrylic_15,900|ICE Acrylic_13,800"
15796007,앱코 AWK10 멀티페어링 블루투스 키보드,"12,900","12,900"
5704309,앱코 AZIO 레트로 클래식 엘우드,"299,000","299,000"
5704406,앱코 AZIO 레트로 클래식 포쉬,"299,000","299,000"
13007576,앱코 BT220 멀티페어링 블루투스 키보드,"9,900","9,900"
12373433,앱코 BT250 멀티페어링 블루투스 키보드,"블랙_16,900","블랙_16,900"
19284713,앱코 GKM500 기계식 키보드 마우스 세트,"청축_39,500|적축_39,500","청축_39,500|적축_39,500"
8038174,앱코 HACKER 6key 컬러풀 포인트 키캡,"V1_2,900|V2_2,900|V3_2,900","V1_2,900|V2_2,900|V3_2,900"
12119630,앱코 HACKER ADK01 카일박스축 게이밍 기계식 키보드,"레드그레이, 갈축_74,490|레드그레이, 백축_74,490|레드그레이, 적축_74,490","레드그레이, 갈축_74,490|레드그레이, 백축_74,490|레드그레이, 적축_74,490"
11909530,앱코 HACKER ADK87 PBT 이색사출 텐키리스 체리 기계식 키보드,"블랙, 청축_62,390|블랙, 갈축_66,120|블랙, 저소음 적축_108,000|블랙, 적축_99,000|화이트, 갈축_66,120|||","블랙, 청축_62,390|블랙, 갈축_66,120|블랙, 저소음 적축_108,000|블랙, 적축_99,000|화이트, 갈축_66,120|||"
11167377,앱코 HACKER ARC 거치대,"5,500","5,500"
9940446,앱코 HACKER GKM570 키보드 마우스 LED 게이밍 콤보,"블랙_64,650|화이트_47,190","블랙_64,650|화이트_47,190"
5298971,앱코 HACKER K1000 축교환 게이밍 기계식,"블랙, 청축_68,000","블랙, 청축_68,000"
11015091,앱코 HACKER K150 텐키리스 레인보우 LED 게이밍 멤브레인,"블랙_13,000|화이트_13,500","블랙_13,000|화이트_13,500"
3248321,앱코 HACKER K300 게이밍 키보드,"29,410","29,410"
8516163,앱코 HACKER K512 체리쉬 염료승화 PBT 텐키리스 체리 게이밍 키보드,"청축_79,000|갈축_106,000","청축_79,000|갈축_106,000"
9321162,앱코 HACKER K515 축교환 측면 RGB 라이팅 이중사출 게이밍 기계식 키보드,"블랙, 청축_37,900|블랙, 갈축_37,900|블랙, 적축_37,900|화이트, 갈축_37,900|화이트, 적축_37,900|","블랙, 청축_37,900|블랙, 갈축_37,900|블랙, 적축_37,900|화이트, 갈축_37,900|화이트, 적축_37,900|"
9326580,앱코 HACKER K516 축교환 측면 RGB 라이팅 이중사출 게이밍 기계식 키보드,"레드, 청축_33,900|레드, 갈축_33,900|레드, 적축_33,900|옐로우, 갈축_51,000|옐로우, 적축_45,440|","레드, 청축_33,900|레드, 갈축_33,900|레드, 적축_33,900|옐로우, 갈축_51,000|옐로우, 적축_45,440|"
9647322,앱코 HACKER K523 기계식 축교환 LED 키패드,"청축_14,300|적축_15,060","청축_14,300|적축_15,060"
10272321,앱코 HACKER K550 A광축 축교환 측면 RGB 라이팅 완전방수 이중사출 게이밍 키보드,"블랙, 클릭_34,120","블랙, 클릭_34,010"
10272501,앱코 HACKER K5500 A광축 축교환 측면 RGB 라이팅 완전방수 크리스탈 게이밍 키보드,"블랙, 클릭_298,990","블랙, 클릭_298,990"
6281637,앱코 HACKER K590 축교환 LED 게이밍 기계식 키보드 블랙,"적축_61,320","적축_61,320"
6281650,앱코 HACKER K590 축교환 LED 게이밍 기계식 키보드 화이트,청축_일시품절,청축_일시품절
8323581,앱코 HACKER K595 LED 축교환 게이밍 기계식,"화이트, 청축_32,600","화이트, 청축_32,600"
5106359,앱코 HACKER K6000 RGB 게이밍 기계식 카일,"블랙, 청축_48,640|화이트, 청축_46,450|다크 그레이, 청축_68,900","블랙, 청축_48,640|화이트, 청축_46,450|다크 그레이, 청축_68,900"
5339011,앱코 HACKER K6000 엘리트 리얼 RGB 에디션,"그린, 청축_44,000","그린, 청축_44,000"
9844809,앱코 HACKER K611 텐키리스 카일광축 완전방수 축교환 게이밍 키보드 핑크 V1,"리니어_45,890|클릭_45,900","리니어_45,890|클릭_45,900"
9844815,앱코 HACKER K611 텐키리스 카일광축 완전방수 축교환 게이밍 키보드 핑크 V2,"클릭_45,900|리니어_45,900","클릭_45,900|리니어_45,900"
5040324,앱코 HACKER K640 축교환 게이밍 기계식 블랙,"청축_39,000|갈축_39,000|적축_39,000","청축_39,000|갈축_39,000|적축_39,000"
5128947,앱코 HACKER K640 축교환 게이밍 기계식 화이트,"청축_39,000","청축_39,000"
6392210,앱코 HACKER K640 플러스 축교환 측면 LED 게이밍 키보드,"블랙, 적축_45,000","블랙, 적축_45,000"
5139191,앱코 HACKER K640T 축교환 게이밍 기계식 텐키리스,"블랙, 적축_42,900","블랙, 적축_42,900"
5359118,앱코 HACKER K6500 PBT 스페셜 블루 에디션,"청축_62,000","청축_62,000"
6982558,앱코 HACKER K660 ARC 프리미엄 카일 광축 완전방수 레인보우 LED,"블랙, 클릭_59,000|레드, 클릭_56,680|옐로우, 클릭_59,000|블랙, 리니어_59,000|옐로우, 리니어_59,000","블랙, 클릭_59,000|레드, 클릭_56,680|옐로우, 클릭_59,000|블랙, 리니어_59,000|옐로우, 리니어_59,000"
6571880,앱코 HACKER K660 단일 LED 에디션 카일 광축 축교환 완전방수 게이밍,"블랙, 클릭_59,500","블랙, 클릭_59,500"
5633045,앱코 HACKER K660 축교환 완전방수 게이밍 카일 광축 레드,"클릭_59,500|리니어_59,500","클릭_59,500|리니어_59,500"
5221479,앱코 HACKER K660 축교환 완전방수 게이밍 카일 광축 블랙,"클릭_59,500|리니어_59,500","클릭_59,500|리니어_59,500"
5221438,앱코 HACKER K660 축교환 완전방수 게이밍 카일 광축 옐로우,"클릭_59,500|리니어_59,500","클릭_59,500|리니어_59,500"
5762059,앱코 HACKER K660 축교환 완전방수 게이밍 카일 광축 화이트,"클릭_59,500|리니어_59,500","클릭_59,500|리니어_59,500"
15446894,앱코 HACKER K660M TKL 이색사출 PBT 체리 키보드 딥로얄,"갈축_69,000|저소음적축_69,000","갈축_69,000|저소음적축_69,000"
15446945,앱코 HACKER K660M TKL 이색사출 PBT 체리 키보드 딥샌드,"갈축_69,000|저소음 적축_79,000","갈축_69,000|저소음 적축_79,000"
11137785,앱코 HACKER K660M 이색사출 PBT 체리 키보드 미드나잇그린,"갈축_일시품절|청축_133,000","청축_133,000"
11137761,앱코 HACKER K660M 이색사출 PBT 체리 키보드 블랙,"청축_105,900|갈축_일시품절|적축_일시품절","청축_105,900"
6044140,앱코 HACKER K662 카일 광축 완전방수 축교환 어반그레이,"V1, 클릭_88,000|V2, 클릭_일시품절|V1, 리니어_131,070","V1, 클릭_88,000|V2, 클릭_일시품절|V1, 리니어_131,070"
5742922,앱코 HACKER K720 ET광축 축교환 완전방수 게이밍,"화이트, 클릭_54,900","화이트, 클릭_54,900"
11874703,앱코 HACKER K7900 카일광축 완전방수 레인보우 PBT Moving LED,클릭_일시품절,클릭_일시품절
6369156,앱코 HACKER K815 코리아 어디션 카일 광축 완전방수 축교환 LED 게이밍 키보드,"클릭_54,900","클릭_54,900"
5122925,앱코 HACKER K840 조약돌 레트로 축교환 기계식,"블랙, 청축_26,500|블랙, 갈축_26,500|블랙, 적축_26,500|화이트, 청축_26,500|화이트, 갈축_26,500||","블랙, 청축_26,500|블랙, 갈축_26,500|블랙, 적축_26,500|화이트, 청축_26,500|화이트, 갈축_26,500||"
6085230,앱코 HACKER K8800 카일 광축 완전방수 축교환 크리스탈 키캡,"레드, 클릭_95,410|화이트 V1, 클릭_58,460|화이트 V2, 클릭_57,060","레드, 클릭_95,410|화이트 V1, 클릭_58,460|화이트 V2, 클릭_56,950"
6450798,앱코 HACKER K8900 카일 광축 완전방수 어반그레이,"V2, 클릭_일시품절","V2, 클릭_일시품절"
9242871,앱코 HACKER K990 V3 스카이문 LED 완전방수 무접점,"45g_175,000","45g_175,000"
6413854,앱코 HACKER K995P V3 RGB PBT 무접점,"화이트, 45g_159,000|블랙, 45g_159,000","화이트, 45g_159,000|블랙, 45g_159,000"
12067004,앱코 HACKER K997P PBT 투톤 RGB 완전방수 무접점 키보드,"블랙, 45g_129,000|화이트, 45g_129,000","블랙, 45g_129,000|화이트, 45g_129,000"
6843574,앱코 HACKER KM350 키보드 마우스 콤보 레인보우 LED 게이밍,"24,500","24,500"
13050158,앱코 HACKER KM700 게이밍 키보드 마우스 장패드 세트,"블랙_23,900","블랙_23,900"
11833771,앱코 HACKER KN01 텐키리스 PBT RGB 무접점 키보드,"블랙, 45g_99,000|블랙, 55g_99,000|화이트, 45g_99,000|화이트, 55g_99,000","블랙, 45g_99,000|블랙, 55g_99,000|화이트, 45g_99,000|화이트, 55g_99,000"
12170537,앱코 HACKER KN10 PBT RGB 무접점 키보드,"블랙, 45g_169,460|블랙, 55g_109,000|화이트, 55g_109,000","블랙, 45g_169,430|블랙, 55g_109,000|화이트, 55g_109,000"
5228654,앱코 HACKER QUICK SWAP용 OUTEMU 스위치,"8개, 청축_2,200|8개, 갈축_2,200|8개, 적축_2,200|각2개, 청축/갈축/적축/흑축_2,200","8개, 청축_2,200|8개, 갈축_2,200|8개, 적축_2,200|각2개, 청축/갈축/적축/흑축_2,200"
5827139,앱코 HACKER 카일 정품 광축 스위치,"10개, 클릭_4,000|10개, 리니어_4,000|5+5개, 클릭/리니어_4,000","10개, 클릭_4,000|10개, 리니어_4,000|5+5개, 클릭/리니어_4,000"
2788274,앱코 K-A4U,"98,400","98,400"
34738214,앱코 K140 슬림 멤브레인,"9,800","9,800"
28450715,앱코 K1924 RETRO GTMX NON-LED 게이밍 기계식,"갈축_49,000|적축_49,000|청축_49,000","갈축_49,000|적축_49,000|청축_49,000"
18878243,앱코 K517 레트로 기계식,"적축_39,900|갈축_39,900|청축_39,900","적축_39,900|갈축_39,900|청축_39,900"
12278276,앱코 K551 A광축 사이드 Edge RGB LED 게이밍 키보드,"클릭_38,900","클릭_38,900"
13363190,앱코 K560 축교환 레인보우 무빙 LED 기계식 키보드,"블랙, 청축_27,900|블랙, 갈축_27,900|블랙, 적축_27,900|화이트, 청축_27,690|화이트, 갈축_27,900|","블랙, 청축_27,900|블랙, 갈축_27,900|블랙, 적축_27,900|화이트, 청축_27,690|화이트, 갈축_27,900|"
36708800,앱코 K561 교체축 유무선 블루투스 기계식 블랙,"청축_39,800|갈축_39,800|적축_39,800","청축_39,800|갈축_39,800|적축_39,800"
36708878,앱코 K561 교체축 유무선 블루투스 기계식 화이트,"갈축_39,800|적축_39,800|청축_39,800","갈축_39,800|적축_39,800|청축_39,800"
14471114,앱코 K570 축교환 레인보우 무빙 LED 기계식 키보드,"청축_31,990|갈축_32,000|적축_32,000","청축_31,990|갈축_32,000|적축_32,000"
13363517,앱코 K640T SLIM 축교환 무빙LED 텐키리스 기계식 블랙,"청축_39,900|적축_39,900","청축_39,900|적축_39,900"
15282614,앱코 K640T SLIM 축교환 무빙LED 텐키리스 기계식 화이트,"청축_39,900|적축_39,900","청축_39,900|적축_39,900"
17057765,앱코 K641 SLIM PLUS RGB 게이밍 기계식 키보드,"청축_49,900|적축_49,900","청축_49,900|적축_49,900"
17106275,앱코 K641 TKL SLIM PLUS 게이밍 텐키리스 기계식 키보드,"청축_39,900|적축_39,900","청축_39,900|적축_39,900"
19456031,앱코 K660 블루민트 에디션 카일 광축 게이밍,"62,000","62,000"
17345816,앱코 K660M-L68 무선 블루투스 기계식 미니 키보드,"블랙_89,000|화이트_89,000","블랙_89,000|화이트_89,000"
13208633,앱코 K660P 프리미엄 카일광축 무빙 LED 게이밍 기계식 키보드,"마젠타, 클릭_73,000|다크 그레이, 클릭_73,000","마젠타, 클릭_73,000|다크 그레이, 클릭_73,000"
19690820,앱코 K669 카일 광축 게이밍,"블랙 레드_65,000|핑크 화이트_65,000","블랙 레드_65,000|핑크 화이트_65,000"
27754094,앱코 K8200 PRO 스카이블루 아이스큐브 키캡 게이밍,"클릭_69,000","클릭_69,000"
15825842,앱코 K840 사각 레트로 축교환 기계식 블랙,"갈축_49,900|청축_49,900|적축_49,900","갈축_49,900|청축_49,900|적축_49,900"
15825881,앱코 K840 사각 레트로 축교환 기계식 화이트,"청축_49,900|갈축_49,900|적축_49,900","청축_49,900|갈축_49,900|적축_49,900"
15150857,앱코 K841 조약돌 레트로 축교환 기계식 민트,"청축_32,000|갈축_32,000|적축_32,000","청축_32,000|갈축_32,000|적축_32,000"
15150830,앱코 K841 조약돌 레트로 축교환 기계식 핑크,"청축_32,000|갈축_32,000|적축_32,000","청축_32,000|갈축_32,000|적축_32,000"
27755567,앱코 K8900 PRO 블랙 아이스큐브 키캡 게이밍,"69,000","69,000"
9494319,앱코 KM110 RGB 멤브레인 키보드 마우스 합본,"블랙_13,800|화이트_13,800","블랙_13,800|화이트_13,800"
9494352,앱코 KM120 RGB 멤브레인 키보드 마우스 합본,"블랙_18,000|화이트_18,000","블랙_18,000|화이트_18,000"
12399617,앱코 KM150 키보드 마우스 오피스 세트,"16,500","16,500"
12471623,앱코 KM250 키보드 마우스 세트,"73,700","73,700"
5182267,앱코 KM400 게이밍 콤보,"블랙_25,000|화이트_27,500","블랙_25,000|화이트_27,500"
18650699,앱코 KM500 키보드 마우스 세트,"V1, 화이트_25,900|V1, 블랙_25,900|V2, 블랙_25,900|V2, 화이트_25,900","V1, 화이트_25,900|V1, 블랙_25,900|V2, 블랙_25,900|V2, 화이트_25,900"
19562501,앱코 KM800 키보드 마우스 세트,"블랙_33,000|화이트_33,000","블랙_32,990|화이트_32,990"
12376385,앱코 KN01 BT 블루투스 TKL 무접점 게이밍 키보드 블랙,"45g_223,000|55g_233,000","45g_223,000|55g_233,000"
15230645,앱코 KN01C 텐키리스 PBT 무접점 키보드 블루,"30g_150,000","30g_150,000"
15230654,앱코 KN01C 텐키리스 PBT 무접점 키보드 핑크,"45g_150,000","45g_150,000"
19645700,앱코 KN02C 삼색사출 PBT 텐키리스 무접점,"149,000","149,000"
12376532,앱코 KN10 BT 블루투스 무접점 게이밍 키보드 블랙,"45g_191,900|55g_일시품절","45g_191,900|55g_일시품절"
12376574,앱코 KN10 BT 블루투스 무접점 게이밍 키보드 화이트,"45g_216,000","45g_216,000"
15229802,앱코 KN10C PBT 무접점 키보드,"그레이, 30g_169,000|핑크, 45g_169,000","그레이, 30g_169,000|핑크, 45g_169,000"
19645514,앱코 KN20C 삼색사출 PBT 무접점,"175,000","175,000"
24133613,앱코 KN30BT 블루투스 유무선 무접점,"159,000","159,000"
9925461,앱코 KP10 키패드,"7,000","7,000"
16994000,앱코 KP35BT 블루투스 와이드 키패드,일시품절,일시품절
38346917,앱코 MK108 저소음 멤브레인,"블랙_19,900|오트밀_19,900","블랙_19,900|오트밀_19,900"
38347028,앱코 MK87 저소음 텐키리스 멤브레인,"블랙_17,900|오트밀_17,900","블랙_17,890|오트밀_17,890"
2241246,앱코 MultiPack KM-A4P,"14,800","14,800"
2682415,앱코 MultiPack KM-A4U,"14,900","14,900"
2241240,앱코 MultiPack KM-A5PS,"키스킨 포함_19,700","키스킨 포함_19,700"
14321915,앱코 TOS100 무선 키보드,일시품절,일시품절
16792100,앱코 TOS180 블루투스 펜타그래프 키보드,"19,900","19,900"
13655036,앱코 TOS200 LED 블루투스 키보드,"로즈골드_186,030|블랙_189,320","로즈골드_186,030|블랙_189,320"
13653470,앱코 TOS250 LED 블루투스 키보드,"블랙_일시품절|화이트_64,040","블랙_일시품절|화이트_64,040"
14567123,앱코 TPM1 TKL 어고노믹 월넛 팜레스트,"19,900","19,900"
14567039,앱코 TPM1 어고노믹 월넛 팜레스트,"22,500","22,500"
12423533,앱코 TW1867 레트로 블루투스 기계식 키보드,"청축_87,000|적축_87,000","청축_87,000|적축_87,000"
11123001,앱코 WKM01 무선 키보드 마우스 세트,"핑크_23,000|민트_23,000|블루_23,000","핑크_23,000|민트_23,000|블루_23,000"
11480607,앱코 WKM02 무선 키보드 마우스 세트,"블랙_29,810|화이트_39,900","블랙_29,810|화이트_39,900"
13912325,앱코 WKM03 무선 키보드마우스 세트,"블랙_18,900|핑크_18,900","블랙_18,900|핑크_18,900"
12098402,앱코 WKM160 펜타그래프 무선 키보드 마우스 오피스 세트,"28,100","28,100"
12129872,앱코 WKM360 무선 터치패드 키보드,일시품절,일시품절
13037375,앱코 WKM40 무선 키보드 마우스 세트,"베이지_21,900","베이지_21,900"
13037483,앱코 WKM50 펜홀더형 무선 키보드 마우스 세트,"핑크_21,900|네이비_21,900","핑크_21,900|네이비_21,900"
13037591,앱코 WKM60 무선 키보드 마우스 세트,"블랙_21,100","블랙_21,100"
12278528,앱코 WKM620 TKL 멀티 컬러 육각키캡 무선 미니 키보드 마우스 세트,"옐로우_일시품절|피치_35,000|핑크_13,900","옐로우_일시품절|피치_35,000|핑크_13,900"
12257378,앱코 WKM650 멀티 컬러 육각키캡 무선 키보드 마우스 세트,"핑크_10,900|스카이 블루_14,900|카키_14,100","핑크_10,900|스카이 블루_14,900|카키_14,100"
17990549,앱코 WKM800 무선 키보드 마우스 세트,"21,500","21,500"
13860356,앱코 WKM900 무소음 무선 키보드 마우스 세트,"블랙_21,900","블랙_21,900"
31427648,앱코 검은사막 AN01 게이밍 기계식,"24,900",0
5682280,앱코 레트로 써클 컬러 키캡 104키,"블랙_34,000|화이트, 실버_31,570","블랙_34,000|화이트, 실버_31,570"
4291186,앱코 레트로 써클 키캡,"68키_29,000|87키_31,780|104키_34,030","68키_29,000|87키_31,750|104키_34,030"
13493210,앱코 앱코 ASM01 스위트몬스터 스페셜에디션 무선 터치패드 키보드,"24,900","24,900"
3768039,앱코 초콜릿 KM80 무선 Combo,"골드_32,400|블랙_18,700|핑크_18,000","골드_32,400|블랙_18,700|핑크_18,000"
31680023,엠스톤글로벌 GV10 수제윤활 크레용 MA,"갈축, 45g_155,000|은축_164,000|저소음 갈축_일시품절|저소음 밀키축, 45g_151,000|적축_155,000",0
28883417,엠스톤글로벌 GV10 수제윤활 클라리온 MA,"코랄V2축, 38g_일시품절|갈축, 45g_151,000|밀키V2축, 38g_164,000|밀키V2축, 45g_164,000|저소음 갈축_159,000||||||",0
28883369,엠스톤글로벌 GV10 수제윤활 클라리온 MA,0,"코랄V2축, 38g_일시품절|갈축, 45g_151,000|밀키V2축, 38g_164,000|밀키V2축, 45g_164,000|저소음 갈축_159,000||||||"
28416083,엠스톤글로벌 GV10 수제윤활 퍼플러MA,"코랄V2축, 38g_177,700|저소음 코랄축, 45g_164,000|밀키V2축, 38g_164,000|밀키V2축, 45g_164,000|저소음 밀키축, 38g_164,000|||||||","코랄V2축, 38g_177,700|저소음 코랄축, 45g_164,000|밀키V2축, 38g_164,000|밀키V2축, 45g_164,000|저소음 밀키축, 38g_164,000|||||||"
31489913,엠스톤글로벌 GV8 수제윤활 블루블랙,"밀키V2축, 38g_159,000|밀키V2축, 45g_159,000|저소음 갈축_157,000|저소음 밀키축, 38g_159,000|저소음 밀키축, 45g_159,000|||","밀키V2축, 38g_159,000|밀키V2축, 45g_159,000|저소음 갈축_157,000|저소음 밀키축, 38g_159,000|저소음 밀키축, 45g_159,000|||"
11464899,웨이코스 씽크웨이 CROAD BK620 턴 블루투스 유무선 기계식 키보드,"청축_74,000|갈축_113,000|적축_86,890","청축_74,000|갈축_113,000|적축_86,890"
5867148,웨이코스 씽크웨이 CROAD C704 체리미엄 PBT LED 기계식 키보드,"적축_115,000","적축_115,000"
6398834,웨이코스 씽크웨이 CROAD K10 LED 기계식 숫자 키패드,"청축_18,910|갈축_18,890|적축_18,890",0
6398866,웨이코스 씽크웨이 CROAD K10 LED 기계식 숫자 키패드,0,"청축_18,910|갈축_18,890|적축_18,890"
10002555,웨이코스 씽크웨이 CROAD K20 매크로 숫자 키패드,"청축_27,500|갈축_27,500|적축_27,500","청축_27,500|갈축_27,500|적축_27,500"
6953971,웨이코스 씽크웨이 CROAD X36 키보드 손목 보호 받침대 (텐키리스용),"29,800","29,800"
9568890,웨이코스 씽크웨이 토체티 D&T 콜라보 체리 키보드,"파스텔블루, 갈축_146,600|다크그레이, 저소음 흑축_156,250|베이지, 갈축_144,000|베이지, 은축_151,700|베이지, 저소음 적축_205,590|||||||||","파스텔블루, 갈축_146,600|다크그레이, 저소음 흑축_156,250|베이지, 갈축_144,000|베이지, 은축_151,700|베이지, 저소음 적축_205,590|||||||||"
10308201,웨이코스 씽크웨이 토체프 D&T 콜라보 체리 키보드,"파스텔블루, 갈축_157,700|파스텔블루, 적축_139,000|파스텔블루, 저소음 적축_162,400|파스텔블루, 은축_130,070|파스텔블루, 저소음 흑축_149,000|||||||","파스텔블루, 갈축_157,700|파스텔블루, 적축_139,000|파스텔블루, 저소음 적축_162,400|파스텔블루, 은축_130,070|파스텔블루, 저소음 흑축_149,000|||||||"
4736145,제닉스 STORMX K5,"청축_69,900|갈축_69,900|적축_69,900","청축_69,900|갈축_69,900|적축_69,900"
16909373,제닉스 STORMX MK-3,"청축_39,900|갈축_48,500|적축_45,000","청축_39,900|갈축_48,500|적축_45,000"
3698484,제닉스 STORMX TITAN SE,"골드_27,800|그레이_27,800|블랙_27,000|블루_27,800|화이트_27,000","골드_27,800|그레이_27,800|블랙_27,000|블루_27,800|화이트_27,000"
32129144,제닉스 STORMX TITAN VE,"25,900","25,900"
5061650,제닉스 STORMX ZERO,"청축_54,000|적축_56,100","청축_54,000|적축_56,100"
12438863,제닉스 WC2 키보드마우스 콤보,"블랙_31,110|화이트_18,400","블랙_31,110|화이트_18,400"
17261381,제닉스 X-PAM COOL GEL 손목받침대,"22,500","22,500"
18463994,제닉스 X-PAM 손목받침대,"14,900","14,900"
5454370,제닉스 XPAM 대나무 손목 받침대,"텐키리스용_11,780|풀배열용_11,780","텐키리스용_11,780|풀배열용_11,780"
15319547,제닉스 스톰엑스 아크릴 손목받침대 텐키리스,"스노우_13,900|크리스탈_13,900|블랙_13,900","스노우_13,900|크리스탈_13,900|블랙_13,900"
15319625,제닉스 스톰엑스 아크릴 손목받침대 풀키,"스노우_13,900|크리스탈_13,900|블랙_15,400","스노우_13,900|크리스탈_13,900|블랙_15,400"
12875030,제닉스 스톰체이서LT 게이밍 기계식 키보드,"청축_42,000|갈축_일시품절|적축_일시품절","청축_42,000|갈축_일시품절|적축_일시품절"
12875270,제닉스 스톰체이서LT 텐키리스 게이밍 기계식 키보드,"청축_29,900|갈축_29,900|적축_29,900","청축_29,900|갈축_29,900|적축_29,900"
31465028,제닉스 엑스팜 월넛 팜레스트,"풀키_15,890|텐키리스_15,890","풀키_15,890|텐키리스_15,890"
17851214,주연테크 JK01 PBT,"적축_39,990|갈축_43,000","적축_43,000|갈축_43,000"
17967110,주연테크 JWK01BT,"29,890","29,890"
5656098,지클릭커 G-Clicker GMK-230 with PAD 장패드 세트,"11,900","11,900"
32890880,지클릭커 OFFICE PRO WK10 저소음 무선 블루투스,"블랙_16,400|그린_16,400|핑크_16,400|화이트_16,400","블랙_16,400|그린_16,400|핑크_16,400|화이트_16,400"
38450648,지클릭커 슈퍼히어로 GK-K540 크리스탈 투명 게이밍 기계식 블랙,"청축_가격비교예정|갈축_34,300|적축_34,300","청축_가격비교예정|갈축_34,300|적축_34,300"
38450723,지클릭커 슈퍼히어로 GK-K540 크리스탈 투명 게이밍 기계식 화이트,"청축_가격비교예정|갈축_34,300|적축_34,300","청축_가격비교예정|갈축_34,300|적축_34,300"
36835325,지클릭커 슈퍼히어로 SPK100 저소음 무선 블루투스 기계식,"밀키 블루_57,300|레트로 레드빈_57,000|팝핑 블랙_57,000","밀키 블루_57,300|레트로 레드빈_57,000|팝핑 블랙_57,000"
14748890,쿨러마스터 CK352 기계식 키보드,"갈축_75,900|적축_75,900|청축_75,900","갈축_75,900|적축_75,900|청축_75,900"
28059362,쿨러마스터 CK570 Street Fighter 6 Chun-Li 기계식,"125,000","125,000"
2671457,쿨러마스터 CM STORM QUICK FIRE RAPID-i,"청축_91,990","청축_91,990"
2447169,쿨러마스터 CM STORM QUICK FIRE TK STEALTH,"청축_82,000","청축_82,000"
3633518,쿨러마스터 CM STORM QUICK FIRE XTi,"청축_102,370","청축_102,370"
3447828,쿨러마스터 CM STORM QUICK FIRE XTi PC방 Version,"청축_158,000","청축_158,000"
2621935,쿨러마스터 CM STORM TRIGGER Z,"청축_184,000","청축_184,000"
6032018,쿨러마스터 MASTERKEYS MECHANICAL KEYCAP,"31,500","31,500"
4385990,쿨러마스터 MASTERKEYS PRO M White LED,"청축_70,730","청축_70,730"
4120535,쿨러마스터 MasterKeys RGB PRO L,"청축_123,770","청축_123,770"
7158781,쿨러마스터 Soft wrist rest WR530 S 손목받침대,"9,090","9,090"
14208506,쿨러마스터 Wrist Rest WR531 TKL 손목받침대,"9,340","9,340"
14208638,쿨러마스터 Wrist Rest WR531 풀사이즈 손목받침대,"12,600","12,600"
31372856,크로셀 C-Flip Sense Touch 블루투스,"36,800","36,800"
36709280,크로셀 C-Flip Wallet 블루투스,"29,800","29,800"
28497344,클리커스 D-501 기계식,"59,000",0
32062289,타이두 K850,"55,000","55,000"
37279181,티앤에스인터내셔널 NOX NX-K3 기계식,"39,800","39,800"
35814677,팬웨스트 GK45 KTL,"17,500","17,500"
29858222,포트리스 플레이기어 PK402 무선,"42,800",0
20007284,퓨전에프앤씨 INOTE KM960RB 무선 블루투스 키보드 마우스 세트,"39,900","39,900"
26963069,퓨전에프앤씨 INOTE X-Folding XK905B 블루투스,"52,100",0
35810393,퓨전에프앤씨 카카오프렌즈 KFKM-200 춘식이 죠르디 무선 키보드 마우스 세트,"39,800","39,800"
31311512,프나틱 기어 STREAK80 LP 기계식,"156,430","152,680"
32917055,프리플로우 archon E1 PRO MAX 유무선 무접점,"MODERN RETRO_199,000|SOLDIER_199,000","MODERN RETRO_199,000|SOLDIER_199,000"
9235386,플레오맥스 PLEOMAX PKC-K3 PU 키보드 마우스 세트,"8,610","8,610"
11920927,필립스 SPT6254,"10,740",0
2444833,한성컴퓨터 ABS 이색사출 키캡,"블루_17,000","블루_17,000"
2637549,한성컴퓨터 ABS 프리미엄 이색사출 키캡,"White-Black_24,500|White-Red_24,000|White-Red 한글_24,000|보와이 (English)_24,500","White-Black_24,500|White-Red_24,000|White-Red 한글_24,000|보와이 (English)_24,500"
12698498,한성컴퓨터 BK300 멀티페어링 블루투스 키보드,"블랙_20,460|민트_20,460|실버_20,460|핑크_20,460","블랙_20,460|민트_20,460|실버_20,460|핑크_20,460"
14413640,한성컴퓨터 BK330 멀티페어링 블루투스 키보드,"블랙_22,660|그린_24,270|핑크_23,890|화이트_22,660","블랙_22,660|그린_24,900|핑크_23,890|화이트_22,660"
13076324,한성컴퓨터 BK500 듀얼 무선 멀티페어링 키보드,"민트_30,130|블랙_30,130|퍼플_29,810|핑크_30,130|화이트_29,810","민트_30,130|블랙_30,130|퍼플_29,810|핑크_30,130|화이트_29,810"
13076492,한성컴퓨터 BKM500 듀얼 무선 키보드 마우스 세트,"민트_41,140|블랙_40,700|퍼플_40,700|핑크_41,140|화이트_41,140",0
13076483,한성컴퓨터 BKM500 듀얼 무선 키보드 마우스 세트,0,"민트_41,140|블랙_40,700|퍼플_40,700|핑크_41,140|화이트_41,140"
16357169,한성컴퓨터 GK200 RAINBOW 게이밍 기계식 키보드,"블랙, 청축_30,400|블랙, 갈축_30,400|블랙, 적축_30,400|화이트, 갈축_30,400|화이트, 적축_30,400|",0
16357064,한성컴퓨터 GK200 RAINBOW 게이밍 기계식 키보드,0,"블랙, 청축_30,400|블랙, 갈축_30,400|블랙, 적축_30,400|화이트, 갈축_30,400|화이트, 적축_30,400|"
18950486,한성컴퓨터 GK300 RAINBOW 블랙,"청축_33,900|갈축_31,300|적축_31,900","청축_33,900|갈축_31,300|적축_31,900"
18950519,한성컴퓨터 GK300 RAINBOW 화이트,"갈축_31,900","갈축_31,900"
18950525,한성컴퓨터 GK300 RAINBOW 화이트,"적축_31,900|청축_33,900","적축_31,900|청축_33,900"
14908106,한성컴퓨터 GK687 TKL 게이트론 RGB 기계식 키보드,"블랙, 청축_52,900|블랙, 갈축_52,900|블랙, 황축_52,900|블랙, 적축_52,900|화이트, 청축_52,000|||",0
14906645,한성컴퓨터 GK687 TKL 게이트론 RGB 기계식 키보드,0,"블랙, 청축_52,900|블랙, 갈축_52,900|블랙, 황축_52,900|블랙, 적축_52,900|화이트, 청축_52,000|||"
30270851,한성컴퓨터 GK777SE OfficeMaster 기계식 뽀송,"모카 코코아, 38g_84,900|모카 코코아, 45g_84,900|딸기 바나나, 38g_84,900|딸기 바나나, 45g_84,900|블루베리 스무디, 38g_84,900|","모카 코코아, 38g_84,900|모카 코코아, 45g_84,900|딸기 바나나, 38g_84,900|딸기 바나나, 45g_84,900|블루베리 스무디, 38g_84,900|"
30269954,한성컴퓨터 GK777SE OfficeMaster 기계식 토독,"모카 코코아, 35g_83,500|모카 코코아, 40g_84,900|바나나 딸기, 35g_84,900|바나나 딸기, 40g_83,500|블루베리 스무디, 35g_84,900|","모카 코코아, 35g_83,690|모카 코코아, 40g_84,900|바나나 딸기, 35g_84,900|바나나 딸기, 40g_83,690|블루베리 스무디, 35g_84,900|"
11731784,한성컴퓨터 GK787S OfficeMaster 체리 기계식 키보드,"블랙, 저소음 적축_79,900|화이트, 저소음 적축_79,900","블랙, 저소음 적축_79,900|화이트, 저소음 적축_79,900"
30269633,한성컴퓨터 GK787SE OfficeMaster 기계식 뽀송,"모카 코코아, 38g_일시품절|모카 코코아, 45g_일시품절|딸기 바나나, 38g_449,990|딸기 바나나, 45g_449,990|블루베리 스무디, 38g_409,500|","모카 코코아, 38g_일시품절|모카 코코아, 45g_일시품절|딸기 바나나, 38g_449,990|딸기 바나나, 45g_449,990|블루베리 스무디, 38g_409,500|"
30269198,한성컴퓨터 GK787SE OfficeMaster 기계식 토독,"모카 코코아, 35g_89,900|모카 코코아, 40g_89,900|바나나 딸기, 35g_89,900|바나나 딸기, 40g_89,900|블루베리 스무디, 35g_89,900|","모카 코코아, 35g_89,900|모카 코코아, 40g_89,900|바나나 딸기, 35g_89,900|바나나 딸기, 40g_89,900|블루베리 스무디, 35g_89,900|"
9590028,한성컴퓨터 GK868B TICO,"블랙, 35g_158,990|블랙, 50g_159,000|화이트, 35g_158,820|화이트, 50g_143,900","블랙, 35g_159,000|블랙, 50g_159,000|화이트, 35g_159,000|화이트, 50g_147,100"
21526553,한성컴퓨터 GK868B 염료승화 EDITION 유무선 무접점,"SURFYY_175,000","SURFYY_175,000"
7356133,한성컴퓨터 GK888B minicoup,"블랙, 50g_158,900|화이트, 35g_159,000|화이트, 50g_159,000","블랙, 50g_158,900|화이트, 35g_159,000|화이트, 50g_159,000"
32888297,한성컴퓨터 GK893B PRO 염료승화 EDITION 유무선 무접점,"INTERSTELLAR_188,600|CAMPING_175,000|Purple Heart_175,000|SURFYY_175,000","INTERSTELLAR_188,600|CAMPING_175,000|Purple Heart_175,000|SURFYY_175,000"
9368970,한성컴퓨터 GK893B SPORTS 영문,"블랙, 50g_159,000|화이트, 50g_149,000|투톤 화이트, 50g_159,000","블랙, 50g_159,000|화이트, 50g_149,000|투톤 화이트, 50g_159,000"
17288438,한성컴퓨터 GK893B SPORTS 한글,"블랙, 50g_159,000|블랙핑크, 35g_159,000|투톤 블랙, 50g_159,000|투톤 화이트, 35g_159,000|화이트, 50g_159,000|","블랙, 50g_159,000|블랙핑크, 35g_159,000|투톤 블랙, 50g_159,000|투톤 화이트, 35g_159,000|화이트, 50g_159,000|"
18490895,한성컴퓨터 GK893B 염료승화 EDITION 유무선 무접점,"TOY BLOCK_175,000|CAMPING_175,000|Purple Heart_157,500|SURFYY_175,000","TOY BLOCK_175,000|CAMPING_175,000|Purple Heart_157,500|SURFYY_175,000"
19572239,한성컴퓨터 GK896B OfficeMaster 염료승화 유무선 무접점,"CAMPING_175,900|Purple Heart_179,000","CAMPING_175,900|Purple Heart_179,000"
8489031,한성컴퓨터 GK898B OfficeMaster 영문,"블랙, 50g_일시품절|화이트, 50g_일시품절","블랙, 50g_일시품절|화이트, 50g_일시품절"
8488995,한성컴퓨터 GK898B OfficeMaster 한글,"블랙, 50g_일시품절|블랙핑크, 35g_일시품절|화이트, 35g_일시품절|화이트, 50g_일시품절","블랙, 50g_일시품절|블랙핑크, 35g_일시품절|화이트, 35g_일시품절|화이트, 50g_일시품절"
32888090,한성컴퓨터 GK898B PRO 염료승화 EDITION 유무선 무접점,"INTERSTELLAR_199,000|CAMPING_199,000|Purple Heart_199,000|SURFYY_199,000","INTERSTELLAR_199,000|CAMPING_199,000|Purple Heart_199,000|SURFYY_199,000"
21525491,한성컴퓨터 GK898B 염료승화 EDITION 무접점 키보드,"TOY BLOCK_185,000|CAMPING_185,000|Purple Heart_182,000|SURFYY_168,000","TOY BLOCK_185,000|CAMPING_185,000|Purple Heart_182,000|SURFYY_171,200"
20756627,한성컴퓨터 GK898B 유무선 체리블라썸 Edition 무접점,일시품절,일시품절
28160573,한성컴퓨터 GK903B Deskterior 유무선 기계식,"오렌지_92,000","오렌지_92,000"
28160375,한성컴퓨터 GK908B Deskterior 유무선 기계식,"화이트_102,000","화이트_102,000"
11046822,한성컴퓨터 GK993B SKY 블루투스 기계식 키보드 영문,"블랙, 갈축_99,000","블랙, 갈축_99,000"
11046696,한성컴퓨터 GK993B SKY 블루투스 기계식 키보드 한글,"블랙, 갈축_102,000|블랙, 적축_102,000|화이트, 갈축_102,000|화이트, 적축_121,560","블랙, 갈축_102,000|블랙, 적축_102,000|화이트, 갈축_102,000|화이트, 적축_121,560"
12246560,한성컴퓨터 GK998B SKY 블루투스 기계식 키보드 한글,"화이트, 갈축_일시품절","화이트, 갈축_일시품절"
3000884,한성컴퓨터 GTune CHL5 RGB,"55g_169,860","55g_169,860"
8112178,한성컴퓨터 GTune GK600 게이밍 기계식,"그레이, 청축_39,900|그레이, 적축_39,900|그레이, 갈축_39,900|실버, 청축_39,900|실버, 적축_39,900|","그레이, 청축_39,900|그레이, 적축_39,900|그레이, 갈축_39,900|실버, 청축_39,900|실버, 적축_39,900|"
6523571,한성컴퓨터 GTune GK638 Optik RGB 축교환 광축 게이밍,"블랙, 클릭_30,980|블랙, 리니어_41,090|화이트, 클릭_37,500","블랙, 클릭_30,980|블랙, 리니어_41,090|화이트, 클릭_37,500"
5934553,한성컴퓨터 GTune GK787 OfficeMaster PBT 체리 게이밍 기계식,"화이트, 저소음 적축_186,000","화이트, 저소음 적축_186,000"
5455259,한성컴퓨터 GTune MBF77 Fusion 게이밍 콤보,"블랙_19,900|화이트_22,900","블랙_19,900|화이트_22,900"
5011018,한성컴퓨터 GTune MBF77 Vision,"블랙_19,900|화이트_19,900","블랙_19,900|화이트_19,900"
3958721,한성컴퓨터 GTune MKF14S XRGB Color Edition,"블루, 청축_59,900|핑크, 청축_64,900","블루, 청축_59,900|핑크, 청축_64,900"
5291224,한성컴퓨터 GTune MKF30S RAINBOW,"블랙, 갈축_39,900|블랙, 적축_39,900|블랙, 청축_39,900|화이트, 갈축_39,900|화이트, 적축_39,900|","블랙, 갈축_39,900|블랙, 적축_39,900|블랙, 청축_39,900|화이트, 갈축_39,900|화이트, 적축_39,900|"
4677213,한성컴퓨터 HKM1000K 키보드마우스 세트,"17,220","17,220"
5092064,한성컴퓨터 HKM660WL,"화이트_15,900","화이트_15,900"
17568080,한성컴퓨터 LKM500 Win/Mac 전환 무선 키보드 마우스 세트,"블랙_22,900|퍼플_22,900|핑크_22,900|화이트_25,900","블랙_22,900|퍼플_22,900|핑크_22,900|화이트_25,900"
17382941,한성컴퓨터 MK200 RAINBOW 조약돌 키보드,"블랙_15,900","블랙_15,900"
19314248,한성컴퓨터 MKF30S PLUS RAINBOW 기계식 블랙,"청축_37,950|갈축_37,950|적축_37,950","청축_37,950|갈축_37,950|적축_37,950"
19314275,한성컴퓨터 MKF30S PLUS RAINBOW 기계식 화이트,"갈축_37,730|적축_37,950|청축_37,950","갈축_37,730|적축_37,950|청축_37,950"
17383064,한성컴퓨터 MKM200 RAINBOW 조약돌 키보드 마우스 세트,"블랙_20,570|화이트_22,900","블랙_20,570|화이트_22,900"
10996575,한성컴퓨터 OfficeMaster S3 무선 키보드 마우스 세트,"블랙_16,900|화이트_16,900","블랙_16,900|화이트_16,900"
11889358,한성컴퓨터 TFG ARF 게이트론 RGB 게이밍 LP 광축키보드,"블랙, 청축_51,810|블랙, 갈축_52,900|블랙, 백축_52,900|블랙, 적축_52,900|화이트, 갈축_52,900|||","블랙, 청축_51,810|블랙, 갈축_52,900|블랙, 백축_52,900|블랙, 적축_52,900|화이트, 갈축_52,900|||"
11889916,한성컴퓨터 TFG ARF 게이트론 RGB 게이밍 크리스탈 광축키보드,"블랙, 청축_49,900|블랙, 갈축_52,900|블랙, 백축_52,900|블랙, 적축_52,900|화이트, 갈축_52,900|||","블랙, 청축_49,900|블랙, 갈축_52,900|블랙, 백축_52,900|블랙, 적축_52,900|화이트, 갈축_52,900|||"
10348473,한성컴퓨터 TFG ARF 아트박스 게이밍 기계식 영문,"블랙, 갈축_89,000|블랙, 백축_89,000|블랙, 흑축_89,000|실버, 갈축_89,000|실버, 백축_89,000||","블랙, 갈축_89,000|블랙, 백축_89,000|블랙, 흑축_89,000|실버, 갈축_89,000|실버, 백축_89,000||"
10348383,한성컴퓨터 TFG ARF 아트박스 게이밍 기계식 한글,"블랙, 백축_89,000|블랙, 흑축_89,000","블랙, 백축_89,000|블랙, 흑축_89,000"
10348689,한성컴퓨터 TFG ARF 체리 게이밍 기계식 영문,"블랙, 갈축_85,900|블랙, 적축_85,900|실버, 갈축_85,900","블랙, 갈축_85,900|블랙, 적축_85,900|실버, 갈축_85,900"
18168929,한성컴퓨터 TFG ART Wireless V2 듀얼무선 기계식 키보드 블랙,"갈축_139,000|적축_139,000|저소음 적축_149,000","갈축_139,000|적축_139,000|저소음 적축_149,000"
18168986,한성컴퓨터 TFG ART Wireless V2 듀얼무선 기계식 키보드 화이트,"갈축_139,000|적축_139,000|저소음 적축_149,000","갈축_139,000|적축_139,000|저소음 적축_149,000"
13736372,한성컴퓨터 TFG ART Wireless 영문,"블랙, 갈축_171,500|블랙, 적축_179,000","블랙, 갈축_171,500|블랙, 적축_179,000"
13736453,한성컴퓨터 TFG ART Wireless 한글,"블랙, 갈축_179,000|블랙, 적축_179,000|블랙, 저소음 적축_일시품절|화이트, 갈축_138,430","블랙, 갈축_179,000|블랙, 적축_179,000|블랙, 저소음 적축_일시품절|화이트, 갈축_138,430"
31425008,한성컴퓨터 TFX GTO Wireless 로보,"갈축_128,700|백축_125,000|샤크_139,000|호크_139,000","갈축_128,700|백축_125,000|샤크_139,000|호크_139,000"
31424834,한성컴퓨터 TFX GTO Wireless 산토리니,"백축_128,700|갈축_128,700|샤크_139,000|호크_139,000","백축_128,700|갈축_128,700|샤크_139,000|호크_139,000"
