Id,Name,2023-01-01 10:48:04
17568377,AONE AD220 FHD 프리싱크 HDR,"99,000"
17568422,AONE AD220 FHD 프리싱크 HDR 무결점,"99,000"
17568470,AONE AD240 FHD 프리싱크 HDR,"109,000"
17568500,AONE AD240 FHD 프리싱크 HDR 무결점,"109,000"
17568611,AONE AD270 FHD 프리싱크 HDR,"139,000"
17568584,AONE AD270 FHD 프리싱크 HDR 무결점,"139,000"
10273200,APPLE Pro Display XDR Nano-texture MWPF2KH/A,"7,194,500"
17214971,APPLE Studio Display Nano-texture MMYW3KH/A,"2,365,500"
15625514,ASUS BE24EQK,"178,030"
12439718,ASUS ProArt PA248QV WUXGA,"361,240"
12439073,ASUS ProArt PA278QV sRGB 100,"571,330"
15721247,ASUS ProArt PA279CV 4K 대원씨티에스,"439,000"
15610478,ASUS ProArt PA279CV 4K 인텍앤컴퍼니,"609,000"
16785092,ASUS ProArt PA27UCX 인텍앤컴퍼니,"3,240,000"
10214025,ASUS ProArt PA329C 4K UHD HDR,"1,445,300"
16785434,ASUS ProArt PA32UCG-K 인텍앤컴퍼니,"5,490,000"
16785803,ASUS ProArt PA32UCX-PK 인텍앤컴퍼니,"4,690,000"
13519499,ASUS ROG STRIX XG17AHP 240 휴대용 게이밍,"990,000"
13524716,ASUS ROG STRIX XG27UQ,"828,520"
13347368,ASUS ROG STRIX XG27WQ,"479,000"
13525010,ASUS ROG STRIX XG32VC,"376,640"
7685902,ASUS ROG STRIX XG32VQR HDR 400 QHD 커브드 게이밍,"755,650"
6222487,ASUS ROG STRIX XG35VQ,"1,117,660"
12645221,ASUS ROG SWIFT PG259QN,"1,154,300"
13509944,ASUS ROG SWIFT PG259QNR 지싱크 360 게이밍,"1,282,990"
13601600,ASUS ROG SWIFT PG259QNR 지싱크 360 게이밍 (해외구매),"783,810"
15819947,ASUS ROG SWIFT PG32UQX UHD 4K HDR 1400,"3,969,980"
13524347,ASUS ROG SWIFT PG43UQ,"1,343,990"
13346666,ASUS TUF Gaming VG259QR,"209,000"
13057217,ASUS TUF Gaming VG279QR,"298,000"
17822192,ASUS TUF Gaming VG27AQ1A,"336,810"
10014249,ASUS TUF Gaming VG27BQ HDR 165,"453,000"
13346531,ASUS TUF Gaming VG27WQ1B,"486,000"
13346822,ASUS TUF Gaming VG328H1B,"329,000"
11505305,ASUS VA24DQLB 피벗 시력보호,"224,230"
17622686,ASUS VA329HE 대원씨티에스,"206,700"
3874874,ASUS VC239H-W 시력보호 슬림,"156,370"
3798402,ASUS VC279H-W 시력보호 슬림,"316,680"
7468030,ASUS VG258QR 165 게이밍,"227,970"
7467847,ASUS VG278QR 165 게이밍,"263,840"
7654690,ASUS VG279Q GAMING 144,"268,990"
15742826,ASUS VP247HAE EYECARE,"174,440"
15017495,ASUS VP249QGR 144 게이밍 인텍앤컴퍼니,"298,000"
13806671,ASUS VP279HE 시력보호 Gaming 베젤리스,"260,800"
13346978,ASUS VY249HE,"149,000"
13524509,ASUS VY279HE,"191,120"
16196024,ASUS VZ24EHE 시력보호 Gaming 베젤리스,"169,000"
15264056,ASUS VZ27EHE 시력보호 Gaming 베젤리스,"225,330"
14728346,ASUS ZenScreen MB16ACR USB-C 휴대용,"344,200"
15826205,ASUS ZenScreen MB16ACV 포터블 USB,"332,770"
16010894,ASUS ZenScreen MB16AH 포터블 USB 대원씨티에스,"276,060"
15656825,ASUS ZenScreen MB16AH 포터블 USB 인텍앤컴퍼니,"302,600"
9935700,ASUS ZenScreen MB16AMT 터치 휴대용,"549,000"
18167636,Achieva Shimian QH270-IPSBS (중고),"109,200"
15945758,Aimecca AM-225LE(V) HDMI 75 무결점,"109,990"
12781208,Aimecca AM-2400 TOUCH 스마트 멀티 터치 무결점,"249,200"
17184338,Aimecca AM-240LP 베젤리스 HDMI 광시야각 75 무결점,"96,300"
11556386,Aimecca AM-244LE(N) HDMI 75 무결점,"110,000"
18258515,Aimecca AM-270LP 베젤리스 HDMI 광시야각 75,"128,770"
18258548,Aimecca AM-270LP 베젤리스 HDMI 광시야각 75 무결점,"134,990"
7050130,Aimecca AM-277PH 75 Plus 광시야각,"135,700"
7050136,Aimecca AM-277PH 75 Plus 광시야각 무결점,"138,980"
9608757,Aimecca AM-325LE Plus2,"150,000"
9608769,Aimecca AM-325LE Plus2 무결점,"155,000"
6417138,BABEL BM-2475LED HDMI 75 베젤리스 IPS 광시야각 아이케어,"117,520"
6417145,BABEL BM-2475LED HDMI 75 베젤리스 IPS 광시야각 아이케어 무결점,"119,000"
6468684,BABEL BM-2707LED HDMI 게이밍 75 베젤리스 광시야각 아이케어 무결점,"142,000"
6468686,BABEL BM-2716LED DP 게이밍 165 베젤리스 광시야각 아이케어 무결점,"209,670"
15512732,BABEL BM-3265DPI 180 HDR 베젤리스 게이밍 피벗 엘리베이션 광시야각,"288,700"
15512774,BABEL BM-3265DPI 180 HDR 베젤리스 게이밍 피벗 엘리베이션 광시야각 무결점,"286,530"
5258904,BenQ BL2706HT 아이케어 무결점,"944,000"
5861489,BenQ EL2870U 아이케어 무결점,"379,000"
9846150,BenQ EW2480 아이케어 무결점,"169,000"
9846411,BenQ EW2780 아이케어 무결점,"251,500"
11726564,BenQ EW2780Q 아이케어 무결점,"399,000"
10340835,BenQ EW2780U 아이케어 무결점,"499,000"
15492269,BenQ EW2880U 아이케어 무결점,"448,980"
6858820,BenQ EW3270U 아이케어 (리퍼비시),"382,000"
10050582,BenQ EW3280U 아이케어 무결점,"849,000"
15685790,BenQ EW3880R 아이케어 무결점,"1,330,000"
9833304,BenQ EX2780Q 아이케어 무결점,"960,000"
6233239,BenQ GW2280 아이케어 무결점,"169,000"
5300621,BenQ GW2480 아이케어 무결점,"168,990"
17339756,BenQ GW2480L 아이케어 무결점,"211,000"
8725490,BenQ GW2480T 아이케어 무결점,"196,780"
15644015,BenQ GW2485TC 아이케어 무결점,"219,000"
5300707,BenQ GW2780 아이케어 무결점,"198,960"
12010736,BenQ GW2780T 아이케어 무결점,"289,000"
15644528,BenQ GW2785TC 아이케어 무결점,"318,990"
5113742,BenQ PD2700Q 아이케어 무결점,"439,000"
7291255,BenQ PD2700U 아이케어 무결점,"699,000"
16252496,BenQ PD2705U 아이케어 무결점,"829,000"
15912833,BenQ PD2725U 아이케어 무결점,"1,389,690"
5031433,BenQ PD3200U 아이케어 무결점,"1,199,000"
16844408,BenQ PD3205U 아이케어 무결점,"1,190,000"
6158641,BenQ SW240 AQCOLOR,"499,000"
8867600,BenQ SW270C AQCOLOR,"1,090,000"
13118921,BenQ SW271C AQCOLOR,"1,990,000"
11915746,BenQ SW321C AQCOLOR,"2,490,000"
12303575,BenQ ZOWIE XL2411K 게이밍 무결점,"268,870"
5710018,BenQ ZOWIE XL2411P 아이케어 무결점,"269,000"
4566294,BenQ ZOWIE XL2430 아이케어 무결점,"698,990"
5879229,BenQ ZOWIE XL2536 아이케어 무결점,"698,990"
15064085,BenQ ZOWIE XL2540K,"499,000"
5370381,BenQ ZOWIE XL2546 아이케어 무결점,"699,000"
12303416,BenQ ZOWIE XL2546K 게이밍 무결점,"698,900"
18465101,BenQ ZOWIE XL2566K 게이밍 무결점,"1,090,000"
4566338,BenQ ZOWIE XL2720 아이케어 무결점,"441,590"
10743753,BenQ ZOWIE XL2731 아이케어 무결점,"449,000"
15189257,BenQ ZOWIE XL2731K,"448,900"
5879276,BenQ ZOWIE XL2740 아이케어 무결점,"849,000"
10441182,BenQ ZOWIE XL2746S 아이케어 무결점,"739,000"
17668202,BenQ 모비우스 EX240,"299,000"
17668712,BenQ 모비우스 EX240N,"239,000"
12201194,BenQ 모비우스 EX2510 게이밍 무결점,"299,000"
14551685,BenQ 모비우스 EX2510S,"299,000"
17679836,BenQ 모비우스 EX270M,"619,000"
17679923,BenQ 모비우스 EX270QM,"1,190,000"
12200843,BenQ 모비우스 EX2710 게이밍 무결점,"339,000"
15156128,BenQ 모비우스 EX2710Q,"705,420"
15165515,BenQ 모비우스 EX2710R,"499,000"
14551835,BenQ 모비우스 EX2710S,"338,990"
17035067,BenQ 모비우스 EX2710U,"1,159,000"
15165764,BenQ 모비우스 EX3210R,"648,900"
16760102,BenQ 모비우스 EX3210R 다잉라이트2 스페셜 에디션,"654,000"
16018604,BenQ 모비우스 EX3210U,"1,490,000"
16523594,BenQ 모비우스 EX3410R,"658,900"
15543455,BenQ 모비우스 EX3415R,"957,990"
17780639,CORSAIR XENEON 32UHD144 게이밍,"1,608,990"
17519399,COX CV24F75D 프레임리스 FHD 75 HDR,"97,370"
17417618,COX CV24F75D 프레임리스 FHD 75 HDR 무결점,"93,900"
17565086,COX CV27F75D 프레임리스 FHD 75 HDR,"127,200"
17565122,COX CV27F75D 프레임리스 FHD 75 HDR 무결점,"122,740"
15411815,DELL C1422H,"272,970"
13690511,DELL C2422HE,"414,700"
16787630,DELL C2423H,"377,300"
13583048,DELL C2722DE,"571,010"
16788458,DELL C2723H,"445,100"
13582760,DELL C3422WE,"881,850"
3004218,DELL E1715S,"167,990"
13035389,DELL E2020H,"143,590"
16783583,DELL E2222H,"158,610"
15440909,DELL E2422HS,"149,000"
17594477,DELL E2722H,"225,600"
15529358,DELL E2722HS,"207,780"
16650407,DELL G2422HS,"369,000"
16789502,DELL G3223D,"639,000"
17164475,DELL G3223Q,"999,000"
4309364,DELL P1917S,"212,880"
14740445,DELL P2222H,"244,880"
5366467,DELL P2418HT,"438,990"
12271346,DELL P2421,"299,000"
14366501,DELL P2422H,"228,000"
16591424,DELL P2423D,"322,880"
16555727,DELL P2423DE,"399,000"
14366648,DELL P2722H,"279,000"
15507623,DELL P2722HE,"341,700"
16593191,DELL P2723D,"406,600"
16555628,DELL P2723DE,"434,370"
16588217,DELL P2723QE,"529,650"
13428893,DELL P3221D,"578,930"
15066356,DELL P3222QE,"699,000"
17731784,DELL P3223DE,"649,000"
17859902,DELL P3223QE,"699,000"
12717305,DELL P3421W,"827,020"
12710837,DELL S2421H,"218,020"
12507365,DELL S2421HGF,"252,480"
12497105,DELL S2421HN,"149,000"
14868797,DELL S2422HG,"238,900"
14910752,DELL S2522HG,"399,000"
12612587,DELL S2721DGF,"586,660"
12478679,DELL S2721DS,"326,880"
12710891,DELL S2721H,"269,000"
12612173,DELL S2721HGF,"349,000"
12497252,DELL S2721HN,"244,050"
12478604,DELL S2721QS,"443,890"
16137761,DELL S2722DC,"354,900"
16137644,DELL S2722DZ,"491,420"
16137869,DELL S2722QC,"450,440"
17012588,DELL S2723HC,"389,990"
12849485,DELL S3221QS,"428,980"
16137488,DELL S3222HS,"366,550"
15686438,DELL S3422DWG,"699,000"
16968155,DELL S3423DWC,"841,670"
14872901,DELL SE2422H,"154,000"
14876492,DELL SE2722H,"178,980"
16950371,DELL SE2723DS,"314,990"
17192033,DELL SE3223Q,"404,390"
17047289,DELL U3023E,"929,000"
4083800,DELL UltraSharp U2412M (중고),"89,710"
12452981,DELL UltraSharp U2421E,"431,000"
14099513,DELL UltraSharp U2422H,"338,930"
14501162,DELL UltraSharp U2422HE,"398,000"
10334211,DELL UltraSharp U2520D,"509,000"
10333962,DELL UltraSharp U2720Q,"718,860"
14081603,DELL UltraSharp U2722D,"495,150"
14502002,DELL UltraSharp U2722DE,"598,990"
16677662,DELL UltraSharp U2723QE,"799,000"
6469373,DELL UltraSharp U3219Q,"1,199,000"
16932623,DELL UltraSharp U3223QE,"1,279,000"
17492168,DELL UltraSharp U3223QZ,"1,599,000"
13009595,DELL UltraSharp U3421WE,"1,097,970"
13729442,DELL UltraSharp U3821DW,"1,680,000"
13896497,DELL UltraSharp U4021QW,"1,997,940"
11108418,DELL UltraSharp U4320Q,"1,198,770"
6644425,DELL UltraSharp U4919DW,"1,759,600"
10906401,DELL UltraSharp UP2720Q,"2,139,000"
13917092,DELL UltraSharp UP3221Q,"5,532,550"
13784441,DELL 에일리언웨어 AW2521H,"1,045,460"
13171539,DELL 에일리언웨어 AW2523HF,"639,000"
13783970,DELL 에일리언웨어 AW2721D,일시품절
18011729,DELL 에일리언웨어 AW2723DF,"929,000"
9702474,DELL 에일리언웨어 AW3420DW,"1,489,980"
16742813,DELL 에일리언웨어 AW3423DW,"2,090,000"
18545918,DELL 에일리언웨어 AW3423DWF,"1,698,990"
13348991,DELL 에일리언웨어 AW3821DW,"2,299,000"
12444431,EIZO ColorEdge PROMINENCE CG3146,"38,500,000"
9295077,GIGABYTE AORUS CV27F Gaming 피씨디렉트,"458,190"
10651827,GIGABYTE AORUS CV27F RGB Fusion 제이씨현,"409,000"
12282350,GIGABYTE AORUS FI25F 슈퍼스피드 IPS RGB Fusion 제이씨현,"659,140"
10651632,GIGABYTE AORUS FI27Q RGB Fusion 피씨디렉트,"695,000"
14339342,GIGABYTE AORUS FI32Q QHD 게이밍 165 피씨디렉트,"752,110"
14527085,GIGABYTE AORUS FI32U 4K PRO 제이씨현,"1,149,750"
14542376,GIGABYTE AORUS FI32U UHD 4K PRO 게이밍 144 피씨디렉트,"1,219,000"
14642576,GIGABYTE AORUS FO48U 4K PRO OLED 제이씨현,"1,399,000"
14586869,GIGABYTE AORUS FO48U OLED UHD 4K PRO 게이밍 120 피씨디렉트,"1,399,000"
14554754,GIGABYTE AORUS FV43U QLED UHD 4K PRO 게이밍 144 피씨디렉트,일시품절
14247047,GIGABYTE G24F FHD 게이밍 165 피씨디렉트,"249,000"
15172889,GIGABYTE G27F 게이밍 144 피씨디렉트,"279,000"
12200381,GIGABYTE G27Q QHD 게이밍 144 피씨디렉트,"379,000"
17552408,GIGABYTE G27QC A QHD 커브드 게이밍 165 피씨디렉트,"494,000"
15327140,GIGABYTE G34WQC A UWQHD 커브드 게이밍 144 피씨디렉트,"499,000"
14964413,GIGABYTE M32U UHD 4K 게이밍 144 피씨디렉트,"899,000"
15993095,GIGABYTE M34WQ 144 HDR KVM 제이씨현,"629,000"
16170389,GIGABYTE M34WQ IPS 144 UWQHD HDR400 게이밍 피씨디렉트,"628,000"
12044819,GIGABYTE 게이밍 G27F 144 제이씨현,"279,000"
15321344,GIGABYTE 게이밍 G34WQC A 144 커브드 HDR 제이씨현,"498,940"
13456751,GIGABYTE 게이밍 M27F 144 HDR KVM 제이씨현,"417,690"
11433102,HP 24MQ QHD,"236,090"
11433069,HP 27MQ QHD,"249,000"
13273526,HP E24i G4,"258,990"
13258859,HP E24t G4,"398,990"
14461439,HP E27u G4,"405,650"
16112252,HP M24fd USB-C,"167,160"
13865201,HP M27FW,"184,000"
18442256,HP M27fe,"195,000"
15752192,HP P22 G4,"168,990"
18442064,HP P24 G5,"207,990"
15991973,HP U32 4K,"613,990"
17637548,HP V22i G5 IPS,"138,870"
12600965,HP X24ih,"197,980"
14859710,HP X27,"281,080"
16419770,HP X27QC,"276,910"
14644091,HP X27q,"378,000"
15254345,HP X32 QHD Gaming,"399,000"
15599378,HP X34 Gaming,"537,470"
16968986,HP Z Display Z24u G3,"329,000"
18545657,HP Z Display Z32k G3 4K 썬더볼트4,"1,128,940"
17895038,HP v27i G5,"172,990"
16497599,HP 오멘 27c,"613,350"
11764427,HP 오멘 27i 무결점,"437,910"
14376143,KXG 아트 27FD 4K UHD 무결점,"239,000"
4270869,LG전자 19MB35PB,"195,330"
5519912,LG전자 22EA47HQ (중고),"53,170"
14220956,LG전자 22M47D (중고),"52,790"
16344962,LG전자 22MP410,"158,800"
17634257,LG전자 22MP410W,"154,230"
17752052,LG전자 22MP65HQ (중고),"66,990"
8081785,LG전자 24BK550YW,"240,990"
18054314,LG전자 24EA57VQ (중고),"73,690"
16860188,LG전자 24EN430H,"193,390"
5921371,LG전자 24MK430H,"160,720"
7860343,LG전자 24ML600SW,"193,900"
11640992,LG전자 24MN430HW,"157,160"
14420480,LG전자 24MP400,"169,400"
4807052,LG전자 24MP48HQ,"198,000"
14886041,LG전자 24MP500W,"164,000"
4353968,LG전자 24MP58VQ (중고),"88,990"
18535106,LG전자 24MQ400,"174,000"
13732517,LG전자 24QP500,"278,890"
14965907,LG전자 27GN600,"374,400"
6389157,LG전자 27MK430H,"185,070"
6205424,LG전자 27MK600M,"249,000"
7860454,LG전자 27ML600SW,"248,900"
11664422,LG전자 27MN430HW,"193,030"
14574509,LG전자 27MP400,"218,900"
4806652,LG전자 27MP48HQ,"230,230"
13969088,LG전자 27MP500W,"229,000"
18535184,LG전자 27MQ400,"209,000"
12055400,LG전자 27QN600,"319,000"
8834270,LG전자 27UD58 (중고),"225,330"
7927372,LG전자 27UL500,"349,000"
7865509,LG전자 27UL550,"398,900"
13732805,LG전자 27UP850,"632,450"
17163281,LG전자 27UP850N,"623,950"
8115757,LG전자 29WL50S,"260,000"
13969562,LG전자 29WP500,"248,850"
11114496,LG전자 32MN500M,"254,990"
11210484,LG전자 32MN500MW,"251,230"
17584802,LG전자 32MN600P,"257,870"
18042188,LG전자 32MN600PW,"225,000"
3738752,LG전자 32MP58HQW,"291,200"
17444858,LG전자 32MQ510SW,"288,540"
9224298,LG전자 32QK500C,"376,080"
11606297,LG전자 32QN600,"359,000"
11923114,LG전자 32QN650,"379,290"
6858979,LG전자 32UL950,"1,124,300"
14236085,LG전자 32UN500,"449,000"
12391571,LG전자 32UN550,"498,880"
12391277,LG전자 32UN650,"544,000"
7438468,LG전자 34WK95U,"1,489,590"
11649701,LG전자 34WN750,"548,900"
12098972,LG전자 35WN65C,"699,000"
18439046,LG전자 35WN65C (중고),"377,830"
12058121,LG전자 360 27QN880,"448,990"
12058307,LG전자 360 27UN880,"726,530"
17163362,LG전자 360 32QP880N,"598,900"
12057974,LG전자 360 34WN780,"618,870"
11995256,LG전자 38WN95C,"1,789,900"
15150005,LG전자 38WP85C,"1,348,300"
3098185,LG전자 40MB27HM,"541,450"
13008638,LG전자 43SP520M,"600,000"
9779502,LG전자 43UN700,"749,000"
17383496,LG전자 리베로 27BQ70QC,"648,890"
17723879,LG전자 스마트 32SQ730SW,"484,030"
18475349,LG전자 스마트 32SQ730SW + 원더 스탠드 화이트,"599,000"
17724002,LG전자 스마트 32SQ780SW,"581,030"
15150125,LG전자 울트라HD 27UP650,"499,000"
18154790,LG전자 울트라HD 27UQ850W,"791,000"
18154958,LG전자 울트라HD 32UQ850W,"1,090,000"
8581070,LG전자 울트라기어 24GL650,"210,000"
13360841,LG전자 울트라기어 24GN600,"204,000"
14758208,LG전자 울트라기어 24GN650,"330,000"
16803458,LG전자 울트라기어 24GQ50F,"219,000"
8982368,LG전자 울트라기어 27GL850,"549,000"
13025417,LG전자 울트라기어 27GN650,"368,900"
13675982,LG전자 울트라기어 27GN800,"549,000"
13666442,LG전자 울트라기어 27GN950 (해외구매),"2,449,770"
15341282,LG전자 울트라기어 27GP750,"448,000"
16771745,LG전자 울트라기어 27GP830,"448,750"
14948531,LG전자 울트라기어 27GP850,"548,880"
17340704,LG전자 울트라기어 27GP95R,"970,200"
15547661,LG전자 울트라기어 32GN50T (중고),"283,200"
12055271,LG전자 울트라기어 32GN550,"367,990"
13025645,LG전자 울트라기어 32GN650,"448,880"
16748312,LG전자 울트라기어 32GP750,"510,560"
14299766,LG전자 울트라기어 32GP850,"649,000"
17354192,LG전자 울트라기어 32GQ850L,"989,890"
17354756,LG전자 울트라기어 32GQ950,"1,609,990"
16188620,LG전자 울트라기어 34GK950F (중고),"744,480"
11495765,LG전자 울트라기어 34GN850,"1,040,000"
14834417,LG전자 울트라기어 34GP950G,"1,389,900"
12058673,LG전자 울트라기어 360 27GN880,일시품절
11879647,LG전자 울트라기어 38GN950,"2,099,990"
14652698,LG전자 울트라기어 38GN950 (중고),"1,000,000"
8003785,LG전자 울트라와이드 29WL500,"273,700"
17011808,LG전자 울트라와이드 29WQ600,"284,230"
14446880,LG전자 울트라와이드 34WP500,"378,900"
17664839,LG전자 울트라와이드 34WP550,"419,000"
16615790,LG전자 울트라와이드 34WP65C,"499,000"
17655767,LG전자 울트라와이드 34WQ60C,"599,000"
17119382,LG전자 울트라와이드 34WQ650W,"468,890"
17017532,LG전자 울트라와이드 38WQ88C,"1,690,000"
16246481,LG전자 울트라와이드 40WP95C,"2,090,000"
17599934,LG전자 울트라와이드 49WQ95C,"1,870,600"
17054663,LG전자 울트라와이드 듀얼업 28MQ780,"960,170"
9736380,LG전자 울트라파인 24MD4KL,"859,000"
5212786,LG전자 울트라파인 27MD5K 5K Display,"1,600,490"
9509199,LG전자 울트라파인 27MD5KL,"1,599,000"
4063002,LG전자 플래트론LCD W2442PA-BF (중고),"78,990"
18113468,MSI G2712 IPS 게이밍 170 아이세이버,"257,600"
18113501,MSI G2712 IPS 게이밍 170 아이세이버 무결점,"234,000"
17899706,MSI G27CQ4 E2 게이밍 170 WQHD HDR,"309,000"
17899775,MSI G27CQ4 E2 게이밍 170 WQHD HDR 무결점,"295,000"
17864318,MSI G322CQP 게이밍 170 WQHD HDR,"357,300"
17864477,MSI G322CQP 게이밍 170 WQHD HDR 무결점,"316,000"
16573175,MSI MPG 아르테미스 273CQRX-QD 퀀텀닷 240 게이밍 HDR 400,"751,500"
16537235,MSI MPG 아르테미스 273CQRX-QD 퀀텀닷 240 게이밍 HDR 400 무결점,"607,000"
14110664,MSI MPG 아르테미스 343CQR 1000R 커브드 게이밍 165 UWQHD HDR 400,"761,900"
14312045,MSI MPG 아르테미스 343CQR 1000R 커브드 게이밍 165 UWQHD HDR 400 무결점,"607,000"
15327467,MSI 모던 MD241P IPS 아이세이버,"203,280"
15327578,MSI 모던 MD241P IPS 아이세이버 무결점,"250,990"
16627481,MSI 모던 MD241P 울트라마린 에디션,"218,990"
16627511,MSI 모던 MD241P 울트라마린 에디션 무결점,"188,000"
15717818,MSI 모던 MD271P IPS 피벗 아이세이버 무결점,"399,000"
15136568,MSI 모던 MD271QP IPS 아이세이버 무결점,일시품절
17726477,MSI 모던 MD272PW IPS 아이케어 PD65,"249,000"
17726495,MSI 모던 MD272PW IPS 아이케어 PD65 무결점,"247,990"
16143845,MSI 써밋 MS321UP 4K IPS HDR600 캘리팩,"1,099,180"
14851712,MSI 오큘러스 NXG253R 게이밍 360 지싱크 RGB,"999,000"
15514799,MSI 오큘러스 NXG253R 게이밍 360 지싱크 RGB 무결점,"1,123,850"
16537415,MSI 옵틱스 AG321CQR 게이밍 165 WQHD,"359,000"
16537526,MSI 옵틱스 AG321CQR 게이밍 165 WQHD 무결점,"368,620"
10996191,MSI 옵틱스 G241 게이밍 144 아이세이버,"350,000"
10996194,MSI 옵틱스 G241 게이밍 144 아이세이버 무결점,"370,000"
14109908,MSI 옵틱스 G241V E2 아이세이버 IPS 75,"163,770"
14110016,MSI 옵틱스 G241V E2 아이세이버 IPS 75 무결점,"162,000"
16016633,MSI 옵틱스 G243 게이밍 165 아이세이버,"239,000"
16016648,MSI 옵틱스 G243 게이밍 165 아이세이버 무결점,"201,000"
9504987,MSI 옵틱스 G24C4 커브드 게이밍 144,"189,000"
13940057,MSI 옵틱스 G24C4 커브드 게이밍 144 무결점,"195,000"
10996419,MSI 옵틱스 G271 게이밍 144 아이세이버,"256,180"
10996425,MSI 옵틱스 G271 게이밍 144 아이세이버 무결점,"234,000"
15611273,MSI 옵틱스 G273 게이밍 165 아이세이버,"360,000"
15611255,MSI 옵틱스 G273 게이밍 165 아이세이버 무결점,"334,990"
14193179,MSI 옵틱스 G273QF 게이밍 165 래피드IPS WQHD,"339,000"
14193284,MSI 옵틱스 G273QF 게이밍 165 래피드IPS WQHD 무결점,"356,450"
9629547,MSI 옵틱스 G27C4 커브드 게이밍 144,"241,290"
10106118,MSI 옵틱스 G27C4 커브드 게이밍 144 무결점,"234,060"
9635646,MSI 옵틱스 G27C4 커브드 게이밍 165,"238,790"
11851495,MSI 옵틱스 G27C5 게이밍 165 아이세이버,"220,000"
12292508,MSI 옵틱스 G27CQ4 커브드 게이밍 144 아이세이버 무결점,"353,990"
12292454,MSI 옵틱스 G27CQ4 커브드 게이밍 165 아이세이버 무결점,"353,990"
11847496,MSI 옵틱스 G32C4 게이밍 144 아이세이버,"249,000"
11847505,MSI 옵틱스 G32C4 게이밍 144 아이세이버 무결점,"259,000"
11847451,MSI 옵틱스 G32C4 게이밍 165 아이세이버,"249,000"
12292802,MSI 옵틱스 G32CQ4 커브드 게이밍 144 아이세이버,일시품절
12548390,MSI 옵틱스 MAG272C 커브드 게이밍 144 HDR 무결점,"390,390"
13240508,MSI 옵틱스 MAG274QRF 게이밍 IPS QHD 165,"514,190"
13240448,MSI 옵틱스 MAG274QRF 게이밍 IPS QHD 165 무결점,"504,610"
13208468,MSI 옵틱스 MAG274QRF-QD 퀀텀닷 IPS QHD 165 게이밍,"544,700"
13208480,MSI 옵틱스 MAG274QRF-QD 퀀텀닷 IPS QHD 165 게이밍 무결점,"485,000"
16721711,MSI 옵틱스 MAG275R2 게이밍 170 아이세이버,"295,900"
16725866,MSI 옵틱스 MAG275R2 게이밍 170 아이세이버 무결점,"309,640"
15879500,MSI 옵틱스 MAG281URF 4K IPS 게이밍 HDR400 피벗,"799,000"
15879542,MSI 옵틱스 MAG281URF 4K IPS 게이밍 HDR400 피벗 무결점,"549,000"
8043040,MSI 옵틱스 MAG321CURV 커브드 게이밍 4K HDR RGB,"399,000"
16498076,MSI 옵틱스 MAG321QR 게이밍 165 WQHD HDR400,"495,800"
16498145,MSI 옵틱스 MAG321QR 게이밍 165 WQHD HDR400 무결점,"429,000"
14826611,MSI 옵틱스 MAG322CQR 커브드 게이밍 165 WQHD HDR,"398,600"
14826635,MSI 옵틱스 MAG322CQR 커브드 게이밍 165 WQHD HDR 무결점,"439,920"
6621220,MSI 옵틱스 MAG341CQ 커브드 게이밍 100 UWQHD,"565,970"
14252339,MSI 옵틱스 MAG342CQR 커브드 게이밍 144 UWQHD HDR,"449,000"
14252387,MSI 옵틱스 MAG342CQR 커브드 게이밍 144 UWQHD HDR 무결점,"425,000"
16406807,MSI 옵틱스 MEG381CQR 플러스,"1,348,000"
15397661,MSI 옵틱스 MPG321QRF-QD 퀀텀닷 IPS WQHD 게이밍,"659,000"
15410384,MSI 옵틱스 MPG321QRF-QD 퀀텀닷 IPS WQHD 게이밍 무결점,"721,000"
15481685,MSI 옵틱스 MPG321UR-QD 4K 144 HDR600 퀀텀닷,"1,155,970"
15481724,MSI 옵틱스 MPG321UR-QD 4K 144 HDR600 퀀텀닷 무결점,"931,000"
16286480,MSI 옵틱스 MPG341QR 게이밍 144 UWQHD HDR 400,"775,900"
16286540,MSI 옵틱스 MPG341QR 게이밍 144 UWQHD HDR 400 무결점,"798,910"
12693986,MSI 크리에이터 PS321QR WQHD HDR600 래피드 IPS,"900,000"
13939703,MSI 크리에이터 PS321QR WQHD HDR600 래피드 IPS 무결점,"1,345,000"
16556789,MSI 프로 MP241X 아이케어,"139,830"
14031050,MSI 프로 MP242 IPS 아이세이버,"154,730"
13505087,MSI 프로 MP271 IPS 아이세이버,"178,990"
13505090,MSI 프로 MP271 IPS 아이세이버 무결점,"189,000"
13590452,MSI 프로 MP271P IPS 피벗 아이세이버,"299,390"
13590704,MSI 프로 MP271QP IPS WQHD 피벗 아이세이버,일시품절
13925759,MSI 프로 MP271QP IPS WQHD 피벗 아이세이버 무결점,"417,690"
17712632,MSI 프로 MP273 IPS 아이케어,"178,990"
17712647,MSI 프로 MP273 IPS 아이케어 무결점,"166,790"
15606755,Razer RAPTOR 27,"999,000"
16940750,TG앤컴퍼니 TG&co CM2420W IPS 75 시력보호 홈케어,"129,000"
16941833,TG앤컴퍼니 TG&co CM2700W IPS 75 시력보호 홈케어,"149,000"
10138440,가람디스플레이 DNA-320G200 PRO GAMING 강화유리 DP 무결점,"316,720"
17575433,경성글로벌코리아 UNDERDOG MB22F75 프리싱크,"75,900"
13064831,경성글로벌코리아 UNDERDOG MB24F75 게이밍,"86,330"
13065059,경성글로벌코리아 UNDERDOG MB24F75 게이밍 무결점,"89,150"
18269405,경성글로벌코리아 UNDERDOG MB27F75 프리싱크 TYPE-C,"119,000"
18269420,경성글로벌코리아 UNDERDOG MB27F75 프리싱크 TYPE-C 무결점,"119,990"
14511164,고랩 프리뷰 GL156FTW 무선 동글 내장 배터리 포터블,"373,900"
11089344,그린디스플레이 ECO GD221LED 베젤리스,"83,520"
6877015,그린디스플레이 ECO GD2410LED HDMI 베젤리스 광시야각,"91,940"
6877030,그린디스플레이 ECO GD2410LED HDMI 베젤리스 광시야각 무결점,"95,450"
17692052,그린디스플레이 ECO GD2414LED 165 게이밍,"127,200"
17692085,그린디스플레이 ECO GD2414LED 165 게이밍 무결점,"131,500"
6728275,그린디스플레이 ECO GD27 DP 144 CURVED GAMING,"173,300"
15827000,그린디스플레이 ECO GD2702LED HDMI 베젤리스,"119,920"
15827036,그린디스플레이 ECO GD2702LED HDMI 베젤리스 무결점,"122,900"
13278239,그린디스플레이 ECO GD271LED 제로베젤 HDMI,"124,020"
15154988,그린디스플레이 ECO GD271QHD 베젤리스,"156,580"
15155024,그린디스플레이 ECO GD271QHD 베젤리스 무결점,"161,100"
16999955,그린디스플레이 ECO GD27QHD 4면 보더리스,"152,640"
16999994,그린디스플레이 ECO GD27QHD 4면 보더리스 무결점,"152,950"
9821895,그린디스플레이 ECO GD320LED IPS 제로베젤 무결점,"157,000"
15981074,그린디스플레이 ECO GD321LED 165 게이밍,"211,000"
15981140,그린디스플레이 ECO GD321LED 165 게이밍 무결점,"225,200"
10847088,그린디스플레이 ECO GD32QHD 제로베젤,"222,900"
10847175,그린디스플레이 ECO GD32QHD 제로베젤 무결점,"220,670"
14212838,그린디스플레이 GD2802UHD 4K,"208,430"
13276883,글로벌전자 271 베젤리스 게이밍 75 HDMI 무결점,"138,620"
17636684,글로벌전자 G2724 게이밍 베젤리스 PIVOT 멀티스탠드,"219,000"
8089756,글로벌전자 GX270EW 144 게이밍 베젤리스,"175,000"
16955555,글로벌전자 GX27Q 4WAY ZERO,"158,000"
16955582,글로벌전자 GX27Q 4WAY ZERO 무결점,"158,000"
12753047,글로벌전자 GX320QHD 베젤리스 무결점,"219,890"
13256111,대성글로벌코리아 ViewSync Etroy VSG241-75 HDR 슬림베젤 게이밍 무결점,"104,740"
11892559,대성글로벌코리아 ViewSync Etroy VSG271C165 HDR 1500R 게이밍,"177,230"
11892436,대성글로벌코리아 ViewSync Etroy VSG271QHD165 HDR 슬림베젤 게이밍 무결점,"228,290"
15405854,대성글로벌코리아 ViewSync Etroy VSG321QHD-75 HDR 슬림베젤,"199,000"
15421028,대성글로벌코리아 ViewSync Etroy VSG321QHD-75 HDR 슬림베젤 무결점,"203,810"
11892235,대성글로벌코리아 ViewSync Etroy VSG321QHD165 HDR 슬림베젤 게이밍,"264,000"
11892250,대성글로벌코리아 ViewSync Etroy VSG321QHD165 HDR 슬림베젤 게이밍 무결점,"257,210"
15405935,대성글로벌코리아 ViewSync Etroy VSG321UHD HDR 슬림베젤,"276,640"
15420752,대성글로벌코리아 ViewSync Etroy VSG321UHD HDR 슬림베젤 무결점,"279,460"
11892604,대성글로벌코리아 ViewSync Etroy ﻿VSG271-240 HDR 슬림베젤 게이밍,"238,990"
11892619,대성글로벌코리아 ViewSync Etroy ﻿VSG271-240 HDR 슬림베젤 게이밍 무결점,"234,960"
11802811,대성글로벌코리아 ViewSync VSO270QHD-75 HDR 베젤리스 게이밍 ﻿무결점,"164,000"
11802802,대성글로벌코리아 ViewSync VSO270QHD-75 HDR 베젤리스 게이밍﻿,"156,160"
9266991,대성글로벌코리아 ViewSync VSO273-75 Black 베젤리스 무결점,"137,500"
16855073,대원씨티에스 Luming DW27F1OM 오피스 무결점,"150,330"
14498069,디에스샵 스마트뷰 275RH ULTRA EDGE,"132,620"
14498123,디에스샵 스마트뷰 275RH ULTRA EDGE 무결점,"135,000"
13944833,디에스샵 스마트뷰 DP34 Battle G 165 게이밍 커브드,"349,000"
13944884,디에스샵 스마트뷰 DP34 Battle G 165 게이밍 커브드 무결점,"368,990"
17047751,디에스샵 스마트뷰 IP24S75 Ultra Edge,"95,810"
17047901,디에스샵 스마트뷰 IP24S75 Ultra Edge 무결점,"98,990"
10724838,디에스샵 스마트뷰 SMV X270DP 165 LOL 게이밍 광시야각,"168,000"
15245672,디에스샵 스마트뷰 SMV247T HDR HDMI,"108,990"
16693295,디엑스 DX221HDMI,"82,070"
15981836,디엑스 DX320HDMI,"164,470"
14900513,디엑스 XAVVIO X2306EW HDMI 광시야각 무결점,"102,260"
9788079,디엘티 MONEX M24FHMH 가성비 HDR,"108,900"
4919928,디엘티 MONEX M32UHM White,"259,000"
16927493,디엘티 MONEX M3401FHM144,"309,000"
15040886,라익미 울트라 UL32UHD 보더리스 무결점,"378,950"
14891483,라익미 플레이 GL27QHD 나노 165,"299,000"
14891447,라익미 플레이 GL27QHD 나노 165 무결점,"309,000"
8816564,래안텍 ARKCELL 22FF75 오피스 리얼75 무결점,"100,100"
17232026,래안텍 ARKCELL FF2475T 75 베젤리스,"109,000"
17232095,래안텍 ARKCELL FF2475T 75 베젤리스 무결점,"112,170"
7292299,래안텍 ARKCELL RAC24F75H 게이밍 무결점,"117,390"
12717176,래안텍 ArkCell 22FF75CE 오피스 리얼75 무결점,"109,990"
15109121,래안텍 ArkCell 24FF144 IPS FHD 165 게이밍,"179,000"
15109136,래안텍 ArkCell 24FF144 IPS FHD 165 게이밍 무결점,"184,000"
16799369,래안텍 ArkCell 24FF75S HDR 프리싱크 75,"122,990"
16799384,래안텍 ArkCell 24FF75S HDR 프리싱크 75 무결점,"115,000"
16384889,래안텍 ArkCell 27QAF65CE IPS 베젤리스 QHD 게이밍 165 멀티스탠드,"304,000"
6577311,래안텍 ArkCell RAC27CG165 게이밍 커브드,"209,000"
6667969,래안텍 ArkCell RAC27F75 게이밍 무결점,"148,990"
6577281,래안텍 ArkCell RAC27FG165 게이밍,"209,000"
15305567,래안텍 ArkCell RAC27FG165JL 게이밍 무결점,"209,000"
7819828,래안텍 ArkCell RAC32QFK75 WQHD 베젤리스 프리싱크 게이밍 75 무결점,"233,990"
15295517,래안텍 BLAZE QA2760CE QHD 게이밍 IPS 165,"289,000"
15295532,래안텍 BLAZE QA2760CE QHD 게이밍 IPS 165 무결점,"309,000"
4485768,래안텍 CURVED-27 144 Sniper,"224,000"
9625485,래안텍 EDGEART QA3410P HDR 리얼 100 WQHD 울트라와이드 게이밍,"379,000"
18058655,래안텍 EDGEART QA3410P HDR 리얼 100 WQHD 울트라와이드 게이밍 (중고),"275,000"
9625491,래안텍 EDGEART QA3410P HDR 리얼 100 WQHD 울트라와이드 게이밍 무결점,"389,000"
17959592,래안텍 EdgeArt F2775K 블랙 슬림 프리싱크 75,"139,000"
17959670,래안텍 EdgeArt F2775K 블랙 슬림 프리싱크 75 무결점,"145,000"
6628756,래안텍 EdgeArt F2775K 화이트슬림 프리싱크 리얼 75 게이밍,"139,000"
6628768,래안텍 EdgeArt F2775K 화이트슬림 프리싱크 리얼 75 게이밍 무결점,"148,500"
10069881,래안텍 EdgeArt FA3280P 프리싱크 180 강화유리 (중고),"224,830"
7170061,래안텍 EdgeArt Q3275K WQHD 베젤리스 프리싱크 게이밍 75,"229,000"
7170118,래안텍 EdgeArt Q3275K WQHD 베젤리스 프리싱크 게이밍 75 무결점,"231,400"
14734631,래안텍 EdgeArt Q3275K-IPS QHD 베젤리스 프리싱크 게이밍 75,"269,000"
14734655,래안텍 EdgeArt Q3275K-IPS QHD 베젤리스 프리싱크 게이밍 75 무결점,"241,730"
10381425,래안텍 EdgeArt QA2740K 베젤리스 QHD 게이밍 144,"398,990"
7210456,래안텍 EdgeArt QA2740P 베젤리스 QHD 게이밍 165,"199,000"
7210471,래안텍 EdgeArt QA2740P 베젤리스 QHD 게이밍 165 무결점,"269,000"
16121144,래안텍 EdgeArt QA3260K IPS QHD 165 게이밍,"309,000"
13071860,래안텍 EdgeArt QA3260K QHD 165 게이밍,"299,000"
12061976,래안텍 EdgeArt QA3260K QHD 165 게이밍 무결점,"319,000"
16120745,래안텍 PANTHEON CFB2740S 블랙 리얼 240 게이밍 커브드,"259,000"
16120769,래안텍 PANTHEON CFB2740S 블랙 리얼 240 게이밍 커브드 무결점,"278,770"
16196615,래안텍 PANTHEON CFB2740S 화이트 리얼 240 게이밍 커브드,"254,000"
16196597,래안텍 PANTHEON CFB2740S 화이트 리얼 240 게이밍 커브드 무결점,"275,480"
12716633,래안텍 PANTHEON F2275CE 오피스 리얼75,"103,130"
12716762,래안텍 PANTHEON F2275CE 오피스 리얼75 무결점,"103,720"
16787195,래안텍 PANTHEON F2475S HDR 프리싱크 75,"122,990"
16787228,래안텍 PANTHEON F2475S HDR 프리싱크 75 무결점,"125,990"
17232437,래안텍 PANTHEON F2475T 75 베젤리스,"109,000"
17232452,래안텍 PANTHEON F2475T 75 베젤리스 무결점,"112,340"
15906215,래안텍 PANTHEON F3275T IPS 화이트 베젤리스 75,"159,000"
15906257,래안텍 PANTHEON F3275T IPS 화이트 베젤리스 75 무결점,"179,000"
18052289,래안텍 PANTHEON F3275TB IPS 블랙 베젤리스 75,"159,000"
18052310,래안텍 PANTHEON F3275TB IPS 블랙 베젤리스 75 무결점,"163,610"
13147160,래안텍 PANTHEON FA2760CE CHARGER BASE 리얼 165 게이밍,"189,000"
13147232,래안텍 PANTHEON FA2760CE CHARGER BASE 리얼 165 게이밍 무결점,"218,980"
13013588,래안텍 PANTHEON FA2760CE 리얼 165 게이밍,"209,000"
13013831,래안텍 PANTHEON FA2760CE 리얼 165 게이밍 무결점,"219,000"
16228763,래안텍 PANTHEON FA3280TW 강화유리 180 게이밍,일시품절
13022597,래안텍 PANTHEON FB2540CE IPS 리얼 240 게이밍,"229,000"
13022645,래안텍 PANTHEON FB2540CE IPS 리얼 240 게이밍 무결점,"246,400"
16183013,래안텍 PANTHEON FB3200T 블랙 강화유리 FHD 200 게이밍,"287,100"
17546447,래안텍 PANTHEON FB3200T 화이트 강화유리 FHD 200 게이밍,"297,000"
17330873,래안텍 PANTHEON FB3240T 강화유리 240 게이밍,"319,930"
16518737,래안텍 PANTHEON Q2795S IPS QHD 베젤리스 95,"189,000"
16518800,래안텍 PANTHEON Q2795S IPS QHD 베젤리스 95 무결점,"199,000"
16519127,래안텍 PANTHEON Q2795S TN QHD 95 무결점,"210,240"
14785511,래안텍 PANTHEON QA2760CE IPS 베젤리스 QHD 게이밍 165,"299,000"
14785538,래안텍 PANTHEON QA2760CE IPS 베젤리스 QHD 게이밍 165 무결점,"309,000"
14785706,래안텍 PANTHEON QA2760CE MT IPS 베젤리스 QHD 게이밍 165 멀티스탠드,"289,000"
14785712,래안텍 PANTHEON QA2760CE MT IPS 베젤리스 QHD 게이밍 165 멀티스탠드 무결점,"299,000"
17331503,래안텍 PANTHEON QA3465P HDR UWQHD 165 멀티스탠드,"379,000"
17331461,래안텍 PANTHEON QA3465P HDR UWQHD 165 멀티스탠드 무결점,"384,980"
14940311,래안텍 PANTHEON U32C60PB TYPE-C 4K UHD IPS,"358,700"
14940323,래안텍 PANTHEON U32C60PB TYPE-C 4K UHD IPS 무결점,"357,320"
14939960,래안텍 PANTHEON U32C60PW TYPE-C 4K UHD IPS,"359,000"
17109032,래안텍 RAC27CG165JL FHD 165 커브드 게이밍,"204,000"
17109062,래안텍 RAC27CG165JL FHD 165 커브드 게이밍 무결점,"209,000"
4179074,래안텍 TR-320 Plus 2 강화유리 (중고),"180,000"
4164800,래안텍 TR-320IPS 강화유리 (중고),"155,000"
5438001,래안텍 TR390SLIM 강화유리 (중고),"220,000"
10121160,레노버 D32q-20,"268,930"
10523613,레노버 G34w-10 66A1GACBKR,"422,970"
16188098,레노버 L15 66E4UAC1WW,"245,000"
13436888,레노버 L27i-30,"170,940"
10569549,레노버 L28u-30,"325,000"
16187879,레노버 L29w-30 66E5GAC3KR,"256,940"
15740744,레노버 L32p-30 66C9UAC1KR,"446,000"
12052997,레노버 LEGION Y25-25,"295,940"
15740729,레노버 LEGION Y25g-30 66CCGAC1KR,"598,990"
13437098,레노버 Q27q-1L,"298,990"
13289399,레노버 Qreator 27,"638,910"
13638476,레노버 ThinkVision E20-20,"139,000"
17316956,레노버 ThinkVision E22-28,"129,000"
13638650,레노버 ThinkVision P24h-2L,"299,000"
16952621,레노버 ThinkVision P27u-20,"699,000"
17845523,리버텍 PIXELART PA220MF 아이케어 프리싱크 75,"82,000"
17845535,리버텍 PIXELART PA220MF 아이케어 프리싱크 75 무결점,"83,000"
16989773,리버텍 PIXELART PA242MF 아이케어 프리싱크 75,"87,500"
16989785,리버텍 PIXELART PA242MF 아이케어 프리싱크 75 무결점,"87,500"
18149435,리버텍 PIXELART PA2450F IPS 리얼 165 게이밍,"149,000"
18149459,리버텍 PIXELART PA2450F IPS 리얼 165 게이밍 무결점,"154,000"
17239484,리버텍 PIXELART PA2540F 리얼 144 게이밍 무결점,"149,000"
12850517,리버텍 PIXELART PA2541F IPS 리얼 144 게이밍,"145,900"
17239691,리버텍 PIXELART PA2541F IPS 리얼 144 게이밍 무결점,"150,900"
12793025,리버텍 PIXELART PA2580F IPS 리얼 240 게이밍,"198,630"
17238362,리버텍 PIXELART PA2580F IPS 리얼 240 게이밍 무결점,"208,990"
16990118,리버텍 PIXELART PA272MF 아이케어 프리싱크 75,"119,000"
16990133,리버텍 PIXELART PA272MF 아이케어 프리싱크 75 무결점,"120,000"
16990235,리버텍 PIXELART PA322MF 아이케어 프리싱크 75,"150,500"
16990247,리버텍 PIXELART PA322MF 아이케어 프리싱크 75 무결점,"152,000"
18149825,리버텍 PIXELART PAQ2475F IPS QHD 리얼 75,"138,920"
18149921,리버텍 PIXELART PAQ2475F IPS QHD 리얼 75 무결점,"143,990"
13354487,리버텍 PIXELART PAQ2720F IPS QHD 리얼 75,"159,000"
16944236,리버텍 PIXELART PAQ2720F IPS QHD 리얼 75 무결점,"169,000"
14905172,리버텍 PIXELART PAQ2730F MULTI IPS QHD 리얼 100 USB-C,"249,000"
16674542,리버텍 PIXELART PAQ2730F MULTI IPS QHD 리얼 100 USB-C 무결점,"258,900"
13354727,리버텍 PIXELART PAQ2750F QHD 리얼 165 게이밍,"209,000"
18341288,리버텍 PIXELART PAQ2750F QHD 리얼 165 게이밍 무결점,"219,000"
16694513,리버텍 PIXELART PAQ3250F IPS 165 게이밍,"289,000"
16694600,리버텍 PIXELART PAQ3250F IPS 165 게이밍 무결점,"299,000"
18308243,리버텍 PIXELART PAU2711F IPS 리얼 4K UHD HDR,"219,000"
18308249,리버텍 PIXELART PAU2711F IPS 리얼 4K UHD HDR 무결점,"229,000"
12595592,리버텍 PIXELART PAU2810F IPS 리얼 4K UHD HDR,"219,000"
12907556,마이크로닉스 Kyzer P32Q165 Poking 평면 게이밍 프리싱크 무결점,일시품절
8160109,마이크로닉스 VIEWRUN F156-FT 터치 무결점,일시품절
10296198,마이크로닉스 마이뷰 G27Q144 Pivot 게이밍,"240,000"
17207003,메타닉스 E3210C 1800R 커브드 게이밍 리얼 75 슬림,"174,680"
17281193,메타닉스 E3210C 1800R 커브드 게이밍 리얼 75 슬림 무결점,"178,970"
17727212,메타닉스 EG2740 FHD IPS 165 EDGE 게이밍 화이트,"255,800"
17727215,메타닉스 EG2740 FHD IPS 165 EDGE 게이밍 화이트 무결점,"267,100"
17067518,메타닉스 F156N DEX IPS 포터블 USB-C,"159,000"
18091250,메타닉스 L2211 오피스 75,"81,770"
18091268,메타닉스 L2211 오피스 75 무결점,"89,000"
18108521,메타닉스 M2410 아이케어 75,"93,980"
18108536,메타닉스 M2410 아이케어 75 무결점,"99,000"
18092483,메타닉스 M2710 아이케어 75,"129,000"
18092504,메타닉스 M2710 아이케어 75 무결점,"133,920"
18092894,메타닉스 MU2700 IPS 4K UHD HDR,"250,170"
18093038,메타닉스 MU2700 IPS 4K UHD HDR 무결점,"259,470"
17281367,메타닉스 PG2740M IPS 165 베젤리스 멀티스탠드,"255,800"
17281379,메타닉스 PG2740M IPS 165 베젤리스 멀티스탠드 무결점,"267,890"
10234992,뷰소닉 ELITE XG2405 IPS 리얼 144 게이밍 무결점,"281,990"
10299066,뷰소닉 ELITE XG2705 IPS 리얼 144 게이밍 무결점,"259,000"
16970930,뷰소닉 VA2410-HV IPS 무결점,"148,400"
12463040,뷰소닉 VA2418-SH IPS 리얼 75 무결점,"153,900"
4344125,뷰소닉 VA2419 아이케어유 무결점,"179,000"
12892370,뷰소닉 VA2432-MH IPS 프레임리스 75 무결점,"129,000"
12462929,뷰소닉 VA2718-SH IPS 리얼 75 무결점,"179,000"
4352569,뷰소닉 VA2719 아이케어유 무결점,"209,000"
7481257,뷰소닉 VA2719-2K QHD 아이케어유 무결점,"249,000"
13261829,뷰소닉 VA2732-MH IPS 프레임리스 75 무결점,"159,000"
16538633,뷰소닉 VA2932-MHD IPS 프레임리스 리얼 75 울트라와이드 무결점,"247,170"
12671699,뷰소닉 VG2719-2K QHD IPS 멀티스탠드 무결점,"279,000"
5440995,뷰소닉 VP2768-2K QHD IPS 오토피벗 무결점,"451,540"
9832266,뷰소닉 VP2785-4K AdobeRGB HDR 오토피벗 무결점,"895,600"
6671965,뷰소닉 VX2458 리얼 144 게이밍 무결점,일시품절
4352518,뷰소닉 VX2476-SMHD AH-IPS 리얼 75 무결점,"207,900"
13142756,뷰소닉 VX2718-2KPC-MHD QHD 1500R 커브드 리얼 165 게이밍 무결점,"258,680"
13143014,뷰소닉 VX2718-PC-MHD 1500R 커브드 리얼 165 게이밍 무결점,"238,890"
4344443,뷰소닉 VX2776-SMHD AH-IPS 리얼 75 무결점,"228,750"
12668312,뷰소닉 VX3211-4K-MHD UHD 리얼 4K HDR 무결점,"359,000"
6475562,뷰소닉 VX3258-2KC QHD 커브드 리얼 144 게이밍 무결점,일시품절
9566118,뷰소닉 VX3258-2KPC NEW QHD 커브드 리얼 144 게이밍 무결점,"349,000"
5945762,뷰소닉 VX3276-2K-MHD QHD IPS 리얼 75 무결점,"297,770"
7761643,뷰소닉 XG240R ELITE RGB 리얼 144 게이밍 무결점,"299,000"
18090074,브이싱크텍 VST V24F165,"149,000"
18090182,브이싱크텍 VST V24F165 무결점,"154,000"
18076868,브이싱크텍 VST V24Q75,"139,000"
18076877,브이싱크텍 VST V24Q75 무결점,"144,000"
18510323,브이싱크텍 VST V27Q75,"159,000"
18510338,브이싱크텍 VST V27Q75 무결점,"169,000"
15724796,브이싱크텍 VST VF2780,"209,000"
15724832,브이싱크텍 VST VF2780 무결점,"219,000"
17971268,브이싱크텍 VST VQ3410,"299,000"
17971271,브이싱크텍 VST VQ3410 무결점,"309,000"
17331902,브이싱크텍 VST VU2806,"229,000"
2758554,비트엠 Newsync 150T LED A,"251,900"
2758563,비트엠 Newsync 150T LED B,"251,900"
2758524,비트엠 Newsync 170T LED A,"273,000"
2758534,비트엠 Newsync 170T LED B,"273,000"
13696241,비트엠 Newsync 24F144 소닉붐 HDR,"121,940"
13696322,비트엠 Newsync 24F144 소닉붐 HDR 무결점,"124,480"
15704042,비트엠 Newsync 25R2 IPS FAST 240 게이밍 280UP,"189,770"
15704192,비트엠 Newsync 25R2 IPS FAST 240 게이밍 280UP 무결점,"197,200"
14225012,비트엠 Newsync 2760U 플렉스 IPS 4K HDR,"231,930"
14225051,비트엠 Newsync 2760U 플렉스 IPS 4K HDR 무결점,"239,730"
18191684,비트엠 Newsync 2780U IPS 4면 보더리스 UHD HDR,"253,650"
18191720,비트엠 Newsync 2780U IPS 4면 보더리스 UHD HDR 무결점,"249,000"
13539650,비트엠 Newsync 27F144 IPS HDR 게이밍,"179,000"
13539674,비트엠 Newsync 27F144 IPS HDR 게이밍 무결점,"176,790"
14235386,비트엠 Newsync 27R2 IPS 패스트 240 게이밍 280 UP,"227,650"
14235431,비트엠 Newsync 27R2 IPS 패스트 240 게이밍 280 UP 무결점,"238,380"
15503927,비트엠 Newsync 320FG180 HDR 게이밍 강화유리,"257,850"
15577283,비트엠 Newsync 320FG180 HDR 게이밍 강화유리 무결점,"263,180"
17985524,비트엠 Newsync 320P 노블 TYPE-C HDR,"165,240"
17985629,비트엠 Newsync 320P 노블 TYPE-C HDR 무결점,"168,130"
14338619,비트엠 Newsync 3260U 플렉스 4K HDR,"272,230"
14338664,비트엠 Newsync 3260U 플렉스 4K HDR 무결점,"281,360"
14111231,비트엠 Newsync 3280U 4K HDR 멀티스탠드 PD,"356,960"
14111258,비트엠 Newsync 3280U 4K HDR 멀티스탠드 PD 무결점,"363,690"
16075223,비트엠 Newsync B160H 프리싱크 HDR,"86,900"
16076354,비트엠 Newsync B160H 프리싱크 HDR 무결점,"88,900"
16277873,비트엠 Newsync B170H 프리싱크 HDR,"85,570"
16277963,비트엠 Newsync B170H 프리싱크 HDR 무결점,"91,160"
12096044,비트엠 Newsync B1743H 프리싱크 HDR,"97,000"
12096404,비트엠 Newsync B1743H 프리싱크 HDR 무결점,"99,000"
14502260,비트엠 Newsync B1743H 프리싱크 IPS HDR,"104,020"
14502314,비트엠 Newsync B1743H 프리싱크 IPS HDR 무결점,"104,990"
16826870,비트엠 Newsync B1910H 프리싱크 HDR,"86,130"
16826936,비트엠 Newsync B1910H 프리싱크 HDR 무결점,"89,030"
10148475,비트엠 Newsync B1943H 프리싱크 HDR,"108,170"
10148490,비트엠 Newsync B1943H 프리싱크 HDR 무결점,"114,170"
14393504,비트엠 Newsync B1943H 프리싱크 IPS HDR,"122,990"
14393501,비트엠 Newsync B1943H 프리싱크 IPS HDR 무결점,"128,860"
8551964,비트엠 Newsync B195H 프리싱크 HDR,"88,370"
8551976,비트엠 Newsync B195H 프리싱크 HDR 무결점,"89,930"
10202187,비트엠 Newsync B200H 프리싱크 HDR,"85,800"
10202202,비트엠 Newsync B200H 프리싱크 HDR 무결점,"89,800"
8023171,비트엠 Newsync B205H 프리싱크 HDR,"84,870"
8023201,비트엠 Newsync B205H 프리싱크 HDR 무결점,"87,430"
8023408,비트엠 Newsync B225H 프리싱크 HDR,"83,060"
8023450,비트엠 Newsync B225H 프리싱크 HDR 무결점,"86,940"
8024098,비트엠 Newsync B2275H 프리싱크 HDR,"88,860"
8024122,비트엠 Newsync B2275H 프리싱크 HDR 무결점,"90,720"
14633285,비트엠 Newsync B2275H 프리싱크 HDR 블랙,"83,950"
14633318,비트엠 Newsync B2275H 프리싱크 HDR 블랙 무결점,"87,700"
17954540,비트엠 Newsync B22F IPS 오피스,"83,500"
17954597,비트엠 Newsync B22F IPS 오피스 무결점,"84,460"
17068019,비트엠 Newsync B230H 그레이스 PLUS,"86,850"
17068055,비트엠 Newsync B230H 그레이스 PLUS 무결점,"89,000"
8809220,비트엠 Newsync B2375IPS ZERO HDR,"92,390"
8809232,비트엠 Newsync B2375IPS ZERO HDR 무결점,"95,740"
17752226,비트엠 Newsync B240F IPS 4면 보더리스 HDR,"102,740"
17752250,비트엠 Newsync B240F IPS 4면 보더리스 HDR 무결점,"104,880"
18296345,비트엠 Newsync B240F IPS 4면 보더리스 HDR 화이트,"104,980"
18296423,비트엠 Newsync B240F IPS 4면 보더리스 HDR 화이트 무결점,"105,310"
17681852,비트엠 Newsync B2410F IPS ZERO 스마트,"96,420"
17681876,비트엠 Newsync B2410F IPS ZERO 스마트 무결점,"98,180"
15391421,비트엠 Newsync B2410H IPS 제로 HDR,"95,850"
15391430,비트엠 Newsync B2410H IPS 제로 HDR 무결점,"97,400"
15344561,비트엠 Newsync B2415C 커브드,"107,000"
15344576,비트엠 Newsync B2415C 커브드 무결점,"110,000"
16278458,비트엠 Newsync B2448T IPS TYPE-C 터치스크린,"249,120"
16278470,비트엠 Newsync B2448T IPS TYPE-C 터치스크린 무결점,"252,810"
16265999,비트엠 Newsync B245H IPS 프리싱크 HDR,"91,970"
16266053,비트엠 Newsync B245H IPS 프리싱크 HDR 무결점,"96,680"
9692808,비트엠 Newsync B245H 프리싱크 HDR,"88,040"
9692814,비트엠 Newsync B245H 프리싱크 HDR 무결점,"89,270"
16140935,비트엠 Newsync B2475F ZERO 스마트 무결점,"91,540"
8024359,비트엠 Newsync B2475H ZERO 프리싱크 HDR,"89,180"
8024377,비트엠 Newsync B2475H ZERO 프리싱크 HDR 무결점,"91,000"
13440701,비트엠 Newsync B2477 울트라슬림 HDR 블랙,"120,800"
13440758,비트엠 Newsync B2477 울트라슬림 HDR 블랙 무결점,"124,000"
13440398,비트엠 Newsync B2477 울트라슬림 HDR 화이트,"119,150"
13440476,비트엠 Newsync B2477 울트라슬림 HDR 화이트 무결점,"123,550"
13854800,비트엠 Newsync B2482H ZERO HDR,"100,310"
13854848,비트엠 Newsync B2482H ZERO HDR 무결점,"99,890"
17102528,비트엠 Newsync B24Q IPS 프리싱크 HDR,"125,240"
17102564,비트엠 Newsync B24Q IPS 프리싱크 HDR 무결점,"134,220"
15294206,비트엠 Newsync B250F ZERO 프리싱크 HDR,"95,710"
15294233,비트엠 Newsync B250F ZERO 프리싱크 HDR 무결점,"101,410"
15318275,비트엠 Newsync B275H ZERO 프리싱크 HDR,"121,370"
15318311,비트엠 Newsync B275H ZERO 프리싱크 HDR 무결점,"123,650"
8677910,비트엠 Newsync B275H 프리싱크 HDR,"126,450"
8677940,비트엠 Newsync B275H 프리싱크 HDR 무결점,"124,000"
17837810,비트엠 Newsync B2775F 베젤리스 HDR,"118,800"
17837843,비트엠 Newsync B2775F 베젤리스 HDR 무결점,"122,920"
16278485,비트엠 Newsync B2778T IPS TYPE-C 터치스크린,"352,230"
16278497,비트엠 Newsync B2778T IPS TYPE-C 터치스크린 무결점,"356,990"
7872370,비트엠 Newsync B284K UHD HDR,"199,270"
7872385,비트엠 Newsync B284K UHD HDR 무결점,"206,960"
14592077,비트엠 Newsync B2860K IPS UHD ZERO HDR,"210,340"
14592125,비트엠 Newsync B2860K IPS UHD ZERO HDR 무결점,"216,850"
16017899,비트엠 Newsync B320F 베젤리스 HDR,"155,830"
16017992,비트엠 Newsync B320F 베젤리스 HDR 무결점,"156,010"
8178733,비트엠 Newsync B320Z165 울트라슬림 HDR 블랙,"209,880"
8178754,비트엠 Newsync B320Z165 울트라슬림 HDR 블랙 무결점,"215,000"
15177359,비트엠 Newsync B327F 울트라슬림 HDR,"153,990"
15177479,비트엠 Newsync B327F 울트라슬림 HDR 무결점,"155,910"
14917694,비트엠 Newsync BG245F IPS 165 플렉스,"139,760"
14917721,비트엠 Newsync BG245F IPS 165 플렉스 무결점,"142,220"
17838137,비트엠 Newsync BG249F 게이밍 165 HDR 블랙,"131,000"
17838164,비트엠 Newsync BG249F 게이밍 165 HDR 블랙 무결점,"134,000"
17814047,비트엠 Newsync BG249F 게이밍 165 HDR 화이트,"131,900"
17814050,비트엠 Newsync BG249F 게이밍 165 HDR 화이트 무결점,"129,380"
16128356,비트엠 Newsync BG275F IPS 165 플렉스,"176,900"
16128365,비트엠 Newsync BG275F IPS 165 플렉스 무결점,"175,290"
11366310,비트엠 Newsync BG279Q IPS 165 FLEX,"226,430"
11366352,비트엠 Newsync BG279Q IPS 165 FLEX 무결점,"238,760"
14674472,비트엠 Newsync BG329Q IPS 165 플렉스,"298,900"
14674646,비트엠 Newsync BG329Q IPS 165 플렉스 무결점,"303,810"
16014617,비트엠 Newsync BG32F200 HDR 강화유리,"256,830"
16014656,비트엠 Newsync BG32F200 HDR 강화유리 무결점,"263,080"
18328868,비트엠 Newsync H24F 보더리스 HDR,"91,970"
18328874,비트엠 Newsync H24F 보더리스 HDR 무결점,"94,400"
17417174,비트엠 Newsync H2775F IPS 프리싱크 HDR,"128,380"
17417276,비트엠 Newsync H2775F IPS 프리싱크 HDR 무결점,"128,000"
18557948,비트엠 Newsync H2775F 오피스,가격비교예정
18557981,비트엠 Newsync H2775F 오피스 무결점,가격비교예정
15929009,비트엠 Newsync P125FT DEX 멀티터치 포터블 HDR 400 무결점,"209,000"
16277036,비트엠 Newsync P133FT DEX 포터블 HDR 무결점,"187,210"
14299979,비트엠 Newsync P150FT 포터블 멀티뷰 HDR,"202,630"
17233595,비트엠 Newsync P158FT DEX IPS 멀티터치 포터블 HDR 무결점,"204,090"
16563161,비트엠 Newsync P240F IPS ZERO HDR,"102,700"
16563296,비트엠 Newsync P240F IPS ZERO HDR 무결점,"105,930"
17191058,비트엠 Newsync P248IPS 터치스크린 HDR,"215,680"
17191163,비트엠 Newsync P248IPS 터치스크린 HDR 무결점,"218,610"
17691356,비트엠 Newsync P2700F 165 플렉스,"165,350"
17691377,비트엠 Newsync P2700F 165 플렉스 무결점,"172,860"
16572293,비트엠 Newsync P277F IPS 플렉스 HDR,"136,000"
16572371,비트엠 Newsync P277F IPS 플렉스 HDR 무결점,"134,160"
17549675,비트엠 Newsync P279Q IPS 패스트 165 게이밍 HDR,"220,180"
17549732,비트엠 Newsync P279Q IPS 패스트 165 게이밍 HDR 무결점,"226,990"
15532007,비트엠 Newsync P27Q IPS 플렉스 HDR,"155,820"
15532067,비트엠 Newsync P27Q IPS 플렉스 HDR 무결점,"159,980"
15271259,비트엠 Newsync U220H 프리싱크,"91,470"
15271262,비트엠 Newsync U220H 프리싱크 무결점,"90,840"
17405372,비트엠 Newsync U240H 엣지 HDR,"97,700"
17405402,비트엠 Newsync U240H 엣지 HDR 무결점,"96,730"
17405204,비트엠 Newsync U240H 엣지 IPS HDR,"98,720"
17405282,비트엠 Newsync U240H 엣지 IPS HDR 무결점,"98,760"
15654197,비트엠 Newsync U400QW 5K 커브드 HDR,"999,000"
15648401,비트엠 Newsync U400QW 5K 커브드 HDR 무결점,"1,049,990"
10122462,비트엠 Newsync X248VH 베젤리스 블랙,"87,400"
10122483,비트엠 Newsync X248VH 베젤리스 블랙 무결점,"87,500"
10068936,비트엠 Newsync X248VH 베젤리스 화이트,"95,610"
10068951,비트엠 Newsync X248VH 베젤리스 화이트 무결점,"97,890"
15992417,비트엠 Newsync X24F165 게이밍 HDR,"129,750"
15992462,비트엠 Newsync X24F165 게이밍 HDR 무결점,"131,420"
15867995,비트엠 Newsync X273 IPS 제로베젤 HDR,"142,950"
15868022,비트엠 Newsync X273 IPS 제로베젤 HDR 무결점,"143,580"
18630713,비트엠 Newsync X275F LASER HDR,가격비교예정
18630716,비트엠 Newsync X275F LASER HDR 무결점,가격비교예정
15203384,비트엠 Newsync X277 IPS LASER HDR 화이트,"126,740"
15203660,비트엠 Newsync X277 IPS LASER HDR 화이트 무결점,"133,690"
14319629,비트엠 Newsync X277IPS LASER HDR,"126,940"
14319659,비트엠 Newsync X277IPS LASER HDR 무결점,"130,130"
15489116,비트엠 Newsync X279Q IPS 165 HDR,"223,350"
15489152,비트엠 Newsync X279Q IPS 165 HDR 무결점,"233,910"
15217025,비트엠 Newsync X27F165 LASER HDR,"173,370"
15217058,비트엠 Newsync X27F165 LASER HDR 무결점,"181,030"
12749816,비트엠 Newsync X27F75 IPS ZERO HDR,"132,900"
12749855,비트엠 Newsync X27F75 IPS ZERO HDR 무결점,"132,000"
11743733,비트엠 Newsync X27FC165 커브드 1500R,"182,300"
11749274,비트엠 Newsync X27FC165 커브드 1500R 무결점,"186,230"
13769465,비트엠 Newsync X27Q165 ZERO HDR,"206,700"
11466159,비트엠 Newsync X27Q75 IPS LASER HDR,"149,180"
11466189,비트엠 Newsync X27Q75 IPS LASER HDR 무결점,"154,620"
16695275,비트엠 Newsync X27U IPS 4K C타입 멀티스탠드,"316,850"
16695482,비트엠 Newsync X27U IPS 4K C타입 멀티스탠드 무결점,"330,900"
17519243,비트엠 Newsync X320F 베젤리스 HDR,"154,000"
17519282,비트엠 Newsync X320F 베젤리스 HDR 무결점,"153,610"
13959698,비트엠 Newsync X320QC 보더리스 75 커브드 1500R,"217,000"
13959752,비트엠 Newsync X320QC 보더리스 75 커브드 1500R 무결점,"212,580"
17193971,비트엠 Newsync X321QG 165 커브드 게이밍 HDR,"284,000"
17194010,비트엠 Newsync X321QG 165 커브드 게이밍 HDR 무결점,"286,270"
12813545,비트엠 Newsync X322FC165 커브드 R1500,"216,170"
12813620,비트엠 Newsync X322FC165 커브드 R1500 무결점,"217,650"
15587549,비트엠 Newsync X322Q75 IPS 아이케어,"217,100"
15587570,비트엠 Newsync X322Q75 IPS 아이케어 무결점,"216,280"
15306719,비트엠 Newsync X323K IPS UHD 리얼144 PD 체크메이트,"620,680"
15364664,비트엠 Newsync X323K IPS UHD 리얼144 PD 체크메이트 무결점,"620,150"
12814112,비트엠 Newsync X32R2 패스트 240 게이밍 강화유리,"290,000"
12814148,비트엠 Newsync X32R2 패스트 240 게이밍 강화유리 무결점,"300,000"
16524707,비트엠 Newsync X32U IPS UHD 4K HDR,"324,330"
16525724,비트엠 Newsync X32U IPS UHD 4K HDR 무결점,"336,290"
17931983,비트엠 Newsync X34UWQ 게이밍 165 IPS HDR,"359,000"
17941586,비트엠 Newsync X34UWQ 게이밍 165 IPS HDR 무결점,"349,000"
14681156,비트엠 Newsync X34WQ144 IPS 커브드 HDR 400,"709,700"
17552795,비트엠 Newsync X34WQ144 나노 IPS 커브드 HDR 400 무결점,"599,000"
17971523,비트엠 Newsync X38WQHD 144 나노IPS 커브드 HDR 게이밍 무결점,"898,900"
9742824,비트엠 Newsync X400UHD 네이쳐 HDR,"428,690"
15882404,비트엠 Newsync X400UHD 네이쳐 HDR 무결점,"454,120"
7021096,비트엠 Newsync 터치스크린 B248IPS HDMI 무결점,"215,070"
14950319,비트엠 SMACO 244F IPS 165 게이밍,"139,920"
14950331,비트엠 SMACO 244F IPS 165 게이밍 무결점,"141,570"
12161564,비트엠 SMACO 24X144 게이밍,"134,900"
12161576,비트엠 SMACO 24X144 게이밍 무결점,"132,100"
15209708,비트엠 SMACO 27F75 IPS LASER HDR,"130,040"
15209750,비트엠 SMACO 27F75 IPS LASER HDR 무결점,"131,370"
14309891,비트엠 SMACO 32QC75 커브드 플렉스,"211,990"
14309933,비트엠 SMACO 32QC75 커브드 플렉스 무결점,"223,970"
14339966,비트엠 SMACO M150FT DEX 멀티터치 포터블 HDR,"202,540"
17726951,비트엠 SMACO M158FT DEX IPS 멀티터치 포터블 HDR 무결점,"200,000"
14393516,비트엠 SMACO M1943H 프리싱크 IPS HDR,"124,070"
14393522,비트엠 SMACO M1943H 프리싱크 IPS HDR 무결점,"137,190"
10419129,비트엠 SMACO M2050H 프리싱크 HDR,"90,630"
10419141,비트엠 SMACO M2050H 프리싱크 HDR 무결점,"95,600"
10698072,비트엠 SMACO M2250H 프리싱크 HDR,"91,420"
10698090,비트엠 SMACO M2250H 프리싱크 HDR 무결점,"84,500"
10206105,비트엠 SMACO M2450H 프리싱크 HDR,"93,510"
10206138,비트엠 SMACO M2450H 프리싱크 HDR 무결점,"96,900"
16145294,비트엠 SMACO M2475F 베젤리스 HDR,"89,090"
16145327,비트엠 SMACO M2475F 베젤리스 HDR 무결점,"97,900"
13023704,비트엠 SMACO M248 베젤리스 화이트,"98,610"
13023758,비트엠 SMACO M248 베젤리스 화이트 무결점,"101,680"
15318107,비트엠 SMACO M257F ZERO HDR,"102,060"
15318242,비트엠 SMACO M257F ZERO HDR 무결점,"104,290"
15327023,비트엠 SMACO M2750H ZERO 프리싱크 HDR,"119,500"
15327041,비트엠 SMACO M2750H ZERO 프리싱크 HDR 무결점,"123,000"
14654999,비트엠 SMACO M288U IPS ZERO HDR 무결점,"223,980"
16076174,비트엠 SMACO M3275F 프리싱크 HDR,"150,920"
16076219,비트엠 SMACO M3275F 프리싱크 HDR 무결점,"160,890"
4064882,삼성전자 B1940R (중고),"32,180"
4055145,삼성전자 B2240 (중고),"42,500"
3805470,삼성전자 C27F390F,"208,990"
3987603,삼성전자 C27F391F,"209,000"
3802856,삼성전자 C27F591F,"316,800"
7955197,삼성전자 C27JG54,"339,000"
8084872,삼성전자 C27R500,"180,140"
11086602,삼성전자 C27T550,"225,990"
11065728,삼성전자 C32R500,"250,800"
14427770,삼성전자 C32R502,"247,640"
10881816,삼성전자 C32T550,"301,580"
13948163,삼성전자 C32T552,"275,650"
11037360,삼성전자 C34H890WG ASS,"539,000"
6465387,삼성전자 C34J791,"749,000"
4057844,삼성전자 CX743B (중고),"29,490"
12146996,삼성전자 F22T350,"173,250"
12127040,삼성전자 F22T450,"198,550"
12126638,삼성전자 F24T350,"158,860"
18042995,삼성전자 F24T350 (중고),"118,874"
12896321,삼성전자 F24T352,"160,060"
12126902,삼성전자 F24T450,"228,000"
18391109,삼성전자 F24T450 (중고),"138,680"
17490734,삼성전자 F24T450FZ,"227,990"
12126740,삼성전자 F27T350,"187,060"
15345806,삼성전자 F27T450,"236,000"
14760425,삼성전자 F27T702,"299,000"
12443870,삼성전자 F32TU870,"639,000"
10363845,삼성전자 S22R350,"185,510"
14911322,삼성전자 S24A400,"236,550"
16081997,삼성전자 S24A400U,"271,440"
3073645,삼성전자 S24D300,"154,000"
7768102,삼성전자 S24D300 (중고),"83,410"
3962719,삼성전자 S24F350,"153,440"
9493521,삼성전자 S24F356,"154,000"
9468426,삼성전자 S24R350 베젤리스 프리싱크 75,"171,000"
16849775,삼성전자 S24R35A,"146,300"
16230698,삼성전자 S24R650,"230,640"
16082477,삼성전자 S27A400U,"309,000"
13895531,삼성전자 S27A700,"459,000"
16668797,삼성전자 S27B610 IPS 멀티스탠드,"284,050"
3387636,삼성전자 S27E310 블랙,"199,000"
3962777,삼성전자 S27F350,"196,780"
13139681,삼성전자 S27R35A,"219,000"
13596068,삼성전자 S32A600U,"482,900"
13597613,삼성전자 S32A604N,"450,000"
13546646,삼성전자 S32A704,"369,000"
13839194,삼성전자 S32A800,"445,550"
13595039,삼성전자 S34A650U 울트라와이드 USB-C,"521,550"
6510766,삼성전자 S34J550,"350,550"
16090295,삼성전자 S49A950,"1,348,200"
16152845,삼성전자 S8 S27A800S,"509,000"
12834782,삼성전자 SMART M5 S27AM500,"278,790"
13971875,삼성전자 SMART M5 S27AM501,"251,520"
16850021,삼성전자 SMART M5 S27BM500,"248,000"
16851155,삼성전자 SMART M5 S27BM501,"258,690"
17014118,삼성전자 SMART M5 S27BM502,"258,510"
17014463,삼성전자 SMART M5 S27BM503,"278,990"
12834959,삼성전자 SMART M5 S32AM500,"314,980"
13971710,삼성전자 SMART M5 S32AM501,"305,360"
13396160,삼성전자 SMART M5 S32AM502,"289,000"
16735916,삼성전자 SMART M5 S32BM500,"305,260"
16735814,삼성전자 SMART M5 S32BM501,"329,650"
17014670,삼성전자 SMART M5 S32BM502,"314,750"
17014724,삼성전자 SMART M5 S32BM503,"323,410"
12835076,삼성전자 SMART M7 S32AM700,"488,990"
13139480,삼성전자 SMART M7 S32AM702,"451,760"
16735445,삼성전자 SMART M7 S32BM700,"489,000"
16735490,삼성전자 SMART M7 S32BM701,"495,000"
16735565,삼성전자 SMART M7 S32BM702,"465,000"
16735676,삼성전자 SMART M7 S32BM703,"465,470"
14247725,삼성전자 SMART M7 S43AM700,"569,620"
16830788,삼성전자 SMART M7 S43BM700,"580,900"
17014874,삼성전자 SMART M7 S43BM702,"619,990"
16538096,삼성전자 SMART M8 S32BM801,"599,000"
16855823,삼성전자 SMART M8 S32BM80B,"556,890"
16855775,삼성전자 SMART M8 S32BM80G,"599,000"
16855844,삼성전자 SMART M8 S32BM80P,"598,860"
4079252,삼성전자 T27B350T (중고),"116,400"
6131219,삼성전자 U32J590,"356,990"
6324419,삼성전자 U32J592,"357,500"
17201696,삼성전자 뷰피니티 S8 S27B800,"569,050"
17259836,삼성전자 뷰피니티 S8 S32B800,"730,550"
13803941,삼성전자 오디세이 G3 F24G35T,"238,990"
13225901,삼성전자 오디세이 G3 F27G33T,"468,990"
14433104,삼성전자 오디세이 G3 S24AG300,"210,320"
16339481,삼성전자 오디세이 G3 S24AG320,"249,000"
14433017,삼성전자 오디세이 G3 S27AG300,"269,000"
16552829,삼성전자 오디세이 G3 S27AG320,"275,000"
16561466,삼성전자 오디세이 G3 S32AG320 멀티스탠드,"299,000"
17015708,삼성전자 오디세이 G4 S25BG400,"379,000"
17016023,삼성전자 오디세이 G4 S27BG400,"409,000"
12109754,삼성전자 오디세이 G5 C27G54T,"339,000"
12111647,삼성전자 오디세이 G5 C32G54T,"397,890"
13601426,삼성전자 오디세이 G5 C32G55T,"405,110"
13197047,삼성전자 오디세이 G5 C34G55T,"501,270"
14502968,삼성전자 오디세이 G5 S27AG500,"599,000"
16106567,삼성전자 오디세이 G5 S27AG520,"512,990"
16106693,삼성전자 오디세이 G5 S27AG550,"350,550"
15946889,삼성전자 오디세이 G5 S27AG554,"368,560"
16102655,삼성전자 오디세이 G5 S32AG500,"483,120"
16594118,삼성전자 오디세이 G5 S32AG504,"549,000"
16102829,삼성전자 오디세이 G5 S32AG520,"500,720"
16329743,삼성전자 오디세이 G5 S32AG524,"498,020"
15801821,삼성전자 오디세이 G5 S32AG550,"398,050"
16087439,삼성전자 오디세이 G5 S32AG554,"390,260"
17980772,삼성전자 오디세이 G6 S27BG650,"616,550"
12755588,삼성전자 오디세이 G7 C32G74T,"650,130"
14622194,삼성전자 오디세이 G7 S28AG700,"798,000"
18449720,삼성전자 오디세이 G7 S32BG700,가격비교예정
11573522,삼성전자 오디세이 G9 C49G95T,"1,652,610"
17016536,삼성전자 오디세이 Neo G7 S32BG750,"855,000"
17016887,삼성전자 오디세이 Neo G8 S32BG850,"1,390,000"
14834123,삼성전자 오디세이 Neo G9 S49AG950,"2,100,000"
17659694,삼성전자 오디세이 아크 S55BG970,"3,070,200"
14736590,샤오미 mi XMMNTWQ34 (해외구매),"364,710"
16304651,쓰리윈즈 인터픽셀 IP2422 IPS 75 게이밍 화이트 무결점,"144,530"
18195203,쓰리윈즈 인터픽셀 IP2424 FHD 75 평면 초슬림,"129,000"
18195326,쓰리윈즈 인터픽셀 IP2424 FHD 75 평면 초슬림 무결점,"134,830"
9310578,쓰리윈즈 인터픽셀 IP2430,"199,000"
18410441,쓰리윈즈 인터픽셀 IP2440 FHD IPS 리얼 165 평면 게이밍,"189,000"
18410453,쓰리윈즈 인터픽셀 IP2440 FHD IPS 리얼 165 평면 게이밍 무결점,"193,030"
13945520,쓰리윈즈 인터픽셀 IP2720 IPS 75 멀티스탠드,"229,000"
13945550,쓰리윈즈 인터픽셀 IP2720 IPS 75 멀티스탠드 무결점,"241,530"
18195260,쓰리윈즈 인터픽셀 IP2722 FHD 75 평면 초슬림,"158,360"
18195320,쓰리윈즈 인터픽셀 IP2722 FHD 75 평면 초슬림 무결점,"163,930"
7817227,쓰리윈즈 인터픽셀 IP2740,"239,000"
12633770,쓰리윈즈 인터픽셀 IP2740 무결점,"258,000"
15574382,쓰리윈즈 인터픽셀 IP2742 게이밍 IPS 165 피벗,"269,000"
15624653,쓰리윈즈 인터픽셀 IP2742 게이밍 IPS 165 피벗 무결점,"280,330"
16013516,쓰리윈즈 인터픽셀 IP2743 커브드 게이밍 165 멀티스탠드 무결점,"270,630"
8909918,쓰리윈즈 인터픽셀 IP3240,"278,000"
12634202,쓰리윈즈 인터픽셀 IP3240 무결점,"299,000"
13946084,쓰리윈즈 인터픽셀 IPQ2720 IPS 75 QHD 멀티스탠드,"269,000"
13946096,쓰리윈즈 인터픽셀 IPQ2720 IPS 75 QHD 멀티스탠드 무결점,"280,330"
11560775,쓰리윈즈 인터픽셀 IPQ2740,"309,000"
13798733,쓰리윈즈 인터픽셀 IPQ2742 게이밍 IPS 165,"359,000"
13799723,쓰리윈즈 인터픽셀 IPQ2742 게이밍 IPS 165 무결점,"389,000"
16470374,쓰리윈즈 인터픽셀 IPQ3242 게이밍 QHD IPS C타입 165 멀티스탠드,"449,000"
17752589,쓰리윈즈 인터픽셀 IPQ3245 커브드 QHD FAST VA 게이밍 리얼 165 멀티스탠드,"309,000"
17752592,쓰리윈즈 인터픽셀 IPQ3245 커브드 QHD FAST VA 게이밍 리얼 165 멀티스탠드 무결점,"319,130"
15820361,쓰리윈즈 인터픽셀 IPU2710 4K IPS C타입 멀티스탠드,"369,000"
15930503,쓰리윈즈 인터픽셀 IPU3210 4K UHD 피벗 C타입,"409,000"
15930542,쓰리윈즈 인터픽셀 IPU3210 4K UHD 피벗 C타입 무결점,"425,830"
13264115,아이에프테크 IF TZ-27FA75B SLIM 블랙,"151,000"
13264154,아이에프테크 IF TZ-27FA75B SLIM 블랙 무결점,"140,000"
3803699,알파스캔 2250AH1 무결점,"148,000"
17473703,알파스캔 22BA61PR 시력보호 무결점,"139,000"
3945800,알파스캔 2400 ADS 무결점,"170,000"
16160612,알파스캔 24BL90N 보더리스 시력보호 무결점,"194,310"
16160996,알파스캔 24BL90P 보더리스 높낮이 시력보호 무결점,"208,540"
10974381,알파스캔 24BN61PR 75 시력보호 무결점,"176,820"
18369218,알파스캔 24F90T 멀티터치 시력보호 무결점,"361,620"
15224093,알파스캔 27BA61PH 75 시력보호 피벗 높낮이 무결점,"249,000"
14760563,알파스캔 27BA61PR 75 시력보호 무결점,"194,470"
15890288,알파스캔 27BL90N 보더리스 시력보호 무결점,"238,820"
15890402,알파스캔 27BL90P 보더리스 높낮이 시력보호 무결점,"237,690"
2206755,알파스캔 AOC 1659 USB 무결점,"155,870"
3365175,알파스캔 AOC 2060 FHD 무결점,일시품절
15450959,알파스캔 AOC 22B2HM 프리싱크 75 시력보호 무결점,"138,990"
15353477,알파스캔 AOC 22B2HN 프리싱크 75 시력보호 무결점,"139,000"
13662872,알파스캔 AOC 22E2 IPS 프리싱크 75 시력보호 무결점,"168,800"
6464812,알파스캔 AOC 24B1 보더리스 IPS 시력보호 무결점,"154,000"
12074222,알파스캔 AOC 24B1X 보더리스 IPS 75 시력보호 무결점,"168,210"
14089889,알파스캔 AOC 24B1X 블랙 보더리스 IPS 75 시력보호 무결점,"162,390"
12264908,알파스캔 AOC 24B2 보더리스 IPS 75 시력보호 무결점,"148,940"
17504312,알파스캔 AOC 24B2 화이트 보더리스 IPS 75 시력보호 무결점,"154,000"
10286187,알파스캔 AOC 24G2 게이밍 144 프리싱크 무결점,"314,640"
11009418,알파스캔 AOC 24G2E 게이밍 144 프리싱크 무결점,"258,780"
15580970,알파스캔 AOC 24G2SE 게이밍 165 프리싱크 무결점,"211,200"
13047866,알파스캔 AOC 24P2C USB-C 75 프리싱크 높낮이 무결점,"268,810"
13284551,알파스캔 AOC 24P2Q IPS 피벗 높낮이 시력보호 무결점,"249,000"
6382872,알파스캔 AOC 24V2Q 프리싱크 75 DP 시력보호 무결점,"182,390"
16817348,알파스캔 AOC 24V5 IPS 프리싱크 높낮이 시력보호 무결점,"218,980"
18474794,알파스캔 AOC 2781 플리커프리 스와로브스키 핑크골드 에디션 무결점,"1,096,000"
9261255,알파스캔 AOC 2790 IPS DP PIVOT 무결점,"278,330"
10310535,알파스캔 AOC 27B2 보더리스 75 시력보호 무결점,"193,990"
10289361,알파스캔 AOC 27G2 게이밍 144 프리싱크 무결점,"390,650"
11440596,알파스캔 AOC 27G2E 게이밍 144 프리싱크 무결점,일시품절
15627128,알파스캔 AOC 27G2SE 게이밍 165 프리싱크 무결점,"333,290"
16848638,알파스캔 AOC 27G2SP 게이밍 165 프리싱크 무결점,"325,700"
12595007,알파스캔 AOC 27P2C USB-C 75 프리싱크 높낮이 무결점,"299,000"
12862307,알파스캔 AOC 27P2Q IPS 피벗 높낮이 시력보호 무결점,"277,070"
6382911,알파스캔 AOC 27V2Q 프리싱크 75 DP 시력보호 무결점,"249,000"
16817537,알파스캔 AOC 27V5 IPS 프리싱크 높낮이 시력보호 무결점,"256,600"
6515841,알파스캔 AOC C27G1 게이밍 144 커브드 무결점,"950,000"
11108034,알파스캔 AOC C27G2 게이밍 144 프리싱크 무결점,"258,820"
11107803,알파스캔 AOC C27G2 게이밍 165 프리싱크 무결점,"305,910"
11059569,알파스캔 AOC C32G2 게이밍 144 프리싱크 무결점,"385,000"
10995030,알파스캔 AOC CQ32G2 QHD 게이밍 144 프리싱크 무결점,"397,480"
13092041,알파스캔 AOC CQ32G2 QHD 게이밍 155 프리싱크 무결점,"439,000"
13969100,알파스캔 AOC CU34G3S 게이밍 165 울트라와이드 WQHD 프리싱크 HDR 무결점,"649,000"
16786415,알파스캔 AOC CU34P2X 게이밍 144 울트라와이드 WQHD 프리싱크 HDR 무결점,"567,980"
12592355,알파스캔 AOC G2490 게이밍 144 프리싱크 무결점,"185,180"
12699833,알파스캔 AOC G2790 게이밍 144 프리싱크 무결점,"258,790"
16356503,알파스캔 AOC Q24P2C QHD USB-C 75 프리싱크 높낮이 무결점,"322,420"
15944123,알파스캔 AOC Q24V QHD 높낮이 75 시력보호 무결점,"256,400"
11439948,알파스캔 AOC Q27G2 게이밍 QHD 144 프리싱크 무결점,"379,000"
12591977,알파스캔 AOC Q27G2S 게이밍 IPS 155 QHD 프리싱크 무결점,"398,800"
15110921,알파스캔 AOC Q27G2SD 게이밍 IPS 170 QHD 프리싱크 HDR 400 무결점,"469,000"
6958618,알파스캔 AOC Q27P1 QHD 피벗 높낮이 시력보호 무결점,일시품절
12736100,알파스캔 AOC Q27P2C QHD USB-C 75 프리싱크 높낮이 무결점,"375,940"
16567298,알파스캔 AOC Q27V5 QHD USB-C 프리싱크 높낮이 HDR 무결점,"478,380"
16423361,알파스캔 AOC Q32G3S 게이밍 165 QHD 프리싱크 HDR 무결점,"443,000"
13480325,알파스캔 AOC Q32P2C QHD USB-C 75 프리싱크 높낮이 무결점,"419,000"
15417830,알파스캔 AOC Q32V QHD 프리싱크 75 시력보호 무결점,일시품절
13355501,알파스캔 AOC Q32V3S QHD IPS 75 시력보호 무결점,"325,800"
14114216,알파스캔 AOC Q34E2 울트라와이드 WFHD 프리싱크 75 시력보호 무결점,"380,000"
14519906,알파스캔 AOC U27P2C 4K UHD USB-C 프리싱크 높낮이 무결점,"498,820"
13869686,알파스캔 AOC U27U2 4면 보더리스 UHD USB-C HDR 400 무결점,"594,540"
13835873,알파스캔 AOC U27V 4K UHD 높낮이 시력보호 무결점,"397,900"
16670072,알파스캔 AOC U27V5 4K UHD USB-C 프리싱크 높낮이 무결점,"599,000"
14998217,알파스캔 AOC U28G2X 게이밍 IPS 4K UHD 144 프리싱크 HDR 400 무결점,"796,150"
14159564,알파스캔 AOC U32E2 4K UHD 시력보호 무결점,"437,890"
15768212,알파스캔 AOC U32N3C 4K UHD USB-C 프리싱크 높낮이 HDR 무결점,"597,750"
13997801,알파스캔 AOC U32P2 4K UHD 프리싱크 높낮이 무결점,"489,020"
13303235,알파스캔 AOC U32P2C 4K UHD USB-C 프리싱크 높낮이 무결점,"681,500"
13799459,알파스캔 AOC U34P2C 울트라와이드 WQHD USB-C 75 프리싱크 높낮이 무결점,"699,000"
5562229,알파스캔 AOC i1601 USB C 시력보호 휴대용 무결점,"218,820"
15265859,알파스캔 P27Q4 QHD 4면 보더리스 피벗 높낮이 무결점,"347,420"
2423575,알파스캔 SAT2342WorkTab 안드로이드 터치,"809,900"
12711860,알파스캔 U32PR90H 4K UHD HDR 시력보호 무결점,"367,890"
15305483,알파스캔 에이건 AGON 254FG 360 지싱크 HDR 400 게이밍 무결점,"990,000"
7330948,알파스캔 에이건 AGON 273QCX 144 QHD HDR Freesync2 무결점,"482,000"
12011540,알파스캔 에이건 AGON 273QG 나노 IPS QHD 지싱크 165 무결점,"798,000"
12977909,알파스캔 에이건 AGON 273QXP 나노IPS HDR400 프리싱크 170 무결점,"629,000"
13822031,알파스캔 에이건 AGON 273QZ QHD 240 프리싱크 HDR 400 무결점,"642,000"
17420450,알파스캔 에이건 AGON 274UXP 나노IPS 4K HDR600 프리싱크 160 무결점,"949,000"
16901258,알파스캔 에이건 AGON 275QXL QHD 170 프리싱크 HDR 400 게이밍 무결점,"642,000"
14775143,알파스캔 에이건 AGON 322QX 165 QHD 프리싱크 HDR 게이밍 무결점,"508,000"
14654150,알파스캔 에이건 AGON 323QCX2 QHD 155 프리싱크 HDR 게이밍 무결점,"442,000"
15194276,알파스캔 에이건 AGON 324UX UHD 144 프리싱크 HDR 400 무결점,"1,135,000"
15172790,알파스캔 에이건 AGON PD27 QHD 240 HDR 400 게이밍 무결점,"989,780"
16144145,알파스캔 콘퀘스트 27Q90G 게이밍 QHD 165 무결점,"377,610"
14450375,알파스캔 콘퀘스트 32F81G 게이밍 165 무결점,"371,830"
14225243,알파스캔 콘퀘스트 32Q81G 게이밍 QHD 165 무결점,"466,370"
18337013,알파스캔 콘퀘스트 32U90G 게이밍 4K UHD 144 무결점,"1,180,170"
9567741,알파스캔 콘퀘스트 C32Q80H 144 HDR 게이밍 QHD 무결점,"399,000"
16540835,알파스캔 콘퀘스트 C32Q90G 게이밍 QHD 165 무결점,"378,980"
17124851,알파스캔 콘퀘스트 C34Q90G 게이밍 QHD 165 무결점,"535,990"
7106722,알파스캔 프레스티지 Q2789 QHD IPS 프리싱크 75 시력보호 무결점,"295,990"
4059122,알파스캔 프레스티지 T274DHSU (중고),"200,000"
17518691,앱코 AV24F165D 프레임리스 FHD 165 HDR 프리싱크 게이밍,"133,000"
17288033,앱코 AV24F165D 프레임리스 FHD 165 HDR 프리싱크 게이밍 무결점,"137,000"
17518670,앱코 AV24F75D 프레임리스 FHD 75 HDR,"105,000"
17362238,앱코 AV24F75D 프레임리스 FHD 75 HDR 무결점,"109,000"
17519354,앱코 AV27F75D 프레임리스 FHD 75 HDR,"136,000"
17264543,앱코 AV27F75D 프레임리스 FHD 75 HDR 무결점,"139,000"
17519324,앱코 AVC27F165D 커브드 프레임리스 FHD 165 HDR 프리싱크 게이밍,"185,000"
17288387,앱코 AVC27F165D 커브드 프레임리스 FHD 165 HDR 프리싱크 게이밍 무결점,"189,000"
12634652,어드밴스원 AD-U3421P WQHD 100 게이밍,"290,000"
12634670,어드밴스원 AD-U3421P WQHD 100 게이밍 무결점,"300,000"
15068933,어드밴스원 AF-2410UX WUXGA 보더리스 무결점,"105,000"
17370122,어드밴스원 AH-MV215 광시야각 보더리스,"90,000"
17370131,어드밴스원 AH-MV215 광시야각 보더리스 무결점,"92,000"
15271472,어드밴스원 AV-2408RH FHD 100 프리싱크 광시야각,"102,000"
15271490,어드밴스원 AV-2408RH FHD 100 프리싱크 광시야각 무결점,일시품절
18374363,어드밴스원 M2408TYPEC 보더리스 75 광시야각 Type-C DeX,"117,000"
18374384,어드밴스원 M2408TYPEC 보더리스 75 광시야각 Type-C DeX 무결점,"115,000"
14321720,어드밴스원 M270CG165 커브드 보더리스 165 프리싱크 게이밍 무결점,"189,000"
12515084,어드밴스원 M32Q75P 보더리스 커브드 QHD 75 게이밍,"220,000"
12515099,어드밴스원 M32Q75P 보더리스 커브드 QHD 75 게이밍 무결점,"225,000"
18318701,어드밴스원 MC215HS 보더리스 광시야각 75 HDMI,"107,000"
18318710,어드밴스원 MC215HS 보더리스 광시야각 75 HDMI 무결점,"109,000"
18518420,어드밴스원 MV32F75K 보더리스 75 IPS 광시야각,"155,000"
18518432,어드밴스원 MV32F75K 보더리스 75 IPS 광시야각 무결점,"159,000"
18010763,에스에이엠티 Smart OLED Viewer 포터블,"398,980"
2476407,에쎈 퍼스트 FSM-240YSP LED 무결점,"149,000"
11477466,에이서 CB272U,"308,110"
10909401,에이서 프레데터 XB253Q GP,일시품절
16247246,에이서 프레데터 XB323QK NV,"1,070,750"
18057095,에이서 프레데터 XB323QK NV (리퍼비시),"799,000"
17272106,엠텍코리아 ViewSys F2740 V2 IPS 165 게이밍 블랙,"165,480"
17271119,엠텍코리아 ViewSys F2740W V2 IPS 165 게이밍 화이트 무결점,"189,000"
16631537,엠텍코리아 ViewSys MT27F75 G1 IPS 75 FHD 베젤리스,"165,230"
16631663,엠텍코리아 ViewSys MT27F75 G1 IPS 75 FHD 베젤리스 무결점,"168,990"
13091915,엠텍코리아 ViewSys Q2720 IPS QHD 75 게이밍 HDR,"171,730"
13091942,엠텍코리아 ViewSys Q2720 IPS QHD 75 게이밍 HDR 무결점,"178,900"
14775626,엠텍코리아 ViewSys Q2760 QHD IPS 165 게이밍,일시품절
18374741,오존컴퍼니 몬스터박스 OZO24FM 아이케어 75 무결점,"102,000"
18132011,오존컴퍼니 몬스터박스 OZO24FMA11 안드로이드 스마트,"198,990"
11226543,와사비망고 몬스터빈 Artview FHD270 165 HDR,"299,000"
7945438,유지테크 INFINI UG-321 Pro 144 Gaming (중고),"156,390"
6738577,유지테크 INFINI UG-329Q QHD 144 HDR 강화유리,"301,310"
10162956,이노스 M1560FT 터치,"546,240"
12313379,이지아이티시스템 APEX-240HDR 75 무결점,"110,000"
17690933,인포트온 INPORT T24Q1 QHD IPS 프리싱크 75 광시야각,"128,030"
17690978,인포트온 INPORT T24Q1 QHD IPS 프리싱크 75 광시야각 무결점,"128,030"
17690765,인포트온 INPORT T27F1 FHD 프리싱크 75 시력보호,"123,890"
4053932,자비오씨엔씨 엑사비오 X2005EWT PLUS,"133,990"
3587712,자비오씨엔씨 엑사비오 X2400EWT Plus 광시야각,"172,330"
16155842,자비오씨엔씨 엑사비오 X2700QHD75,"154,130"
16155893,자비오씨엔씨 엑사비오 X2700QHD75 무결점,"154,000"
15625007,자비오씨엔씨 엑사비오 X2706EW HDMI 무결점,"128,020"
12633545,정림전자 GMASTAR JE221L6711 IPS FHD HDR 75 광시야각 무결점,"85,000"
9284361,정림전자 GMASTAR JE240L FHD HDR 리얼75 보더리스 무결점,"95,770"
12633593,정림전자 GMASTAR JE241L6711 IPS FHD HDR 75 광시야각 무결점,"135,000"
13504118,정림전자 GMASTAR JE242L6711 IPS 광시야각 무결점,"157,670"
16206878,정림전자 GMASTAR JE242L6741 IPS FHD 리얼 165 HDR 게이밍 무결점,"163,000"
15779789,정림전자 GMASTAR JE271L7711 IPS QHD 75,"134,940"
15779822,정림전자 GMASTAR JE271L7711 IPS QHD 75 무결점,"146,000"
11862706,정림전자 GMASTAR JG271C6771 1500R 리얼 240 HDR 게이밍 무결점,"278,700"
11751911,정림전자 GMASTAR JG271C7741 QHD 1500R 리얼 165 HDR 게이밍 무결점,"236,000"
12376304,정림전자 GMASTAR JG271C7742 퀀텀닷 QHD 1500R 리얼 165 HDR 게이밍 무결점,"266,000"
12256598,정림전자 GMASTAR JG271L6742 퀀텀닷 리얼 165 HDR 게이밍 무결점,"249,000"
11862811,정림전자 GMASTAR JG271L6771 리얼 240 HDR 게이밍 무결점,"309,000"
11751569,정림전자 GMASTAR JG271L7741 QHD 리얼165 HDR 평면 게이밍 무결점,"241,000"
12256643,정림전자 GMASTAR JG271L7742 퀀텀닷 QHD 리얼 165 HDR 무결점 게이밍,"275,970"
12224561,정림전자 GMASTAR JG321C6742 퀀텀닷 1500R 리얼 165 HDR 게이밍 무결점,"239,000"
12236291,정림전자 GMASTAR JG321C7742 퀀텀닷 1500R QHD 리얼 165 HDR 게이밍 무결점,"307,000"
12224474,정림전자 GMASTAR JG321L6742 퀀텀닷 리얼 165 HDR 게이밍 무결점,"279,000"
11486067,정림전자 GMASTAR JG321L7741 QHD 리얼 165 HDR 게이밍 무결점,"292,000"
12236330,정림전자 GMASTAR JG321L7742 퀀텀닷 QHD 리얼 165 HDR 게이밍 무결점,"303,000"
17360123,제우스랩 AT156 휴대용 터치스크린 (해외구매),"137,290"
9849420,제우스랩 P15A 휴대용,"170,000"
15407426,제우스랩 P15A 휴대용 (해외구매),"95,500"
9849438,제우스랩 P15BT,"259,990"
13059167,제우스랩 Z15ST 휴대용 터치스크린,"219,000"
18431075,제우스랩 Z16P 휴대용 스크린 (해외구매),"125,370"
11514761,제이씨현 BattleG BG27A 유케어 165 커브드 게이밍 무결점,"298,000"
11790316,제이씨현 BattleG BG27FM3 유케어 240 게이밍 HDR 무결점,"329,000"
16358264,제이씨현 BattleG BG27FM3 유케어 IPS 게이밍 240 HDR 멀티스탠드 무결점,"319,000"
16358357,제이씨현 BattleG BG27FM3 유케어 IPS 게이밍 240 HDR 무결점,"328,560"
11110134,제이씨현 BattleG BG32B 유케어 180 게이밍 무결점,"259,000"
9713256,제이씨현 BattleG BG32B 유케어 180 방탄유리,"324,990"
10894263,제이씨현 BattleG BG32B 유케어 200 방탄유리,"284,000"
15506900,제이씨현 BattleG BG32B 유케어 200C 게이밍 무결점,"269,000"
9713313,제이씨현 BattleG BG32C 유케어 200 방탄유리,"295,000"
13583954,제이씨현 BattleG BG32C 유케어 240 게이밍 무결점,"279,000"
11000781,제이씨현 BattleG BG32C 유케어 240 방탄유리,"279,000"
13301168,제이씨현 BattleG BG32C 유케어 240 방탄유리 무결점,"279,000"
12667043,제이씨현 BattleG BG32Q 유케어 165 방탄유리,"299,000"
15481763,제이씨현 BattleG BG32Q 유케어 165A 게이밍 무결점,"287,000"
15801428,제이씨현 BattleG BG32Q 유케어 165A 게이밍 방탄유리 무결점,"299,000"
7159168,제이씨현 UDEA EDGE 24 커브드 144 게이밍 AE 블랙 무결점,"273,900"
7159186,제이씨현 UDEA EDGE 24 커브드 144 게이밍 AE 화이트 무결점,"335,700"
6128251,제이씨현 UDEA EDGE 24UH2 IPS 유케어 75 시력보호 무결점,"199,000"
12273686,제이씨현 UDEA EDGE 25FG Lite 유케어 165 게이밍 무결점,"528,410"
10222086,제이씨현 UDEA EDGE 25FG 유케어 165 게이밍 무결점,"571,990"
5113673,제이씨현 UDEA EDGE 27CH3 유케어 144 커브드 게이밍 프리싱크 무결점,"239,000"
9847572,제이씨현 UDEA EDGE 27CH3F 유케어 165 커브드 게이밍 무결점,"249,000"
15182231,제이씨현 UDEA EDGE 27CH3L 유케어 165 커브드 홈게임 무결점,"225,000"
12403373,제이씨현 UDEA EDGE 27FH 유케어 UV 살균,"558,000"
12403433,제이씨현 UDEA EDGE 27FH 유케어 UV 살균 무결점,"557,990"
11580434,제이씨현 UDEA EDGE 27FH3A 유케어 75 프리싱크,"185,000"
11580437,제이씨현 UDEA EDGE 27FH3A 유케어 75 프리싱크 무결점,"169,000"
13431521,제이씨현 UDEA EDGE 27FH3Q 유케어 75 QHD 프리싱크 무결점,"179,000"
10632672,제이씨현 UDEA EDGE 27FM3 v2 유케어 240 게이밍 HDR 무결점,"299,000"
6875746,제이씨현 UDEA EDGE 27FM3 유케어 240 게이밍 HDR 무결점,"318,310"
7655245,제이씨현 UDEA EDGE 27FM3 유케어 240 게이밍 HDR 방탄유리,"363,090"
11942966,제이씨현 UDEA EDGE 27SM3 v2 유케어 165 게이밍 무결점,"208,990"
10537011,제이씨현 UDEA EDGE 27SM3 유케어 144 게이밍 무결점,"209,000"
9357027,제이씨현 UDEA EDGE 32SM3 유케어 165 게이밍 무결점,"528,800"
11306790,제이씨현 UDEA EDGE 32SM3 유케어 180 게이밍 무결점,"382,000"
16361297,제이씨현 UDEA EDGE ED2420GT 유케어 IPS 홈게임 144 무결점,"179,000"
16489307,제이씨현 UDEA EDGE ED2420HS 유케어 QHD 프리싱크 75,"178,480"
16489340,제이씨현 UDEA EDGE ED2420HS 유케어 QHD 프리싱크 75 무결점,"183,330"
15531395,제이씨현 UDEA EDGE ED2420LF 유케어 75 홈엔터,"119,000"
15531419,제이씨현 UDEA EDGE ED2420LF 유케어 75 홈엔터 무결점,"128,990"
15531131,제이씨현 UDEA EDGE ED2420LS 유케어 IPS 홈엔터 75,"123,100"
15531212,제이씨현 UDEA EDGE ED2420LS 유케어 IPS 홈엔터 75 무결점,"139,000"
15531665,제이씨현 UDEA EDGE ED2420LW 유케어 IPS 홈엔터 75,"139,000"
15531719,제이씨현 UDEA EDGE ED2420LW 유케어 IPS 홈엔터 75 무결점,"149,000"
16675784,제이씨현 UDEA EDGE ED2420LW 유케어 IPS 홈오피스 QHD,"179,000"
16675820,제이씨현 UDEA EDGE ED2420LW 유케어 IPS 홈오피스 QHD 무결점,"189,000"
14272247,제이씨현 UDEA EDGE ED2420NT 유케어 QHD 프리싱크 75,"179,000"
14272439,제이씨현 UDEA EDGE ED2420NT 유케어 QHD 프리싱크 75 무결점,"189,000"
17405003,제이씨현 UDEA EDGE ED2421NA 유케어 IPS 홈엔터 75 무결점,"139,000"
13618505,제이씨현 UDEA EDGE ED2422NA 유케어 IPS 시력보호,"129,000"
13618526,제이씨현 UDEA EDGE ED2422NA 유케어 IPS 시력보호 무결점,"139,000"
14939087,제이씨현 UDEA EDGE ED2422NB 유케어 IPS 홈엔터 75,"129,000"
14939138,제이씨현 UDEA EDGE ED2422NB 유케어 IPS 홈엔터 75 무결점,"139,000"
14185583,제이씨현 UDEA EDGE ED2422TA 유케어 IPS 홈오피스,"132,000"
14185586,제이씨현 UDEA EDGE ED2422TA 유케어 IPS 홈오피스 무결점,"139,000"
18539660,제이씨현 UDEA EDGE ED2423RA 유케어 IPS 홈엔터 75,"129,000"
18539717,제이씨현 UDEA EDGE ED2423RA 유케어 IPS 홈엔터 75 무결점,"139,000"
17450612,제이씨현 UDEA EDGE ED2423SGX 유케어 75 홈엔터,"112,350"
17450663,제이씨현 UDEA EDGE ED2423SGX 유케어 75 홈엔터 무결점,"112,350"
16394435,제이씨현 UDEA EDGE ED2425GF 유케어 IPS 홈엔터 75,"123,980"
16394480,제이씨현 UDEA EDGE ED2425GF 유케어 IPS 홈엔터 75 무결점,"130,900"
15038993,제이씨현 UDEA EDGE ED2425GFN 유케어 TN 홈게임 144 무결점,"169,000"
16630838,제이씨현 UDEA EDGE ED2425HS 유케어 165 홈게임 무결점,"143,000"
16629572,제이씨현 UDEA EDGE ED2425LW 유케어 165 홈게임 무결점,"142,970"
17159234,제이씨현 UDEA EDGE ED2425MD 유케어 75 홈엔터 무결점,"129,000"
16489748,제이씨현 UDEA EDGE ED2425NC 유케어 IPS 홈엔터 75,"128,990"
16489793,제이씨현 UDEA EDGE ED2425NC 유케어 IPS 홈엔터 75 무결점,"139,000"
16394750,제이씨현 UDEA EDGE ED2425OF 유케어 IPS 홈엔터 75,"125,000"
16394777,제이씨현 UDEA EDGE ED2425OF 유케어 IPS 홈엔터 75 무결점,"134,830"
18525065,제이씨현 UDEA EDGE ED2425RA V2 유케어 75 홈엔터 에코,"119,000"
18525071,제이씨현 UDEA EDGE ED2425RA V2 유케어 75 홈엔터 에코 무결점,"129,000"
16472399,제이씨현 UDEA EDGE ED2425RA 유케어 75 홈엔터 에코,"118,800"
16472414,제이씨현 UDEA EDGE ED2425RA 유케어 75 홈엔터 에코 무결점,"129,000"
16395563,제이씨현 UDEA EDGE ED2425SN 유케어 75 홈엔터,"119,000"
16395602,제이씨현 UDEA EDGE ED2425SN 유케어 75 홈엔터 무결점,"129,000"
14501516,제이씨현 UDEA EDGE ED2425WA 유케어 IPS 홈엔터 75,"129,000"
14501612,제이씨현 UDEA EDGE ED2425WA 유케어 IPS 홈엔터 75 무결점,"139,000"
14774561,제이씨현 UDEA EDGE ED2720CG 유케어 QHD 커브드 165 홈게임 치킨각 무결점,"296,420"
16028831,제이씨현 UDEA EDGE ED2720GNK 유케어 IPS 홈엔터 75,"180,000"
16028852,제이씨현 UDEA EDGE ED2720GNK 유케어 IPS 홈엔터 75 무결점,"185,000"
17264033,제이씨현 UDEA EDGE ED2720GX 유케어 144 홈게임 무결점,"215,000"
16715660,제이씨현 UDEA EDGE ED2720GX 유케어 IPS 게이밍 165,"215,000"
14224691,제이씨현 UDEA EDGE ED2720GX 유케어 IPS 게이밍 165 무결점,"215,000"
16278419,제이씨현 UDEA EDGE ED2720KC 유케어 QHD 프리싱크 75 IPS,"199,000"
16278422,제이씨현 UDEA EDGE ED2720KC 유케어 QHD 프리싱크 75 IPS 무결점,"209,000"
12895913,제이씨현 UDEA EDGE ED2720NA 유케어 IPS 75 시력보호,"159,000"
12888149,제이씨현 UDEA EDGE ED2720NA 유케어 IPS 75 시력보호 무결점,"169,000"
14462588,제이씨현 UDEA EDGE ED2720NB 유케어 QHD 프리싱크 75 IPS,"196,900"
14462534,제이씨현 UDEA EDGE ED2720NB 유케어 QHD 프리싱크 75 IPS 무결점,"206,800"
16420976,제이씨현 UDEA EDGE ED2720RA 유케어 QHD 프리싱크 75 에코,"194,000"
16421000,제이씨현 UDEA EDGE ED2720RA 유케어 QHD 프리싱크 75 에코 무결점,일시품절
13868012,제이씨현 UDEA EDGE ED2720TA 유케어 IPS 75 홈오피스 무결점,"189,000"
16705055,제이씨현 UDEA EDGE ED2720VA 유케어 75 홈엔터,"143,400"
16704074,제이씨현 UDEA EDGE ED2720VA 유케어 75 홈엔터 무결점,"146,000"
16029338,제이씨현 UDEA EDGE ED2722HS 유케어 IPS 홈엔터 75,"154,230"
16029359,제이씨현 UDEA EDGE ED2722HS 유케어 IPS 홈엔터 75 무결점,"163,930"
18546884,제이씨현 UDEA EDGE ED2722WA 유케어 75 홈엔터,"149,000"
18546887,제이씨현 UDEA EDGE ED2722WA 유케어 75 홈엔터 무결점,"159,000"
12895895,제이씨현 UDEA EDGE ED2723RA 유케어 IPS 프리싱크,"159,000"
12887864,제이씨현 UDEA EDGE ED2723RA 유케어 IPS 프리싱크 무결점,"160,700"
16891229,제이씨현 UDEA EDGE ED2725JP 유케어 IPS 홈엔터 무결점,"165,000"
18557237,제이씨현 UDEA EDGE ED2725MD 유케어 IPS 홈엔터 75,"162,000"
18557243,제이씨현 UDEA EDGE ED2725MD 유케어 IPS 홈엔터 75 무결점,"156,520"
18525158,제이씨현 UDEA EDGE ED2725RA 유케어 75 홈엔터 에코,"149,000"
18525167,제이씨현 UDEA EDGE ED2725RA 유케어 75 홈엔터 에코 무결점,"159,000"
13067702,제이씨현 UDEA EDGE ED2725WA 유케어 IPS 75 프리싱크,"159,000"
13067756,제이씨현 UDEA EDGE ED2725WA 유케어 IPS 75 프리싱크 무결점,"169,000"
16767764,제이씨현 UDEA EDGE ED2730CG 유케어 커브드 165 홈게임,"225,000"
15343946,제이씨현 UDEA EDGE ED2730CG 유케어 커브드 165 홈게임 무결점,"234,990"
14432939,제이씨현 UDEA EDGE ED2735NA 유케어 QHD 홈엔터 USB-C,"279,000"
14432948,제이씨현 UDEA EDGE ED2735NA 유케어 QHD 홈엔터 USB-C 무결점,"287,930"
16252856,제이씨현 UDEA EDGE ED3230GFN 유케어 180 홈게임 무결점,"315,840"
15241010,제이씨현 UDEA EDGE ED3230NM 유케어 QHD 듀얼DP,"257,950"
15241040,제이씨현 UDEA EDGE ED3230NM 유케어 QHD 듀얼DP 무결점,"269,000"
16320515,제이씨현 UDEA EDGE ED3430CG 유케어 144 커브드 울트라 와이드 시네마틱 홈게임 무결점,"418,990"
4267924,제이씨현 UDEA LOOK 200 HDMI,"380,000"
4267963,제이씨현 UDEA LOOK 200 HDMI 무결점,"391,000"
7391374,제이씨현 UDEA LOOK 200 HDMI 유케어,"145,000"
7391389,제이씨현 UDEA LOOK 200 HDMI 유케어 무결점,"125,000"
3632307,제이씨현 UDEA LOOK 220 IPS HDMI 유케어,"164,230"
3632349,제이씨현 UDEA LOOK 220 IPS HDMI 유케어 무결점,"390,000"
7156711,제이씨현 UDEA LOOK 220 IPSA HDMI 유케어 시력보호,"99,000"
7157170,제이씨현 UDEA LOOK 220 IPSA HDMI 유케어 시력보호 무결점,"109,000"
6275316,제이씨현 UDEA LOOK 240 IPS HDMI 유케어 75 게이밍,"529,000"
6275334,제이씨현 UDEA LOOK 240 IPS HDMI 유케어 75 게이밍 무결점,"530,990"
11259507,제이씨현 UDEA LOOK 240 IPS HDMI 유케어 프리싱크 75 HDR,"528,990"
11261895,제이씨현 UDEA LOOK 240 IPS HDMI 유케어 프리싱크 75 HDR 무결점,"243,000"
11369394,제이씨현 UDEA LOOK 240 IPSA 유케어 프리싱크 75,"129,000"
5938495,제이씨현 UDEA LOOK 240 PVA HDMI 유케어 ECO 무결점,"160,000"
8796386,제이씨현 UDEA LOOK 240T 유케어 75 시력보호,"119,000"
9385824,제이씨현 UDEA LOOK 240T 유케어 75 시력보호 무결점,"129,000"
6645292,제이씨현 UDEA LOOK 270 IPSA 유케어 시력보호 블랙,"258,940"
7665022,제이씨현 UDEA LOOK 270 IPSQ 유케어 TANK 시력보호 무결점,"301,550"
4059790,제이씨현 UDEA LOOK 320 ADS 유케어 화이트,"199,000"
8080150,제이씨현 UDEA LOOK 320 PVA 유케어 시력보호,"199,000"
16772144,제이씨현 UDEA LOOK 320 PVA 유케어 시력보호 무결점,"202,730"
16844183,제이씨현 UDEA LOOK LK2220NA 유케어 75 오피스,"98,990"
16844192,제이씨현 UDEA LOOK LK2220NA 유케어 75 오피스 무결점,"108,990"
12919688,제이씨현 UDEA LOOK LK2420LA 유케어 75 시력보호,"129,000"
14075009,제이씨현 UDEA LOOK LK2420LA 유케어 75 시력보호 HVA 무결점,"129,000"
13523777,제이씨현 UDEA LOOK LK2420LA 유케어 75 시력보호 무결점,"139,000"
12919874,제이씨현 UDEA LOOK LK2420LB 유케어 75 시력보호,"135,000"
13523822,제이씨현 UDEA LOOK LK2420LB 유케어 75 시력보호 무결점,"145,000"
16017527,제이씨현 UDEA LOOK LK2422GNK 유케어 75 오피스,"139,000"
16017572,제이씨현 UDEA LOOK LK2422GNK 유케어 75 오피스 무결점,"139,000"
16147229,제이씨현 UDEA LOOK LK2422KC 유케어 TN 오피스 75,"109,000"
16147253,제이씨현 UDEA LOOK LK2422KC 유케어 TN 오피스 75 무결점,"119,000"
15890048,제이씨현 UDEA LOOK LK2422LS 유케어 TN 오피스 75,"109,000"
15890075,제이씨현 UDEA LOOK LK2422LS 유케어 TN 오피스 75 무결점,"117,660"
16891988,제이씨현 UDEA LOOK LK2422LW 유케어 75 오피스 무결점,"118,990"
15314492,제이씨현 UDEA LOOK LK2422OW 유케어 TN 오피스 75,"109,000"
15314639,제이씨현 UDEA LOOK LK2422OW 유케어 TN 오피스 75 무결점,"119,000"
12920057,제이씨현 UDEA LOOK LK2422PA 유케어 75 프리싱크 무결점,"139,000"
16989656,제이씨현 UDEA LOOK LK2422WA 유케어 IPS 홈오피스 75 무결점,"139,000"
12974753,제이씨현 UDEA LOOK LK2720LA 유케어 75 시력보호,"148,980"
13587059,제이씨현 UDEA LOOK LK2720LA 유케어 75 시력보호 HVA,"149,000"
13523858,제이씨현 UDEA LOOK LK2720LA 유케어 75 시력보호 무결점,"159,000"
15421421,제이씨현 UDEA LOOK LK2720PA 유케어 75 오피스,"147,400"
15421484,제이씨현 UDEA LOOK LK2720PA 유케어 75 오피스 무결점,"150,700"
12974897,제이씨현 UDEA LOOK LK2722PA 유케어 75 프리싱크,"151,800"
12981488,제이씨현 UDEA LOOK LK2722PA 유케어 75 프리싱크 무결점,"160,160"
12267269,제이씨현 UDEA PANG 24FH IPS 유케어 프리싱크,"136,700"
12267275,제이씨현 UDEA PANG 24FH IPS 유케어 프리싱크 무결점,"210,000"
13444958,제이씨현 UDEA PANG 27FH IPS 유케어 프리싱크 무결점,"190,990"
13068614,제이씨현 UDEA 게이밍 32GB 지피방 180 액정보호,"259,000"
13068635,제이씨현 UDEA 게이밍 32GB 지피방 180 액정보호 무결점,"269,000"
13362041,제이씨현 UDEA 게이밍 32GB 지피방 240 액정보호 무결점,"297,000"
16760390,좋은디에스아이 CP-2475 HDMI 블랙 무결점,"145,000"
16760483,좋은디에스아이 CP-2475 HDMI 화이트 무결점,"145,000"
16760693,좋은디에스아이 CP-2775 HDMI 화이트 무결점,"169,000"
17683928,좋은디에스아이 CP-3275 HDMI 화이트,"241,400"
9257082,좋은디에스아이 GD-24H75 SUN SLIM 무결점,"104,980"
11439684,좋은디에스아이 GD-24H75 SUN SLIM 화이트 무결점,"103,520"
10237458,좋은디에스아이 GD-27F75H SUN SLIM 무결점,"139,720"
11439519,좋은디에스아이 GD-27F75H SUN SLIM 화이트 무결점,"139,720"
18272516,좋은디에스아이 GD-32G200 DP GAMING,"246,100"
18272552,좋은디에스아이 GD-32G200 DP GAMING 강화유리,"298,130"
18272531,좋은디에스아이 GD-32G200 DP GAMING 무결점,"246,100"
12735761,좋은디에스아이 RISING GD-27CF REAL 144 Curved 1500R 무결점,"215,960"
11424456,주연테크 V22FE,"133,200"
11424597,주연테크 V24FE,"145,000"
15559160,주연테크 V24FM-T 멀티터치,"309,000"
14841167,주연테크 V24QE IPS QHD 멀티스탠드 아이케어,"198,950"
14841185,주연테크 V24QE IPS QHD 멀티스탠드 아이케어 무결점,"198,900"
11534729,주연테크 V27FE,"173,350"
13173617,주연테크 V27Q-75 IPS 아이케어,"248,210"
13173626,주연테크 V27Q-75 IPS 아이케어 무결점,"257,790"
15400724,주연테크 V27QE IPS QHD 아이케어,"207,930"
15401216,주연테크 V27QE IPS QHD 아이케어 무결점,"217,990"
16551656,주연테크 V27QI-75M QHD USB-C 화이트,"392,400"
16551797,주연테크 V27QI-75M QHD USB-C 화이트 무결점,"413,200"
16971308,주연테크 V27UI-60M,"418,950"
16972052,주연테크 V27UI-60M 무결점,"438,990"
13588301,주연테크 V28UE 4K UHD HDR USB-C,"348,990"
13588586,주연테크 V28UE 4K UHD HDR USB-C 무결점,"369,000"
14367290,주연테크 V28UE-M 4K UHD HDR 멀티스탠드,"357,900"
14367365,주연테크 V28UE-M 4K UHD HDR 멀티스탠드 무결점,"377,900"
13251467,주연테크 V32Q-75 IPS 아이케어,"256,840"
13251476,주연테크 V32Q-75 IPS 아이케어 무결점,"266,420"
15856892,주연테크 V32UE 4K UHD HDR USB-C,"421,530"
15926144,주연테크 V32UE 4K UHD HDR USB-C 무결점,"459,040"
12362342,주연테크 X25F 리얼 240 게이밍,"313,370"
12629753,주연테크 X25F 리얼 240 게이밍 무결점,"269,000"
13865306,주연테크 리오나인 LX32HQ 165 IPS QHD,"378,750"
14274401,주연테크 리오나인 LX32HQ 165 IPS QHD 무결점,"398,910"
13285418,주연테크 리오나인 X24F-144 게이밍,"259,350"
15337604,주연테크 리오나인 X27F-240A,"289,000"
15401234,주연테크 리오나인 X27F-240A 무결점,"299,000"
15317273,주연테크 리오나인 X27FI-144,일시품절
14741375,주연테크 리오나인 X27FI-240 IPS 게이밍,"289,000"
14741483,주연테크 리오나인 X27FI-240 IPS 게이밍 무결점,일시품절
13172906,주연테크 리오나인 X27Q 165 게이밍,"289,000"
13172909,주연테크 리오나인 X27Q 165 게이밍 무결점,"298,990"
13261124,주연테크 리오나인 X27QC-165 1500R 커브드 게이밍,"297,960"
13261142,주연테크 리오나인 X27QC-165 1500R 커브드 게이밍 무결점,"308,990"
14741918,주연테크 리오나인 X27QI-165 IPS QHD 게이밍,"375,990"
14741987,주연테크 리오나인 X27QI-165 IPS QHD 게이밍 무결점,"324,880"
16335383,주연테크 리오나인 X27QI-165M,"305,700"
16335677,주연테크 리오나인 X27QI-165M 무결점,"339,000"
17202017,주연테크 리오나인 X27QI-165Ms Nano IPS,"309,000"
17207090,주연테크 리오나인 X27QI-165Ms Nano IPS 무결점,"327,600"
15677918,주연테크 리오나인 X32F-165 게이밍,"237,990"
15678113,주연테크 리오나인 X32F-165 게이밍 무결점,"237,940"
16284749,주연테크 리오나인 X32FC-165 게이밍,"213,000"
18539984,주연테크 리오나인 X32G-180,"309,000"
18540176,주연테크 리오나인 X32G-180 무결점,"329,000"
18546422,주연테크 리오나인 X32G-240,"328,990"
18546449,주연테크 리오나인 X32G-240 무결점,"349,000"
13264763,주연테크 리오나인 X32QC-165 1500R 커브드 게이밍 무결점,"348,990"
12864293,주연테크 리오나인 X34Q 울트라와이드 게이밍 리얼 100 VA,"319,000"
12901871,주연테크 리오나인 X34Q 울트라와이드 게이밍 리얼 100 VA 무결점,"339,000"
14171828,주연테크 리오나인 X34QC 슈퍼 울트라와이드 1500R 게이밍,"449,000"
14171876,주연테크 리오나인 X34QC 슈퍼 울트라와이드 1500R 게이밍 무결점,"469,000"
16424666,주연테크 리오나인 X34QC-65W USB-C 커브드 게이밍,"499,000"
16424723,주연테크 리오나인 X34QC-65W USB-C 커브드 게이밍 무결점,"497,370"
16412492,주연테크 캐리미 Q27CMA11,"1,014,870"
15426428,주연테크 캐리뷰 V158FPGA,"328,990"
6913375,주연테크 캐리뷰 V15FP 포터블 터치,"301,320"
13197359,주연테크 캐리뷰144 V15FPGL-144 휴대용 터치 144,"939,990"
15429764,주연테크 캐리뷰144 V16FPGA-144 휴대용 터치,"358,970"
10658724,주연테크 캐리뷰L/A V15FPG-L/A 터치 포터블,"1,285,610"
10657314,주연테크 캐리뷰UHD V15UPG 4K 터치 포터블,"399,000"
17316098,카멜 CM2710V,"170,050"
13292462,카멜 CM3210GC 커브드 165 게이밍 프리싱크 시력보호,"264,950"
18365327,카멜 포터블 프리즘 CPM1610IQ,"213,850"
14316578,컴이지 킹덤 K2400F REAL75 GAMING,"156,740"
14316668,컴이지 킹덤 K2400F REAL75 GAMING 무결점,"97,980"
13377212,컴이지 킹덤 K2414F REAL144 GAMING 무결점,"121,490"
13702724,컴이지 킹덤 K2716F REAL165 GAMING 블랙 무결점,"165,160"
14344922,컴이지 킹덤 K2765B QHD REAL165 GAMING 무결점,"188,400"
12838253,컴이지 킹덤 K2775F REAL75 GAMING,"132,000"
12850799,컴이지 킹덤 K2775F REAL75 GAMING 무결점,"130,540"
13512314,컴이지 킹덤 K3224F REAL240 GAMING 무결점,"244,800"
18036683,컴이지 킹덤 K3275F REAL75 GAMING 무결점,"157,000"
12963335,큐닉스그룹 QX2711 QHD 95 에블루션2 HDR,"189,000"
12963377,큐닉스그룹 QX2711 QHD 95 에블루션2 HDR 무결점,"218,870"
15514841,큐닉스그룹 QX32HF 180 강화유리,"309,990"
14812814,큐닉스그룹 큐닉스 QHD2475 IPS 베젤리스 HDR,"154,000"
14813753,큐닉스그룹 큐닉스 QHD2475 IPS 베젤리스 HDR 무결점,"159,000"
15278750,큐닉스그룹 큐닉스 QHD27L REAL 165 NANO IPS,"349,000"
15278939,큐닉스그룹 큐닉스 QHD27L REAL 165 NANO IPS 무결점,"359,000"
14234756,큐닉스그룹 큐닉스 QX242F Real 75 HDR,"92,000"
14234831,큐닉스그룹 큐닉스 QX242F Real 75 HDR 무결점,"95,000"
15905621,큐닉스그룹 큐닉스 QX24BF REAL 75,"105,000"
15905681,큐닉스그룹 큐닉스 QX24BF REAL 75 무결점,"89,300"
14938232,큐닉스그룹 큐닉스 QX24F1 REAL 75 HDR,"97,000"
14938406,큐닉스그룹 큐닉스 QX24F1 REAL 75 HDR 무결점,"97,000"
17144042,큐닉스그룹 큐닉스 QX24SD REAL 75 HDR PLUS,"108,070"
17144255,큐닉스그룹 큐닉스 QX24SD REAL 75 HDR PLUS 무결점,"111,000"
17005217,큐닉스그룹 큐닉스 QX24SD REAL 75 HDR 슬림,"100,800"
17005406,큐닉스그룹 큐닉스 QX24SD REAL 75 HDR 슬림 무결점,"103,500"
14154764,큐닉스그룹 큐닉스 QX24T1 Real 144 HDR,"149,000"
14154881,큐닉스그룹 큐닉스 QX24T1 Real 144 HDR 무결점,"159,000"
15014078,큐닉스그룹 큐닉스 QX2711 QHD 95 에블루션2 HDR PLUS,"189,000"
15014090,큐닉스그룹 큐닉스 QX2711 QHD 95 에블루션2 HDR PLUS 무결점,"199,000"
6830548,큐닉스그룹 큐닉스 QX2716 REAL 165,"189,000"
15690650,큐닉스그룹 큐닉스 QX2716 REAL 165 HDR PLUS,"188,990"
15690719,큐닉스그룹 큐닉스 QX2716 REAL 165 HDR PLUS 무결점,"188,890"
12645380,큐닉스그룹 큐닉스 QX2716 REAL 165 HDR 무결점,"199,000"
11565794,큐닉스그룹 큐닉스 QX2775F REAL 75 HDR,"270,000"
11565806,큐닉스그룹 큐닉스 QX2775F REAL 75 HDR 무결점,"275,000"
15924437,큐닉스그룹 큐닉스 QX27BF REAL 75,"130,400"
15924461,큐닉스그룹 큐닉스 QX27BF REAL 75 무결점,"135,000"
12752495,큐닉스그룹 큐닉스 QX27D1 QHD 75 퀀텀닷 HDR,"248,920"
12752555,큐닉스그룹 큐닉스 QX27D1 QHD 75 퀀텀닷 HDR 무결점,"247,930"
14661164,큐닉스그룹 큐닉스 QX27QHD REAL 165 피벗,"289,000"
14661380,큐닉스그룹 큐닉스 QX27QHD REAL 165 피벗 무결점,"299,000"
13182902,큐닉스그룹 큐닉스 QX3211 QHD 75 에블루션2 HDR,"276,210"
13182968,큐닉스그룹 큐닉스 QX3211 QHD 75 에블루션2 HDR 무결점,"308,990"
9711426,큐닉스그룹 큐닉스 QX321G QHD REAL 165 HDR 강화유리 무결점,"649,990"
13073267,큐닉스그룹 큐닉스 QX321U 4K IPS HDR,"516,040"
16816091,큐닉스그룹 큐닉스 QX321U 4K IPS PD65,"368,800"
16816151,큐닉스그룹 큐닉스 QX321U 4K IPS PD65 무결점,"376,900"
14613752,큐닉스그룹 큐닉스 QX322F 180 HDR 강화유리,"270,300"
17584562,큐닉스그룹 큐닉스 QX322F 180 HDR 강화유리 화이트,"270,300"
17337224,큐닉스그룹 큐닉스 QX322F 180 HDR 무결점,"254,400"
11185266,큐닉스그룹 큐닉스 QX324G REAL 240 HDR 게이밍 강화유리,"328,800"
11185242,큐닉스그룹 큐닉스 QX324G REAL 240 HDR 게이밍 무결점,"324,210"
13991348,큐닉스그룹 큐닉스 QX327F 180 HDR 강화유리,"286,200"
12470138,큐닉스그룹 큐닉스 QX32D1 QHD 75 퀀텀닷 HDR,"288,990"
12470339,큐닉스그룹 큐닉스 QX32D1 QHD 75 퀀텀닷 HDR 무결점,"286,850"
15075008,큐닉스그룹 큐닉스 QX32QHD REAL 165 강화유리,"362,980"
14661938,큐닉스그룹 큐닉스 QX32QHD REAL 165 피벗,"364,990"
14662127,큐닉스그룹 큐닉스 QX32QHD REAL 165 피벗 무결점,"350,610"
11821633,큐닉스그룹 큐닉스 QX431U 4K IPS HDR,"478,820"
10468014,큐브코리아 M2410 광시야각 제로베젤 HDMI HDR,"94,000"
10468026,큐브코리아 M2410 광시야각 제로베젤 HDMI HDR 무결점,"97,450"
16808126,큐브코리아 MOTV M191LED ANY HDMI 75 IPS 광시야각,"123,400"
16808189,큐브코리아 MOTV M191LED ANY HDMI 75 IPS 광시야각 무결점,"121,470"
16759439,큐브코리아 MOTV M2402LED 75 HDMI IPS 베젤리스,"90,950"
16759490,큐브코리아 MOTV M2402LED 75 HDMI IPS 베젤리스 무결점,"92,300"
16026476,크로스오버 133TA33 DEX IPS HDR 멀티터치 포터블 무결점,"192,980"
15111410,크로스오버 158TF3 DEX IPS 멀티터치 포터블 HDR,"249,000"
15111434,크로스오버 158TF3 DEX IPS 멀티터치 포터블 HDR 무결점,"249,000"
18091853,크로스오버 220FS75 IPS FHD 75 초슬림베젤,"97,960"
18091886,크로스오버 220FS75 IPS FHD 75 초슬림베젤 무결점,"102,720"
14343473,크로스오버 230FL75 IPS TYPE-C 터치 HDR,"329,000"
15984791,크로스오버 240FL75 IPS TYPE-C 터치,"269,000"
16016345,크로스오버 240FL75 IPS TYPE-C 터치 무결점,"279,000"
16230521,크로스오버 24B3 IPS 75 넘사벽,"114,000"
16230554,크로스오버 24B3 IPS 75 넘사벽 무결점,"116,000"
16320098,크로스오버 24B5 IPS 75 방탄,"106,950"
16320128,크로스오버 24B5 IPS 75 방탄 무결점,"109,000"
12683678,크로스오버 24G1 HDR GAMING FLAT,"113,990"
12683708,크로스오버 24G1 HDR GAMING FLAT 무결점,"113,990"
18630599,크로스오버 24SF75IPS HDR IPS 슬림UP,"85,900"
18630608,크로스오버 24SF75IPS HDR IPS 슬림UP 무결점,"85,900"
17529230,크로스오버 24T66IPS FHD 75 4면 네로,"114,990"
17529269,크로스오버 24T66IPS FHD 75 4면 네로 무결점,"114,990"
17674445,크로스오버 24TOUCH75 IPS 정전압 터치,"228,990"
17674460,크로스오버 24TOUCH75 IPS 정전압 터치 무결점,"229,000"
17682548,크로스오버 24VPS FHD 75,"98,290"
17682551,크로스오버 24VPS FHD 75 무결점,"98,880"
17390858,크로스오버 270FV4 FHD 75 힙스터,"120,900"
17390861,크로스오버 270FV4 FHD 75 힙스터 무결점,"120,900"
10813422,크로스오버 2724RG3 패스트 리얼 240 게이밍 HDR (등외품),"188,450"
11995493,크로스오버 272IPS3 MPRT2 리얼 144 게이밍 IPS HDR,"274,800"
11995502,크로스오버 272IPS3 MPRT2 리얼 144 게이밍 IPS HDR 무결점,"287,650"
14724254,크로스오버 272QL3 IPS 스피드 165 WQHD 게이밍,"244,080"
13837484,크로스오버 2750IPS QHD 75 평면 HIT,"177,910"
17700353,크로스오버 2757IPS QHD DCI P3 95 평면 Hit,"178,990"
17700386,크로스오버 2757IPS QHD DCI P3 95 평면 Hit 무결점,"188,700"
17408036,크로스오버 275GK3 게이밍 FHD 리얼 165,"213,000"
17408066,크로스오버 275GK3 게이밍 FHD 리얼 165 무결점,"224,000"
14625785,크로스오버 279Q7 IPS 패스트 165 WQHD 게이밍,"259,000"
13707812,크로스오버 27AG3 리얼 AdobeRGB QHD IPS 165 게이밍 멀티스탠드 무결점,"386,000"
17786168,크로스오버 27FN75 FHD VA 감동심해,"135,000"
17786225,크로스오버 27FN75 FHD VA 감동심해 무결점,"137,000"
13768130,크로스오버 27GL280 IPS 패스트 240 HDR 280UP 게이밍,"310,800"
13768145,크로스오버 27GL280 IPS 패스트 240 HDR 280UP 게이밍 무결점,"363,090"
17206757,크로스오버 27GN240 IPS 패스트 240 HDR 게이밍,"249,000"
17206772,크로스오버 27GN240 IPS 패스트 240 HDR 게이밍 무결점,"259,000"
13860752,크로스오버 27GQ3 QHD 패스트 165 게이밍 HDR,"205,570"
13860755,크로스오버 27GQ3 QHD 패스트 165 게이밍 HDR 무결점,"209,000"
17276924,크로스오버 27LG3Q 나노IPS 패스트 165 QHD HDR 게이밍 멀티스탠드 무결점,"399,000"
18307997,크로스오버 27LGD4IPS QHD DCI-P3 4면 베젤리스,"184,000"
18308018,크로스오버 27LGD4IPS QHD DCI-P3 4면 베젤리스 무결점,"189,000"
18196052,크로스오버 27NAN5 나노IPS 패스트165 WQHD 게이밍,"650,590"
18196067,크로스오버 27NAN5 나노IPS 패스트165 WQHD 게이밍 무결점,"650,990"
6786349,크로스오버 27Q3 AHIPS 리얼 AdobeRGB 미인,"317,580"
18540386,크로스오버 27Q77S QHD IPS 2560,"178,690"
18540443,크로스오버 27Q77S QHD IPS 2560 무결점,"189,000"
16233116,크로스오버 27QC99 IPS QHD TYPE-C PD 평면,"229,000"
16233140,크로스오버 27QC99 IPS QHD TYPE-C PD 평면 무결점,"239,000"
2634194,크로스오버 27QHD IPS LED,"207,490"
17668976,크로스오버 27UAA5 UHD 리얼 4K HDR IPS 아이세이브,일시품절
17669000,크로스오버 27UAA5 UHD 리얼 4K HDR IPS 아이세이브 무결점,일시품절
12705260,크로스오버 27UL995 HDR TYPE-C 4K 프리미엄 멀티스탠드,일시품절
12705323,크로스오버 27UL995 HDR TYPE-C 4K 프리미엄 멀티스탠드 무결점,"393,000"
18140942,크로스오버 27UL997 USB-C 4K UHD 4면 보더리스 멀티스탠드,"389,000"
18141002,크로스오버 27UL997 USB-C 4K UHD 4면 보더리스 멀티스탠드 무결점,"389,000"
16897703,크로스오버 27UR3 UHD 리얼 4K HDR DCI P3 IPS 하이라이트,"309,000"
14844173,크로스오버 2890CU IPS UHD HDR TYPE-C 평면,"288,210"
14844227,크로스오버 2890CU IPS UHD HDR TYPE-C 평면 무결점,"297,900"
16170137,크로스오버 28UL144 UHD IPS 4K 144 게이밍 평면,"528,990"
16170161,크로스오버 28UL144 UHD IPS 4K 144 게이밍 평면 무결점,"547,960"
16304033,크로스오버 28UR3 IPS 4K UHD HDR 사이즈UP,"299,000"
16304114,크로스오버 28UR3 IPS 4K UHD HDR 사이즈UP 무결점,"309,000"
11588543,크로스오버 323QH3 GAMING 165 HDR 평면 PLUS 무결점,"299,000"
11329581,크로스오버 325AR3 UHD 4K 리얼 AdobeRGB 프리미엄,"359,000"
11329593,크로스오버 325AR3 UHD 4K 리얼 AdobeRGB 프리미엄 무결점,"379,000"
15409298,크로스오버 325AR5 UHD 4K 리얼 AdobeRGB 프리미엄,일시품절
17744399,크로스오버 325GK5 리얼 165 패스트 게이밍,"219,000"
17744402,크로스오버 325GK5 리얼 165 패스트 게이밍 무결점,"236,040"
18198332,크로스오버 328AG5 리얼 165 패스터 게이밍특화,"308,990"
18198386,크로스오버 328AG5 리얼 165 패스터 게이밍특화 무결점,"318,990"
16540427,크로스오버 32FB75 IPS FHD 리얼 75,"173,990"
16540481,크로스오버 32FB75 IPS FHD 리얼 75 무결점,"178,980"
17726144,크로스오버 32FB75VA FHD 리얼75,"168,990"
17726162,크로스오버 32FB75VA FHD 리얼75 무결점,"173,990"
16498439,크로스오버 32GN165 IPS QHD 165 게이밍 평면,"309,430"
16498469,크로스오버 32GN165 IPS QHD 165 게이밍 평면 무결점,"329,000"
16384940,크로스오버 32GNC165 IPS QHD 165 게이밍 Type-C PD 평면 무결점,일시품절
9269976,크로스오버 32SS PLUS QHD 75 HDR 평면 떡상,"228,990"
9269988,크로스오버 32SS PLUS QHD 75 HDR 평면 떡상 무결점,"229,000"
13395569,크로스오버 32SS2 NEW QHD 75 HDR 평면 레게노,"228,930"
13395611,크로스오버 32SS2 NEW QHD 75 HDR 평면 레게노 무결점,"238,980"
15524048,크로스오버 32SS3 NEW IPS QHD 75 HDR 평면 레게노,"228,990"
15524108,크로스오버 32SS3 NEW IPS QHD 75 HDR 평면 레게노 무결점,"238,990"
16217249,크로스오버 32UA5 IPS UHD 4K HDR 아이세이브,"338,990"
16012142,크로스오버 32UG5 IPS KVM 패스트 144 UHD 4K HDR 게이밍,"719,000"
12588041,크로스오버 32UL980 HDR 4K 프리미엄 슬림,일시품절
12588077,크로스오버 32UL980 HDR 4K 프리미엄 슬림 무결점,"398,990"
10544649,크로스오버 32UL990 HDR TYPE-C 4K 프리미엄 멀티스탠드,일시품절
10544673,크로스오버 32UL990 HDR TYPE-C 4K 프리미엄 멀티스탠드 무결점,"636,090"
12400688,크로스오버 32UL995 HDR TYPE-C 4K 프리미엄 멀티스탠드,"720,000"
15924071,크로스오버 32ULP3 IPS TYPE-C 4K DCI-P3 프리미엄,"515,780"
16014191,크로스오버 32ULP3 IPS TYPE-C 4K DCI-P3 프리미엄 무결점,"620,000"
12009467,크로스오버 32UR3 UHD 리얼 4K HDR 무결점,"2,000,000"
16745318,크로스오버 32UU2 IPS 4K TYPE-C 멀티스탠드,"467,960"
16745375,크로스오버 32UU2 IPS 4K TYPE-C 멀티스탠드 무결점,"479,000"
15882245,크로스오버 34LGD165 IPS 리얼 165 게이밍 울트라와이드 무결점,"408,620"
18318926,크로스오버 34LGD169N 나노IPS 165 TYPE-C PD 울트라게이밍 커브드,일시품절
18318962,크로스오버 34LGD169N 나노IPS 165 TYPE-C PD 울트라게이밍 커브드 무결점,일시품절
16815176,크로스오버 34LGD77 IPS 커브드 PREMIUM 멀티스탠드,"365,300"
16815233,크로스오버 34LGD77 IPS 커브드 PREMIUM 멀티스탠드 무결점,"387,870"
12692834,크로스오버 34WQ850 울트라 리얼 144 게이밍 HDR 1000R 커브드,"458,990"
12693008,크로스오버 34WQ850 울트라 리얼 144 게이밍 HDR 1000R 커브드 무결점,"488,990"
16415006,크로스오버 38LG3 나노IPS 패스트 144 WQHD PLUS HDR 게이밍,"1,090,000"
16415069,크로스오버 38LG3 나노IPS 패스트 144 WQHD PLUS HDR 게이밍 무결점,"1,090,000"
16421162,크로스오버 38LGD966 TYPE-C PD HDR 울트라와이드 커브드 프리미엄,"728,900"
16421183,크로스오버 38LGD966 TYPE-C PD HDR 울트라와이드 커브드 프리미엄 무결점,"746,860"
16675010,크로스오버 40LGD5K 나노IPS 5K 커브드,"1,049,000"
15536336,크로스오버 40QQ3 WQHD IPS TYPE-C PD 평면,"638,990"
16898720,크로스오버 F2275 FHD 75 슬림베젤 오피스,"97,990"
16898735,크로스오버 F2275 FHD 75 슬림베젤 오피스 무결점,"96,940"
16844522,크로스오버 F24C33 TYPE-C FHD 75,"124,580"
16844528,크로스오버 F24C33 TYPE-C FHD 75 무결점,"124,690"
16230713,크로스오버 F24T33 FHD 75,"125,000"
16230743,크로스오버 F24T33 FHD 75 무결점,"125,000"
17138687,크로스오버 F24T33IPS FHD 75,"101,660"
14517908,크로스오버 F2795 IPS FHD HDR 평면,"135,990"
14517914,크로스오버 F2795 IPS FHD HDR 평면 무결점,"138,990"
16108217,크로스오버 F2799 IPS FHD HDR 평면,"135,430"
16323461,크로스오버 Q27V6 QHD IPS DCI-P3 95,"184,000"
16323482,크로스오버 Q27V6 QHD IPS DCI-P3 95 무결점,"188,890"
18273119,크로스오버 Q32V75 QHD IPS 75,"228,600"
18273143,크로스오버 Q32V75 QHD IPS 75 무결점,"238,680"
17022833,크로스오버 T2477 FHD75 캠퍼스 무결점,"90,990"
16747169,크로스오버 T27C33 TYPE-C IPS,"168,990"
16747193,크로스오버 T27C33 TYPE-C IPS 무결점,"167,290"
16942775,크로스오버 T32C75 TYPE-C IPS,"187,180"
16942799,크로스오버 T32C75 TYPE-C IPS 무결점,"191,100"
17410679,크로스오버 오버파워 24B4IPS FHD 75 3면 네로베젤,"108,970"
17410691,크로스오버 오버파워 24B4IPS FHD 75 3면 네로베젤 무결점,"109,990"
16360964,크로스오버 오버파워 24GA75 IPS 리얼75,"112,000"
16360985,크로스오버 오버파워 24GA75 IPS 리얼75 무결점,"124,000"
16358876,크로스오버 오버파워 24GT75 FHD 리얼75,"89,000"
17669189,크로스오버 오버파워 24MP3 A755 FHD 오피스,"105,000"
17669213,크로스오버 오버파워 24MP3 A755 FHD 오피스 무결점,"119,000"
17101142,크로스오버 오버파워 24MP3 IPS FHD 75 아이세이브,"98,000"
17669297,크로스오버 오버파워 24MP3 V750 FHD 오피스,"90,000"
17669375,크로스오버 오버파워 24MP3 V750 FHD 오피스 무결점,"90,000"
16864889,크로스오버 오버파워 24TC75 TYPE-C FHD 75,"129,000"
16864916,크로스오버 오버파워 24TC75 TYPE-C FHD 75 무결점,"139,000"
17311559,크로스오버 오버파워 24TZ144 FHD 144 게이밍,"143,990"
17311589,크로스오버 오버파워 24TZ144 FHD 144 게이밍 무결점,"147,860"
17035820,크로스오버 오버파워 277GK4 리얼165 게이밍,"173,620"
17736557,크로스오버 오버파워 27F79 FHD 75 IPS,"155,000"
17736581,크로스오버 오버파워 27F79 FHD 75 IPS 무결점,"166,000"
17785958,크로스오버 오버파워 27N75 FHD VA 감동오버,"131,500"
17785970,크로스오버 오버파워 27N75 FHD VA 감동오버 무결점,"132,500"
17190026,크로스오버 오버파워 27PC75 TYPE-C IPS,"169,000"
17190041,크로스오버 오버파워 27PC75 TYPE-C IPS 무결점,"179,000"
17028605,크로스오버 오버파워 27V75 FHD 75 Welcome,"126,000"
17028623,크로스오버 오버파워 27V75 FHD 75 Welcome 무결점,"129,000"
16414019,크로스오버 오버파워 320P75 IPS FHD 리얼75,"155,000"
16414052,크로스오버 오버파워 320P75 IPS FHD 리얼75 무결점,"153,790"
17028041,크로스오버 오버파워 F22T FHD 75 비즈온,"130,000"
17028050,크로스오버 오버파워 F22T FHD 75 비즈온 무결점,"99,000"
5615091,클라인즈 G32UHM,"269,000"
11883019,클라인즈 K14FT 터치 포터블 HDR,"199,000"
14690780,클라인즈 K3201FM,"164,900"
13675097,타라엘씨디 T220FHC,"175,000"
13675181,타라엘씨디 T220FHD,"121,820"
17545085,타라엘씨디 T220FHD 무결점,"125,000"
13675226,타라엘씨디 T220FHD-T,"236,590"
17565842,타라엘씨디 T220FHD-T TOUCH T형 스탠드,"242,000"
17565881,타라엘씨디 T220FHD-T TOUCH 원형 스탠드,"233,200"
13675265,타라엘씨디 T220FHTV,"150,070"
11034426,타라엘씨디 TRL-110WBH,"135,700"
5118334,타라엘씨디 TRL-140WTH,"164,960"
17559773,타라엘씨디 TRL-150D TOUCH T형 스탠드,"224,700"
17559839,타라엘씨디 TRL-150D TOUCH 원형 스탠드,"211,850"
2073940,타라엘씨디 TRL-150D 무결점,"123,000"
2066881,타라엘씨디 TRL-150D 터치스크린,"215,000"
499445,타라엘씨디 TRL-150T,"136,620"
17559902,타라엘씨디 TRL-170DS TOUCH T형 스탠드,"248,710"
2402728,타라엘씨디 TRL-170DS 무결점,"142,740"
2404557,타라엘씨디 TRL-170DS 터치스크린,"239,000"
287575,타라엘씨디 TRL-170T,"158,630"
18012191,타라엘씨디 TRL-185T,"151,100"
17566892,타라엘씨디 TRL-190D NEW,"148,500"
17566919,타라엘씨디 TRL-190D NEW 무결점,"147,200"
17560175,타라엘씨디 TRL-190D TOUCH T형 스탠드,"272,500"
15806594,타라엘씨디 TRL160FHD,"170,000"
17014529,타라엘씨디 TRL190BNC,"169,000"
17565467,타라엘씨디 TRL190BNC TOUCH T형 스탠드,"203,000"
1910364,탑솔루션 TS-1507D,"144,380"
1910365,탑솔루션 TS-1507D 무결점,"150,490"
2035500,탑솔루션 TS-1508D,"122,850"
2035505,탑솔루션 TS-1508D 무결점,"130,700"
2040532,탑솔루션 TS-1508D 터치스크린,"197,100"
1101366,탑솔루션 TS-1708D,"141,850"
1101382,탑솔루션 TS-1708D 무결점,"151,500"
1103310,탑솔루션 TS-1907D 블랙,"156,890"
1103312,탑솔루션 TS-1907D 블랙 무결점,"166,850"
13487141,포유디지탈 iMUZ 스톰뷰 MU24V1,"124,000"
18501200,포유디지탈 iMUZ 스톰뷰 MU324KV1,"359,000"
17899085,포인트프로덕트 27GM01 NANO IPS QHD 165 TYPE-C 무결점,"329,000"
18225098,포인트프로덕트 27GM02 NANO IPS QHD 165 TYPE-C,"319,000"
18225143,포인트프로덕트 27GM02 NANO IPS QHD 165 TYPE-C 무결점,"339,000"
16552700,포인트프로덕트 32GM01 NANO IPS QHD 165 TYPE-C 무결점,"359,000"
18410621,포인트프로덕트 32PM01 Calibration,"499,000"
9905616,필립스 170S 시력보호 75 친환경 무결점,"148,720"
3140122,필립스 200V4Q 무결점,일시품절
13662866,필립스 221V 프리싱크 75 시력보호 무결점,"143,350"
9261963,필립스 222B9 멀티터치 시력보호 무결점,"329,000"
13662869,필립스 222V 프리싱크 75 DP 시력보호 무결점,"158,990"
13457687,필립스 241E1 프리싱크 75 시력보호 보더리스 화이트 무결점,"189,000"
10093407,필립스 241E1 프리싱크 75 시력보호 제로베젤 무결점,"168,500"
12458483,필립스 241V 보더리스 IPS 75 시력보호 무결점,"139,000"
9262095,필립스 242B9 멀티터치 시력보호 무결점,"399,000"
12593945,필립스 242E 게이밍 144 프리싱크 무결점,"188,320"
14327432,필립스 242E2F 4면 보더리스 75 프리싱크 시력보호 무결점,"198,900"
13360277,필립스 242E2FE 4면 보더리스 75 높낮이 시력보호 무결점,"208,990"
11167482,필립스 242M 게이밍 144 프리싱크 무결점,"228,400"
13313051,필립스 242S IPS 피벗 높낮이 75 시력보호 무결점,"215,740"
15121586,필립스 243B9 USB-C 프리싱크 높낮이 시력보호 무결점,"267,500"
16332536,필립스 245B1 QHD 75 피벗 높낮이 시력보호 무결점,"299,000"
16121576,필립스 246E1 QHD 프리싱크 75 시력보호 화이트 높낮이 무결점,"298,800"
10092744,필립스 271E1 프리싱크 75 시력보호 제로베젤 무결점,"203,720"
12458834,필립스 271V 보더리스 IPS 75 시력보호 무결점,"193,080"
13277138,필립스 271V 보더리스 IPS 75 시력보호 화이트 무결점,"196,500"
14073161,필립스 272E2F 4면 보더리스 75 프리싱크 시력보호 무결점,"246,150"
13391552,필립스 272E2FE 4면 보더리스 75 높낮이 시력보호 무결점,"258,910"
10859526,필립스 272M 게이밍 144 프리싱크 무결점,"283,220"
16964570,필립스 272M1RPE 게이밍 240 프리싱크 HDR 무결점,"547,000"
2131342,필립스 272P 피벗 무결점,"853,870"
12891506,필립스 272S IPS 피벗 높낮이 75 시력보호 무결점,"277,380"
14597327,필립스 273B9 USB-C 프리싱크 높낮이 시력보호 무결점,"285,900"
15399155,필립스 273E1 프리싱크 75 시력보호 화이트 높낮이 무결점,"279,000"
14449994,필립스 275B1 QHD 웹캠 75 시력보호 무결점,"459,830"
10104645,필립스 275E1 QHD 프리싱크 75 시력보호 무결점,"287,970"
13427480,필립스 275E2F QHD 4면 보더리스 프리싱크 시력보호 무결점,"390,710"
13427765,필립스 275E2FE QHD 4면 보더리스 높낮이 시력보호 무결점,"328,980"
11778823,필립스 275M QHD 게이밍 144 프리싱크 무결점,"317,990"
14388398,필립스 275M1 Pro 나노 IPS QHD 170 프리싱크 HDR 400 게이밍 무결점,"557,000"
14388536,필립스 275M1 나노 IPS QHD 170 프리싱크 HDR 게이밍 무결점,"596,700"
14161721,필립스 275M8RZ QHD 170 프리싱크 HDR 400 게이밍 무결점,"409,000"
13357805,필립스 275S IPS 피벗 높낮이 75 시력보호 무결점,"314,300"
13947275,필립스 276B9 QHD USB-C 75 높낮이 시력보호 무결점,"394,000"
16228931,필립스 276E1 QHD 프리싱크 75 시력보호 화이트 높낮이 무결점,"366,440"
15726428,필립스 276E2FE QHD 4면 보더리스 USB-C 높낮이 시력보호 무결점,"507,920"
17064689,필립스 276M1RPE 나노 IPS QHD 240 프리싱크 HDR 600 게이밍 무결점,"1,318,900"
13948055,필립스 276S QHD USB-C 75 시력보호 무결점,"337,710"
13392419,필립스 278E2FE UHD 4면 보더리스 높낮이 시력보호 무결점,"439,980"
15463256,필립스 278M1 4K UHD HDR 엠비글로우 시력보호 높낮이 무결점,"490,000"
7966429,필립스 278M6 프리싱크 165 높낮이 무결점,일시품절
16567013,필립스 279M1RV 나노 IPS UHD 144 프리싱크 HDR 600 게이밍 무결점,"1,008,000"
17232617,필립스 27M1F5800 나노 IPS UHD 144 프리싱크 HDR 600 게이밍 ECO 무결점,"898,000"
17233535,필립스 27M1N5500ZA 나노 IPS QHD 170 프리싱크 HDR 게이밍 ECO 무결점,"576,000"
12097439,필립스 288E 4K UHD 시력보호 무결점,"395,820"
12531122,필립스 325E QHD 프리싱크 75 시력보호 무결점,"309,000"
14830721,필립스 325M2C QHD 165 프리싱크 HDR 게이밍 무결점,"390,000"
12814937,필립스 326M 4K HDR 600 UHD 시력보호 높낮이 무결점,"642,000"
14029283,필립스 328B1 4K UHD 피벗 높낮이 시력보호 무결점,"495,000"
12242828,필립스 328E 4K UHD 시력보호 무결점,"469,000"
16532165,필립스 329M1RV UHD 144 프리싱크 USB-C HDR 400 게이밍,"1,335,250"
15686258,필립스 329M1RV UHD 144 프리싱크 USB-C HDR 400 게이밍 무결점,"1,335,250"
17691086,필립스 32M1N5500Z QHD 170 프리싱크 HDR 400 게이밍 무결점,"649,700"
17375480,필립스 32M1N5800A 4K UHD 144 프리싱크 HDR 400 게이밍 무결점,"1,189,980"
11788348,필립스 345B1 울트라 WQHD 게이밍 100 프리싱크 높낮이 무결점,"498,800"
15686051,필립스 345M2C WQHD 울트라와이드 165 프리싱크 HDR 게이밍 무결점,"528,990"
6563158,필립스 436M 4K HDR 400 UHD 시력보호 무결점,"691,000"
12726362,필립스 438P1 4K UHD 시력보호 무결점,일시품절
15974360,필립스 498P9Z 게이밍 165 듀얼 QHD 울트라와이드 HDR 400 무결점,"1,232,000"
9581055,한성컴퓨터 TFG22F14T 리얼 144 게이밍,"149,000"
9581070,한성컴퓨터 TFG22F14T 리얼 144 게이밍 무결점,"159,000"
16904675,한성컴퓨터 TFG24F07FB 프리싱크 리얼 75,"135,000"
16904705,한성컴퓨터 TFG24F07FB 프리싱크 리얼 75 무결점,"139,000"
10496610,한성컴퓨터 TFG24F07V 1500R 리얼 75 게이밍,"129,000"
10496625,한성컴퓨터 TFG24F07V 1500R 리얼 75 게이밍 무결점,"139,000"
11556347,한성컴퓨터 TFG24F14P IPS 144 게이밍 무결점,"273,410"
9517263,한성컴퓨터 TFG24F14V 1200R 커브드 게이밍 리얼 144 무결점,"169,000"
16916678,한성컴퓨터 TFG24F16FB 리얼 165 게이밍,"179,000"
16916699,한성컴퓨터 TFG24F16FB 리얼 165 게이밍 무결점,"202,790"
16825316,한성컴퓨터 TFG24F16T 평면 165 게이밍,"179,000"
16825322,한성컴퓨터 TFG24F16T 평면 165 게이밍 무결점,"189,000"
16826138,한성컴퓨터 TFG24F24T 평면 240 게이밍 USB Type-C,"229,000"
16826183,한성컴퓨터 TFG24F24T 평면 240 게이밍 USB Type-C 무결점,"249,000"
15374369,한성컴퓨터 TFG26F07WP IPS 울트라와이드,"199,000"
15374387,한성컴퓨터 TFG26F07WP IPS 울트라와이드 무결점,"219,000"
16908905,한성컴퓨터 TFG27F07FB 프리싱크 리얼 75,"165,000"
16908935,한성컴퓨터 TFG27F07FB 프리싱크 리얼 75 무결점,"169,000"
9404745,한성컴퓨터 TFG27F07V 1500R 커브드 게이밍,"159,000"
9405957,한성컴퓨터 TFG27F07V 1500R 커브드 게이밍 무결점,"169,000"
11646542,한성컴퓨터 TFG27F14P IPS 144 게이밍,"229,000"
11646572,한성컴퓨터 TFG27F14P IPS 144 게이밍 무결점,"249,000"
12011906,한성컴퓨터 TFG27F14PQ 퀀텀닷 IPS 144 게이밍 무결점,"381,290"
16917314,한성컴퓨터 TFG27F16FB 리얼 165 게이밍,"199,000"
16917344,한성컴퓨터 TFG27F16FB 리얼 165 게이밍 무결점,"219,000"
7743358,한성컴퓨터 TFG27F16V 1500R 리얼 165 게이밍 무결점,"219,000"
10251024,한성컴퓨터 TFG27F24G 리얼 240 광시야각 게이밍,"498,240"
11739002,한성컴퓨터 TFG27F24P IPS 240 게이밍,"299,000"
11739014,한성컴퓨터 TFG27F24P IPS 240 게이밍 무결점,"319,000"
12448265,한성컴퓨터 TFG27Q14F QHD 평면 144 게이밍,"269,000"
12448298,한성컴퓨터 TFG27Q14F QHD 평면 144 게이밍 무결점,"269,000"
9419277,한성컴퓨터 TFG27Q14V 1500R 리얼 144 게이밍,"269,000"
9419289,한성컴퓨터 TFG27Q14V 1500R 리얼 144 게이밍 무결점,"289,000"
10468866,한성컴퓨터 TFG27Q14VQ 퀀텀닷 1500R 리얼 144 게이밍,"289,000"
10468878,한성컴퓨터 TFG27Q14VQ 퀀텀닷 1500R 리얼 144 게이밍 무결점,"309,000"
13873940,한성컴퓨터 TFG27Q16G HDR1000 커브드 165 게이밍 USB Type-C,"399,000"
13874609,한성컴퓨터 TFG27Q16G HDR1000 커브드 165 게이밍 USB Type-C 무결점,"429,000"
16459763,한성컴퓨터 TFG27U06P 4K IPS HDR,"349,000"
16459949,한성컴퓨터 TFG27U06PQ PRO 퀀텀닷 4K IPS 로컬디밍 USB Type-C,"499,000"
11245272,한성컴퓨터 TFG27U14F 4K IPS 리얼 144 HDR 게이밍,"814,500"
18269096,한성컴퓨터 TFG27U14P UHD IPS 144 게이밍 USB Type-C,"699,000"
18269147,한성컴퓨터 TFG27U14P UHD IPS 144 게이밍 USB Type-C 무결점,"729,000"
15377177,한성컴퓨터 TFG29F07WP IPS 울트라와이드,"229,000"
15377228,한성컴퓨터 TFG29F07WP IPS 울트라와이드 무결점,"249,000"
14252126,한성컴퓨터 TFG30F20W 울트라와이드 200 게이밍,"299,000"
9482619,한성컴퓨터 TFG32F07V 1500R 커브드 게이밍 리얼 75,"209,000"
9482634,한성컴퓨터 TFG32F07V 1500R 커브드 게이밍 리얼 75 무결점,"219,000"
14286914,한성컴퓨터 TFG32F14F 평면 144 게이밍 강화카본,"269,000"
12393329,한성컴퓨터 TFG32F14F 평면 144 게이밍 무결점,"269,000"
12393638,한성컴퓨터 TFG32F14FQ 평면 144 게이밍 퀀텀닷,"399,460"
12393659,한성컴퓨터 TFG32F14FQ 평면 144 게이밍 퀀텀닷 무결점,일시품절
16916519,한성컴퓨터 TFG32F16FB 리얼 165 게이밍,"298,790"
16916540,한성컴퓨터 TFG32F16FB 리얼 165 게이밍 무결점,"322,790"
7741789,한성컴퓨터 TFG32F16V 1500R 리얼 165 게이밍,"249,000"
14286344,한성컴퓨터 TFG32F16V 1500R 리얼 165 게이밍 강화카본,"269,000"
7743211,한성컴퓨터 TFG32F16V 1500R 리얼 165 게이밍 무결점,"269,000"
14827517,한성컴퓨터 TFG32F24V 1500R 리얼 240 게이밍,"299,000"
14827640,한성컴퓨터 TFG32F24V 1500R 리얼 240 게이밍 무결점,"319,000"
15125336,한성컴퓨터 TFG32Q07P IPS QHD 리얼 75,"249,000"
15125369,한성컴퓨터 TFG32Q07P IPS QHD 리얼 75 무결점,"269,000"
16917812,한성컴퓨터 TFG32Q07PB QHD 프리싱크 리얼 75,"249,000"
16917827,한성컴퓨터 TFG32Q07PB QHD 프리싱크 리얼 75 무결점,"269,000"
12425162,한성컴퓨터 TFG32Q14F QHD 평면 144 게이밍 무결점,"349,000"
11915494,한성컴퓨터 TFG32Q14P IPS QHD 144 게이밍,"379,000"
11966954,한성컴퓨터 TFG32Q14PQ 퀀텀닷 IPS QHD 144 게이밍,"864,000"
11966957,한성컴퓨터 TFG32Q14PQ 퀀텀닷 IPS QHD 144 게이밍 무결점,"545,090"
9433311,한성컴퓨터 TFG32Q14V 1500R 리얼 144 게이밍 무결점,"349,000"
14585264,한성컴퓨터 TFG32Q16G HDR1000 로컬디밍 커브드 165 게이밍 USB Type-C,"499,000"
14585324,한성컴퓨터 TFG32Q16G HDR1000 로컬디밍 커브드 165 게이밍 USB Type-C 무결점,"499,000"
16805201,한성컴퓨터 TFG32U06FQ PRO 퀀텀닷 4K 로컬디밍 HDR USB Type-C,"599,000"
16806023,한성컴퓨터 TFG32U06P IPS 4K HDR,"449,000"
17592986,한성컴퓨터 TFG32U14PQ UHD IPS 144 게이밍 USB Type-C,"849,000"
15819746,한성컴퓨터 TFG34F07WP IPS 울트라와이드,"329,000"
15819905,한성컴퓨터 TFG34F07WP IPS 울트라와이드 무결점,"349,000"
9490218,한성컴퓨터 TFG34Q10W 1500R 커브드 게이밍 리얼 100,"349,000"
9490230,한성컴퓨터 TFG34Q10W 1500R 커브드 게이밍 리얼 100 무결점,"369,000"
13613789,한성컴퓨터 TFG34Q14PQ IPS 퀀텀닷 게이밍 리얼 144 울트라와이드 USB Type-C,"549,000"
13613819,한성컴퓨터 TFG34Q14PQ IPS 퀀텀닷 게이밍 리얼 144 울트라와이드 USB Type-C 무결점,"579,000"
15471815,한성컴퓨터 TFG34Q14W 1500R 커브드 리얼 144 울트라와이드 게이밍,"429,000"
15471848,한성컴퓨터 TFG34Q14W 1500R 커브드 리얼 144 울트라와이드 게이밍 무결점,"449,000"
10923714,한성컴퓨터 TFG34Q14WQ 퀀텀닷 1500R 리얼 144 울트라와이드 게이밍,"459,000"
10923771,한성컴퓨터 TFG34Q14WQ 퀀텀닷 1500R 리얼 144 울트라와이드 게이밍 무결점,"489,000"
14326931,한성컴퓨터 TFG34Q16WG HDR1000 로컬디밍 커브드 165 울트라와이드 게이밍 USB Type-C,"549,000"
14326982,한성컴퓨터 TFG34Q16WG HDR1000 로컬디밍 커브드 165 울트라와이드 게이밍 USB Type-C 무결점,"579,000"
13887527,한성컴퓨터 TFG39Q14V QHD 커브드 144 게이밍,"479,000"
13887533,한성컴퓨터 TFG39Q14V QHD 커브드 144 게이밍 무결점,"509,000"
15611117,한성컴퓨터 TFG40Q14WP IPS 게이밍 리얼 144 울트라와이드 USB Type-C,"599,000"
16331096,한성컴퓨터 TFX133F OLED DEX 포터블,"329,000"
16632656,한성컴퓨터 TFX133F OLED PRO DEX 포터블 배터리 멀티터치,"389,000"
10490895,한성컴퓨터 TFX133T DEX 포터블 HDR 멀티터치,"249,000"
16331285,한성컴퓨터 TFX156F OLED DEX 포터블,"379,000"
16332311,한성컴퓨터 TFX156F OLED PRO DEX 포터블 배터리 멀티터치,"449,000"
14844692,한성컴퓨터 TFX156PB DEX 포터블 배터리 멀티터치,"319,000"
15421982,한성컴퓨터 TFX156T OLED 4K DEX 포터블 배터리 멀티터치,"699,000"
13457270,한성컴퓨터 TFX156T PRO DEX 포터블 400 멀티터치,"299,000"
18051650,한성컴퓨터 TFX158T DEX 포터블 멀티터치,"299,000"
14845346,한성컴퓨터 TFX173PB DEX 포터블 배터리 멀티터치,"429,000"
10491849,한성컴퓨터 TFX173T DEX 포터블 HDR 멀티터치,"399,000"
9548901,한성컴퓨터 TFX32U06V 4K HDR 1500R 커브드,"299,000"
9548937,한성컴퓨터 TFX32U06V 4K HDR 1500R 커브드 무결점,"319,000"
16828322,한성컴퓨터 ULTRON 2235V PLUS 프리싱크 리얼75,"109,000"
16828337,한성컴퓨터 ULTRON 2235V PLUS 프리싱크 리얼75 무결점,"119,000"
16827185,한성컴퓨터 ULTRON 2435V PLUS 프리싱크 리얼75,"129,000"
16827347,한성컴퓨터 ULTRON 2435V PLUS 프리싱크 리얼75 무결점,"139,000"
16965428,한성컴퓨터 ULTRON 2460G PLUS 리얼 144 게이밍,"159,000"
16965527,한성컴퓨터 ULTRON 2460G PLUS 리얼 144 게이밍 무결점,"169,000"
6516081,한성컴퓨터 ULTRON 2559G 리얼144 게이밍,일시품절
16643195,한성컴퓨터 ULTRON 2758 PLUS 프리싱크 리얼 75,"159,000"
16643198,한성컴퓨터 ULTRON 2758 PLUS 프리싱크 리얼 75 무결점,"169,000"
6287506,한성컴퓨터 ULTRON 2759G 리얼 144 게이밍,"351,220"
17099612,한성컴퓨터 ULTRON 2760G PLUS 리얼 144 게이밍,"199,000"
17099648,한성컴퓨터 ULTRON 2760G PLUS 리얼 144 게이밍 무결점,"219,000"
12352733,한성컴퓨터 ULTRON 2768 BLADE QHD,"199,000"
12354611,한성컴퓨터 ULTRON 2768 BLADE QHD 무결점,"219,000"
7162192,한성컴퓨터 ULTRON 3278 QHD New 무결점,"269,000"
2361707,한화테크윈 SMT-2210,"229,990"
4278946,한화테크윈 SMT-2233,"385,140"
5972873,해커씨앤씨 V2200 LED TV,"78,890"
