Id,Name,2023-11-01 10:44:28
15186011,3D 커넥션 스페이스 무선 마우스,"해외구매_236,000"
17258864,3D 커넥션 스페이스 무선 마우스 (정품),"232,350"
18830753,3Dconnexion 3DX-700079,"186,000"
16419296,3Dconnexion 3DX-700080 유선 캐드 설계 마우스,"152,310"
18830804,3Dconnexion 3DX-700082,"154,000"
13171496,3Dconnexion CadMouse Pro Wireless,"정품_185,990"
13620995,3Dconnexion SpaceMouse Enterprise,"정품_621,000|해외구매_668,990"
19572137,3Dconnexion SpaceMouse Wireless Kit 2,"299,000"
17468120,3Dconnexion 캐드마우스 컴팩트,"134,420"
12386120,3M B270,"레드_16,900|블랙_17,000"
12387494,3M M150,"블랙_8,500|화이트_8,500"
12387167,3M M250,"블랙_9,800|핑크_9,800|화이트_9,800"
13164566,3M M30,"블랙_6,500|화이트_6,500"
10890747,3M M350 무선 마우스,"블랙_15,700|핑크_9,900|화이트_9,900"
10891146,3M M50 무소음 유선 마우스,"레드_17,990"
12386432,3M M750,"블랙_15,600|화이트_15,600"
12385772,3M VM300,"블랙_29,530|화이트_29,530"
17362010,8bitdo N30 무선 마우스,"정품_31,150"
18627653,A4Tech Bloody A70x,"해외구매_59,780"
6516879,A4Tech Bloody J95 게이밍 마우스,"37,500"
27494294,A4Tech Bloody L65 Max 게이밍,"47,420"
14731037,A4Tech Bloody P91 PRO 게이밍 마우스,"해외구매_42,940"
10100451,A4Tech Bloody P91 PRO 게이밍 마우스 (정품),"32,900"
9858078,A4Tech Bloody P91 게이밍 마우스,"28,570"
20095403,A4Tech Bloody P93S 게이밍,"47,420"
5548675,A4Tech Bloody Q80 네온 X'GLIDE 게이밍 마우스,"14,000"
5548594,A4Tech Bloody V3M 유선 게이밍 마우스,"17,900"
2543030,A4Tech Bloody V7MA,"33,600"
13826915,A4Tech Bloody W70 Max 게이밍 마우스,"39,000"
13827743,A4Tech Bloody W90 Max 게이밍 마우스,"38,990"
12192407,A4Tech Bloody X5 PRO 게이밍 마우스,"36,300"
5694316,A4Tech G9-500F V-Track 무선 마우스,"7,700"
5694272,A4Tech OP-550NU X'GLIDE 옵티컬 유선 마우스,"4,000"
20098199,AJAZZ AJ199 유무선,"해외구매_35,890"
4526512,AKPlus AK-300W,"블랙_4,720|화이트_4,730"
8988008,ANYZEN AZ-M5 무소음 유선 마우스,"블랙_3,690|화이트_3,680"
5762447,ANYZEN M1 USB 광마우스,"3,950"
8030788,ANYZEN M150 USB 유선 마우스,"2,660"
12691088,ANYZEN M200 유선 무소음 마우스,"블랙_3,910|화이트_3,980"
9248592,ANYZEN M330 무소음 무선 마우스,"6,780"
10578477,ANYZEN M331 무소음 무선 마우스,"블랙_9,280|화이트_9,280"
7558933,AONE CRUISE AM-200 LED 마우스,"8,800"
6812254,APOINT GH700 게이밍 마우스,"29,900"
15067382,APPLE MAGIC MOUSE (MK2E3KH/A),"79,460"
3543589,APPLE Magic Mouse 2 (MLA02KH/A),"정품_80,950"
16702565,APPLE Magic Mouse 2 (MMMQ3KH/A),"정품_84,340"
9430116,APPLE Magic Mouse 2 (MRME2KH/A),"정품_199,990"
15052148,APPLE Magic Trackpad MK2D3KH/A,"정품_132,050"
233925,ARON OPTICAL MOUSE,"4,620"
8997842,ASUS Espada GT200,"35,520"
12886640,ASUS MW201C,"그레이_28,060"
14241032,ASUS MW203 무선 마우스,"블랙_52,900|블루_32,370"
10448673,ASUS ROG CHAKRAM,"정품_214,000|해외구매_115,800"
12691541,ASUS ROG CHAKRAM CORE,"정품_109,000|해외구매_105,650"
18477812,ASUS ROG CHAKRAM X ORIGIN 유무선,"239,000"
9552240,ASUS ROG GLADIUS II CORE,"정품_74,520"
5923462,ASUS ROG GLADIUS II ORIGIN,"99,000"
8216632,ASUS ROG GLADIUS II ORIGIN PINK,"정품_141,000"
7636489,ASUS ROG GLADIUS II WIRELESS,"정품_80,400|해외구매_146,380"
14550092,ASUS ROG GLADIUS III,"정품_124,000"
18307343,ASUS ROG GLADIUS III WIRELESS AIMPOINT,"화이트_179,000|블랙_179,000"
18728366,ASUS ROG HARPE ACE AIM LAB 유무선,"블랙_199,000|화이트_199,000"
13616738,ASUS ROG KERIS,"정품_44,900|해외구매_148,930"
13223279,ASUS ROG KERIS WIRELESS,"정품_69,000|해외구매_121,200"
18297428,ASUS ROG KERIS WIRELESS AIMPOINT,"블랙_149,000|화이트_149,000"
11070486,ASUS ROG PUGIO II,"124,000"
5140408,ASUS ROG SPATHA,"정품_266,100"
14706728,ASUS ROG SPATHA X,"정품_214,000|해외구매_146,670"
8739530,ASUS ROG STRIX CARRY,"113,790"
10577724,ASUS ROG STRIX IMPACT II,"59,000"
14707205,ASUS ROG STRIX IMPACT II Electro Punk,"정품_64,000"
14964041,ASUS ROG STRIX IMPACT II MoonLight White,"정품_73,150|해외구매_90,720"
12691277,ASUS ROG STRIX IMPACT II WIRELESS,"71,400"
14775866,ASUS ROG STRIX IMPACT II WIRELESS (해외구매),"123,470"
18369827,ASUS ROG STRIX IMPACT III,"79,000"
3135998,ASUS STRIX CLAW,"87,260"
9737679,ASUS TUF Gaming M3,"정품_19,900|해외구매_32,500"
20163572,ASUS TUF M3 GEN II,"정품_34,900|해외구매_39,510"
16420568,ASUS TUF M4 AIR,"해외구매_64,000|정품_64,000"
17159582,ASUS TUF M4 WIRELESS,"정품_74,000|해외구매_112,400"
16978733,ASUS 마시멜로 MD100,"라일락 미스트 퍼플 세트_51,100"
18021089,Actto ABM-01,"네이비_15,940|민트_15,940|아이보리_15,940|핑크_15,940|화이트_15,940"
18020855,Actto ABM-03,"네이비_16,200|민트_11,340|아이보리_11,340|핑크_11,340|화이트_11,340"
18697967,Actto ABTM-01 무선 블루투스,"18,640"
18545117,Actto ABTM-03 무선 블루투스,"14,650"
17951660,Actto AWM-01,"네이비_13,500|화이트_13,500|핑크_13,500|민트_13,500|아이보리_13,500"
17951579,Actto AWM-03,"네이비_13,500|화이트_14,900|민트_9,990|아이보리_9,580|핑크_13,500"
18544808,Actto AWM-05 무선,"15,900"
3575052,Actto BTM-01,"블랙_12,640|화이트_12,640"
3545899,Actto BTM-02,"다크그레이_11,900|블루_11,900"
14624741,Actto BTM-07 알로 무선 블루투스 마우스,"실버_23,950|골드_23,950"
14800229,Actto BTM-08 하이브리드 무선 블루투스 마우스,"14,540"
14365904,Actto BTM-09 몰리 블루투스 마우스,"화이트_17,900|민트_14,900|핑크_14,490"
14625923,Actto BTM-10 크리미 블루투스 마우스,"블랙_12,490|화이트_12,500|핑크_12,500"
14624093,Actto BTM-11 링크 무선 블루투스 마우스,"블랙_17,720|그레이_17,720"
18399887,Actto BTM-12 무선 버티컬 마우스,"35,900"
17522810,Actto BTM-13,"15,900"
18882407,Actto BTM-14,"24,820"
20364968,Actto BTM-15 무선 블루투스,"그레이_23,900|실버_23,900"
2811973,Actto GMSC-06,"10,920"
3625309,Actto GMSC-10,"블랙_10,500|화이트_10,100"
4311021,Actto GMSC-12,"블랙_43,470|화이트_18,176"
4314108,Actto GMSC-13,"7,620"
4596600,Actto GMSC-15 하데스,"10,480"
6758827,Actto GMSC-19 킹덤 게이밍 마우스,"15,710"
6376719,Actto GMSC-21 토르 게이밍 마우스,"8,200"
6434239,Actto GMSC-22 게이밍 마우스,"17,000"
13990640,Actto GMSC-24 제우스,"17,900"
15733409,Actto GMSC-26 쉴드 게이밍 광마우스,"9,900"
15734855,Actto GMSC-27 레이드 마우스 패드 콤보,"12,890"
15626366,Actto GMSC-28 어택 게이밍 광 마우스,"12,500"
3045441,Actto MSC-158,"그린_10,720"
2932810,Actto MSC-162,"블루_7,150"
3118463,Actto MSC-165,"블루_19,800"
3118421,Actto MSC-169,"블랙_8,920|블루_5,728|핑크_8,920|화이트_8,920"
4797357,Actto MSC-177,"그레이_15,180|블랙_15,180"
4619738,Actto MSC-180,"블랙_12,500|핑크_11,670|화이트_11,560"
5703184,Actto MSC-181 파인 광마우스,"5,950"
5791559,Actto MSC-182,"7,110"
5703123,Actto MSC-185 핸디 버티컬 마우스,"13,000"
6380121,Actto MSC-194 무선 마우스,"화이트_11,820|블랙_11,820"
6725845,Actto MSC-196 샤인 무선 마우스,"10,650"
6702736,Actto MSC-200 샤크 버티컬 마우스,"17,240"
7391848,Actto MSC-205 무선 프리젠터 마우스,"20,390"
7678717,Actto MSC-206 무선 마우스,"9,900"
7344562,Actto MSC-209 무선 마우스,"7,230"
7245400,Actto MSC-212 무선 마우스,"핑크_11,400|민트_14,250|화이트_14,250"
14633600,Actto MSC-214 차칭 무선 마우스,"블랙_14,900|화이트_13,270"
14634113,Actto MSC-216 핸디 무선 버티컬마우스,"15,230"
14632283,Actto MSC-217 플래닛 무선 마우스,"13,850"
14666603,Actto MSC-218 크리미 레트로 무선 마우스,"화이트_9,900|핑크_9,900|민트_9,900"
14631698,Actto MSC-221 무선 버티컬마우스,"블랙_17,800|화이트_21,000"
14285492,Actto MSC-222 피크 무선 버티컬 마우스,"18,900"
13872584,Actto MSC-224 무선 마우스,"그레이_21,890|화이트_21,890"
14778299,Actto MSC-225 윈썸 무선 마우스,"블랙_9,900|핑크_8,860|화이트_9,900"
15353510,Actto MSC-226 타입C 무선 광마우스,"블랙_13,900|화이트_13,900"
16169099,Actto MSC-227 베이시스 타입C 무선 마우스,"11,180"
1353843,Actto MSC-95,"9,440"
20732444,Apex AX-M10 무선 블루투스,"34,100"
25072139,Attack Shark X3 유무선,"해외구매_22,900"
5949219,BITWAY BM-200 갬블러 무선 마우스,"블랙_14,620"
13571366,BOSTO BT-16HDT,"해외구매_423,030"
19845413,BenQ ZOWIE EC-CW 무선,"L_227,000|M_229,000|S_229,000"
17511065,BenQ ZOWIE EC1 레드 V2,"89,000"
17511191,BenQ ZOWIE EC1 화이트 V2,"89,000"
15852749,BenQ ZOWIE EC1-C 유선 마우스,"102,000"
17511086,BenQ ZOWIE EC2 레드 V2,"91,250"
17511101,BenQ ZOWIE EC2 화이트 V2,"89,000"
5891624,BenQ ZOWIE EC2-B,"해외구매_129,000"
15852782,BenQ ZOWIE EC2-C 유선 마우스,"109,000"
15852860,BenQ ZOWIE EC2-C 유선 마우스 (해외구매),"133,660"
14932727,BenQ ZOWIE EC3-C 유선 마우스,"101,030"
17423147,BenQ ZOWIE FK1+-C,"102,000"
17423195,BenQ ZOWIE FK1-C,"102,000"
17510978,BenQ ZOWIE FK2+B 레드 V2,일시품절
17510906,BenQ ZOWIE FK2-B 화이트 V2,"89,000"
17423228,BenQ ZOWIE FK2-C,"102,000"
8862584,BenQ ZOWIE S1,"79,000"
17511362,BenQ ZOWIE S1 레드 V2,"89,000"
17511305,BenQ ZOWIE S1 화이트 V2,"89,000"
15599720,BenQ ZOWIE S1-C 유선 마우스,"105,000"
17511380,BenQ ZOWIE S2 레드 V2,"89,000"
17511329,BenQ ZOWIE S2 화이트 V2,"89,000"
15599762,BenQ ZOWIE S2-C 유선 마우스,"105,000"
11925511,BenQ ZOWIE ZA11-B,"79,000"
17422913,BenQ ZOWIE ZA11-C,"102,000"
11925556,BenQ ZOWIE ZA12-B,"85,000"
17422955,BenQ ZOWIE ZA12-C,"102,000"
3642239,BenQ ZOWIE ZA13,"132,170"
11925589,BenQ ZOWIE ZA13-B,"78,990"
17422979,BenQ ZOWIE ZA13-C,"101,630"
9340524,Billionton RS-200WM 인체공학 무선 버티컬 마우스,"49,760"
6170975,Bless ZIO ERGO1900 버티컬 인체공학 무선 마우스,"블랙_29,500"
5535503,Bless ZIO ERGO900 버티컬 마우스,"16,410"
3538285,Bless ZIO M1100 USB 광 마우스,"4,600"
9885543,Bless ZIO M1700 USB 마우스,"5,980"
7076995,Bless ZIO M1980 버티컬 인체공학 무선 마우스,"29,463"
6369303,Bless ZIO MW4020 무선 무소음 마우스,"블랙_4,900|그레이_4,900"
7632424,Bless ZIO i980 RGB 버티컬 인체공학 마우스,"27,900"
1384969,Bless 뿌까 PM910,"3,740"
10103754,Britz 브리츠인터내셔널 GM360 NEPTUNE,"19,900"
10913238,Britz 브리츠인터내셔널 GM380,"24,500"
6377461,CAMAC CMK-1003W 마우스,"블랙_5,070"
15538583,CHERRY MC 2.1 GAMING MOUSE,"블랙_39,000"
12558275,CHERRY MC 3.1,"59,000"
14992259,CHERRY MC 9620 FPS (해외구매),"148,600"
20179547,CHERRY MW5180 무선 블루투스,"블랙_27,800|블루_27,800|핑크_27,800|화이트_27,800"
6055266,CJ ENM ENTUS M25 BATTLE RGB 게이밍 마우스,"16,000"
12953936,CJ ENM ENTUS M30 GENESIS CAMO,"19,760"
6171551,CJ ENM ENTUS M60 GENESIS RGB 게이밍 마우스,"23,050"
16054460,COMS JD576 무선 마우스,"5,100"
16055657,COMS JD577 무선 마우스,"4,650"
15334454,COMS LCNM197 무선 버티컬 마우스,"21,700"
6109975,CORSAIR DARK CORE RGB,"115,000"
10433283,CORSAIR DARK CORE RGB PRO,"121,421"
10433373,CORSAIR DARK CORE RGB PRO SE,"136,320"
11528636,CORSAIR DARK CORE RGB PRO SE + MM100,"144,327"
20572301,CORSAIR DARKSTAR RGB 무선 게이밍,"223,950"
5141107,CORSAIR GLAIVE RGB,"알루미늄_89,000"
11531843,CORSAIR GLAIVE RGB + MM100,"BLACK_96,500|ALUMINUM_96,500"
4636202,CORSAIR HARPOON RGB,"29,280"
7765732,CORSAIR HARPOON RGB PRO,"37,900"
14937719,CORSAIR HARPOON RGB PRO (해외구매),"40,570"
11533910,CORSAIR HARPOON RGB PRO + MM100,"48,980"
7096894,CORSAIR HARPOON RGB WIRELESS,"72,000"
11534210,CORSAIR HARPOON RGB WIRELESS + MM100,"78,246"
7003147,CORSAIR IRONCLAW RGB,"77,810"
11527238,CORSAIR IRONCLAW RGB + MM100,"94,470"
7808275,CORSAIR IRONCLAW RGB WIRELESS,"115,820"
11527532,CORSAIR IRONCLAW RGB WIRELESS + MM100,"127,930"
18139547,CORSAIR KATAR ELITE WIRELESS 게이밍 마우스,"정품_118,000|해외구매_114,090"
12408716,CORSAIR KATAR PRO,"29,000"
12408881,CORSAIR KATAR PRO WIRELESS,"정품_56,247|해외구매_86,560"
8176222,CORSAIR M55 RGB PRO,"블랙_40,070|해외구매_49,530"
18076964,CORSAIR M65 PRO RGB,"해외구매_37,230"
7003276,CORSAIR M65 RGB ELITE,"블랙_73,000|화이트_79,900"
15315128,CORSAIR M65 RGB ULTRA,"정품_91,066"
18174947,CORSAIR M65 RGB ULTRA WIRELESS,"블랙_146,520|화이트_190,890"
28644107,CORSAIR M75 AIR 초경량 유무선 게이밍,"165,690"
8176444,CORSAIR NIGHTSWORD RGB,"121,421"
11534588,CORSAIR NIGHTSWORD RGB + MM100,"127,776"
2535174,CORSAIR RAPTOR M45,"정품_86,000"
13856072,CORSAIR SABRE PRO,"73,730"
13856150,CORSAIR SABRE RGB PRO,"84,840"
15331190,CORSAIR SABRE RGB PRO WIRELESS,"정품_150,000|해외구매_일시품절"
8594870,CORSAIR SCIMITAR PRO RGB,"해외구매_122,340"
3943742,CORSAIR SCIMITAR RGB,"옐로우_197,980|블랙_118,000"
10630401,CORSAIR SCIMITAR RGB ELITE,"113,120"
11534843,CORSAIR SCIMITAR RGB ELITE + MM100,"123,931"
21548156,CORSAIR 나이트세이버 RGB 무선 게이밍,"217,340"
27895265,CORSAIR 시미터 RGB 엘리트 무선 게이밍,"195,000"
3328373,COUGAR 230M SPORT 게이밍 마우스,"YELLOW_21,000"
3309343,COUGAR 250M 게이밍 마우스,"White_28,000"
3837488,COUGAR 400M 게이밍 마우스,"Iron Gray_45,600"
7700998,COUGAR 700M EVO,"99,000"
13736825,COUGAR 700M EVO eSPORTS,"98,900"
21515210,COUGAR AIRBLADER TOURNAMENT,"69,750"
14847947,COUGAR AIRBLADER 게이밍 마우스,"63,000"
15128849,COUGAR DUALBLADER 게이밍 마우스,"107,500"
20261360,COUGAR MINOS EX,"24,860"
5214187,COUGAR MINOS X2,"40,090"
5659044,COUGAR MINOS X5,"35,500"
14112395,COUGAR MINOS XC 게이밍 기어 콤보,"25,600"
7744474,COUGAR MINOS XT,"Black_33,340|Pink_37,500"
5659133,COUGAR REVENGER S,"59,000"
6114363,COUGAR SURPASSION,"54,000"
10739868,COUGAR SURPASSION RX,"Black_58,750|Pink_58,750"
8063791,COUGAR SURPASSION ST,"39,800"
10422183,COX CM10 RGB 게이밍 마우스,"7,260"
6494442,COX CM20 옵티컬 유선 마우스,"블랙_5,990|화이트_6,000"
13072220,COX CM200 3327 RGB 게이밍 마우스,"더스트 그레이_21,000|화이트_21,000"
13461344,COX CM400 3327 게이밍 마우스,"18,900"
13585970,COX CM50 3360 하이엔드 RGB 게이밍 마우스,"35,800"
6388980,COX CM50 RGB 게이밍 마우스,"블랙_17,900|화이트_17,900"
11652884,COX CM500 3360 RGB 게이밍 마우스,"블랙_25,900|화이트_25,740"
5892027,COX CM60 TARGET RGB 게이밍 마우스,"31,248"
12036692,COX CM600 Ultra Light 미니 게이밍 마우스,"25,900"
6247502,COX CM70 GYRO RGB 인체공학 마우스,"레드_13,000|블랙_13,000"
7451767,COX CM80 3330 RGB 게이밍 마우스,"13,900"
7229896,COX CM90 RGB 게이밍 마우스,"13,900"
7895518,COX CM90W 유무선 RGB 게이밍 마우스,"29,700"
15580778,COX CM91W 유무선 RGB 게이밍 마우스,"36,900"
12279377,COX CM98 3325 RGB 게이밍 마우스,"19,580"
12279416,COX CM99 3325 RGB 게이밍 마우스,"19,580"
14966969,COX CTM100 어고노믹 무선 트랙볼 마우스,"40,900"
14571563,COX CVM100 무선 버티컬 마우스,"16,430"
12097190,COX CWM100 무선 블루투스 마우스,"22,800"
6391653,COX CWM20 무선 마우스,"5,790"
12108713,COX CWM200 무선 블루투스 마우스,"14,000"
9256191,COX CWM30 무선 마우스,"5,890"
15313283,COX CWM300 저소음 무선 블루투스 마우스,"20,535"
9712383,COX 험백 유무선 3335 RGB 게이밍 마우스,"29,900"
3618801,DELL MS116,"정품_8,900"
18473582,DELL MS300 무선,"36,690"
11552819,DELL MS3220,"블랙_28,900|타이탄그레이_28,900"
28080725,DELL MS3320W 무선,"블랙_34,900|타이탄그레이_34,390|핑크_34,900"
11553485,DELL MS5120W,"블랙_51,900|타이탄그레이_51,900"
11553857,DELL MS5320W,"타이탄그레이_59,900"
19519397,DELL MS700 블루투스,"76,890"
17477915,DELL MS7421W,"88,460"
28079951,DELL MS900 무선,"159,000"
4739061,DELL WM126,"정품_24,330"
5470756,DELL WM527,"90,720"
14198090,DELL 에일리언웨어 AW558,"해외구매_79,300"
28062848,DELL 에일리언웨어 AW620M 유무선,"루나_158,990|다크_158,990"
17820713,DELL 에일리언웨어 AW720M,"해외구매_88,600"
13621139,DELUX M618mini 인체공학 무선 마우스,"해외구매_35,700"
15123881,DOXX DX-GM650,"6,900"
12448376,DOXX DX-WM7500,"레드_11,000|블랙_8,930"
17114690,Ducky Feather RGB,"59,000"
10419528,ENDGAME GEAR XM1,"블랙_68,600|화이트_68,600"
12333332,ENDGAME GEAR XM1 RGB,"73,020"
15530123,ENDGAME GEAR XM1R,"블랙_71,120|다크 리플렉스_71,120|다크 프로스트_71,120|화이트_71,120"
20656067,ENDGAME GEAR XM2we 유무선,"화이트_103,200|블랙_109,990"
14572970,EVGA X17 게이밍 마우스,"블랙_49,150|그레이_59,000"
13541609,EVGA X17 게이밍 마우스 (해외구매),"46,600"
2333373,Evoluent VM4S Vertical Mouse,"병행수입_141,890"
18627767,Evoluent VMDM,"해외구매_106,900"
10998216,FANTECH BLAKE X17 PRO,"23,020"
10998240,FANTECH HIVE UX2,"29,010"
19109810,FANTECH Helios Go XD5,"해외구매_75,900"
10582302,FANTECH UX1 HERO,"52,510"
28645139,FKMINI 3 AGM-M6P,"41,630"
8426109,FLY with SK엠앤서비스 SKM-M3000 LED 마우스,"블랙_5,140|블루_3,630|핑크_3,630|화이트_3,630"
9204369,FLY with SK엠앤서비스 SKM-W1000 무선 마우스,"블랙_8,800|화이트_4,320"
16177814,FOBEL 올스탠다드 BM201N 블루투스 마우스,"블랙_10,900|화이트_10,900"
16179548,FOBEL 올스탠다드 BMD30N 듀얼 무선 마우스,"실버_10,900|화이트_10,900"
15994937,For LG LGA-CM100 무선 마우스,"11,500"
15621920,For LG LGC-CM600 무선 마우스,"블랙_12,700|화이트_14,630"
10238580,For LG 저소음 무선 마우스 LGA-MARK2,"화이트_8,470|블랙_8,520"
5450233,GAOMON 1060 PRO,"해외구매_24,190"
13172849,GAOMON GM116HD,"해외구매_200,450"
13172603,GAOMON GM156HD,"해외구매_229,000"
14289845,GAOMON PD1320,"차콜 그레이_399,000|엘리스 블루_399,000"
11248002,GAOMON PD1561,"460,000"
16258319,GAOMON S620,"해외 구매_67,470"
27225329,GDEVIL G100,"블랙_15,800|화이트_15,790"
29488655,GDEVIL M228W 무선,"블랙_11,900|블루_11,900|퍼플_11,900|핑크_11,900|화이트_11,900"
6964186,GIGABYTE AORUS AORUS M5 RGB Fusion 게이밍,"57,780"
7400386,GIGABYTE AORUS M2,"16,020"
5655365,GIGABYTE AORUS M3,"25,900"
7161388,GIGABYTE AORUS M3 RGB Fusion,"38,100"
8008654,GIGABYTE AORUS M4,"39,100"
2668779,GIGABYTE GM-M6900,"정품_16,760"
1839420,GIGABYTE GM-M6980X,"정품_45,000"
27882986,HP 240 블루투스,"14,900"
27882845,HP 280 무선,"21,900"
27859655,HP 430 멀티디바이스 무선 블루투스,일시품절
27882881,HP 920 인체공학 버티컬 무선 블루투스,"99,000"
9874875,HP Comfort Grip Wireless Mouse,"정품_19,900"
4900858,HP G100 Gaming Mouse,"블랙_10,780|화이트_10,900"
4897047,HP G200 Gaming Mouse,"블랙_17,900|화이트_21,780"
14185700,HP G360 Gaming Mouse,"29,350"
18614789,HP HP 125,"22,080"
18612686,HP HP 435 블루투스,"32,090"
5142929,HP M100 Gaming Mouse,"블랙_5,290|화이트_5,400"
7258582,HP M100S Gaming Mouse,"블랙_8,280|화이트_8,280"
5623668,HP M150 Gaming Mouse,"블랙_5,900|화이트_5,900"
7258684,HP M200 Gaming Mouse,"8,690"
6049710,HP M220 Gaming Mouse,"15,400"
9822408,HP M260 Gaming Mouse,"7,700"
10436691,HP M280 Gaming Mouse,"8,260"
10813071,HP Spectre Rechargeable Mouse 700,"네츄럴 실버_38,000|블루_39,900"
6111508,HP Wireless Mouse 200,"10,900"
5333333,HP X3000,"정품_13,900"
3531520,HP X4000b,"정품_24,900"
4735932,HP Z3700,"정품_14,150"
27883037,HP Z3700 무선 블루투스,"17,000"
3217027,HP Z5000,"블랙_19,500|화이트_21,900"
18369830,HP 데스크탑 마우스 320M,"9,000"
10682466,HP 오멘 Reactor,"58,900"
13613708,HP 오멘 Vector Essential Mouse,"27,900"
13613846,HP 오멘 Vector Mouse,"48,900"
3126707,HP 오멘 X9000,"43,610"
10682691,HP 파빌리온 Gaming Mouse 300,"25,700"
6004491,HUION H430P,"36,000"
5679390,HUION H640P,"50,990"
5679362,HUION H950P,"정품_69,000"
13737686,HUION HS610,"해외구매_91,900"
28056974,HUION HS64,"51,000"
14570438,HUION KAMVAS 16 (2021),"489,000"
13621730,HUION KAMVAS 22 PLUS,"정품_659,000"
18991337,HUION KAMVAS PRO 16 2.5K,"782,000"
14570852,HUION KD200,"249,000"
14003873,HUION Kamvas 12,"287,100"
14003006,HUION Kamvas 13,"299,000"
19701404,HUION Kamvas Pro 24 4k,"1,490,000"
13993637,HUION Q620M,"88,580"
14571179,HUION RTM-500,"114,900"
14571365,HUION RTP-700,"116,700"
14571542,HUION RTS-300,"81,900"
20678999,HyperX PulseFire Haste 2,"블랙_65,000|화이트_65,000"
20679098,HyperX PulseFire Haste 2 유무선,"블랙_108,000|화이트_108,000"
11199213,HyperX Pulsefire Dart,"149,000"
5523033,HyperX Pulsefire FPS,"18,350"
14633693,HyperX Pulsefire Haste (해외구매),"55,890"
14387402,IPLEX GM207,"6,820"
17967785,IPLEX KP630 저소음 마우스,"9,510"
20679530,JAVIS JV-M5,"8,540"
18020327,K-Snake M11,"해외구매_12,870"
21652808,KINESIS DXT2 무선,"해외구매_145,880"
16637324,Keychron M1 초경량 옵티컬 마우스,"블랙_73,999|화이트_73,999"
24141764,Keychron M3 미니 유무선,"블랙_63,000|화이트_63,000"
20420936,Keychron M3 유무선,"블랙_56,000|화이트_56,000"
28828070,LAMZU THORN 유무선,"116,020"
19726880,LAMZU 아틀란티스 미니 유무선,"해외구매_165,170|정품_124,900"
18520277,LAMZU 아틀란티스 유무선,"196,100"
1893960,LEXMA M722 더팻,"미니어쳐 슈나이져_6,340|토이 레드푸들_6,340|프렌치불독_6,340"
19507505,LG전자 AFP73948404 무선,"39,900"
19507535,LG전자 AFW72949001 무선,"21,800"
19507577,LG전자 AFW72969002,"17,100"
1729211,LG전자 Gaming GM-150,"7,500"
1890047,LG전자 무선 Nano 2.4Ghz CM-1300,"레드_12,900"
1737469,LG전자 무선 Nano 2.4Ghz CM-600,"블랙_21,600"
14649926,LKG FOR LG LGA-MARK1 저소음 무선 마우스,"블랙_7,900|화이트_6,940"
5082627,LKG For LG GM-2000,"레드_5,000|블랙_11,300"
8086309,LKG For LG LGA-M1100,"블랙_5,200|레드_6,500"
8086441,LKG For LG LGA-M1500,"블랙_9,970|레드_12,000"
8911616,LKG For LG LGA-MARK3,"티타늄_14,800|레드_14,800"
9956982,LKG For LG LGA-MARK5,"14,500"
3755809,LKG For LG Optical M-1100,"레드_7,890"
4349411,LKG For LG 무선 Nano 2.4GHz CM-2000,"레드_9,890|블랙_11,500"
3755662,LKG For LG 무선 Nano 2.4GHz CM-3000,"티타늄_39,900"
4466623,LUOM G10,"32,680"
4466744,LUOM G20,"26,090"
27545426,MAXTILL ALL IN ONE GM-MCU10,"9,900"
20017757,MAXTILL BUFF G1,"29,400"
18763622,MAXTILL BUFF G10 PRO,"31,850"
15866855,MAXTILL GM-100U 유선 마우스,"블랙_5,200|화이트_5,500"
16668872,MAXTILL GM-200U 유선 마우스,"2,600"
15114053,MAXTILL GM-BM101B 무선 블루투스 마우스,"6,040"
20545757,MAXTILL GM-BUFF G10,"29,000"
15735332,MAXTILL GM-BWN200L 무소음 블루투스 마우스,"블랙_9,750|화이트_9,750"
16672676,MAXTILL GM-GL200U 유선 게이밍 마우스,"13,770"
20679815,MAXTILL GM-VOLT G1,"33,000"
16666907,MAXTILL GM-WEM30L 무소음 무선 버티컬 마우스,"블랙_13,270|실버_13,310"
15737621,MAXTILL GM-WN100L 무소음 무선 광마우스,"블랙_6,760|화이트_6,760"
3471313,MAXTILL MAXTILL TRON G10 게이밍 마우스,"Matt black edition_21,440|러버코팅_21,900|White special edition_125,000"
27857747,MAXTILL MO-BTM10C 무선 블루투스,"14,890"
27857696,MAXTILL MO-BTM20C 무선 블루투스,"13,900"
27856076,MAXTILL MO-BTM30C 무선 블루투스,"13,900"
27857819,MAXTILL MO-BTM40C 무선 블루투스,"16,890"
24138914,MAXTILL MO-M101U,"7,900"
27857624,MAXTILL MO-M202U,"6,900"
27857573,MAXTILL MO-M303U,"6,900"
4314992,MAXTILL MOST M1000,"그린_7,000|블루_7,000|오렌지_7,000|핑크_7,000"
13167635,MAXTILL RATIO RWM10 마우스 + MAXPOT 무선충전패드,"86,250"
12851027,MAXTILL RATIO RWM10 유무선 게이밍 마우스,"34,320"
13520726,MAXTILL RATIO RWM20 마우스+ MAXPOT 무선충전패드,"149,700"
12851165,MAXTILL RATIO RWM20 유무선 게이밍 마우스,"64,240"
13271930,MAXTILL RATIO RWM30 마우스 + MAXPOT 무선충전패드,"153,000"
12851267,MAXTILL RATIO RWM30 유무선 게이밍 마우스,"77,900"
9373374,MAXTILL RATIO S10 PMW 3389 게이밍 마우스,"블랙_27,500"
17743013,MAXTILL TRON G100 매트블랙,"17,400"
5781468,MAXTILL TRON G10PRO reborn 3330 RGB 게이밍 마우스,"무광 UV코팅_23,310|러버코팅_23,930|화이트_23,900"
12553067,MAXTILL TRON G20 PRO PMW 3330 RGB 게이밍 마우스,"블랙_24,800|화이트_24,800"
4303074,MAXTILL TRON G50 GAMING MOUSE,"화이트_16,450"
4987503,MAXTILL TRON G71 RGB 게이밍 마우스,"259,010"
18778088,MAXTILL VOLT G10 PRO V2,"블랙_32,900|화이트_32,900"
20445005,MAXTILL VOLT G10 V2,"29,480"
19043621,MAXTILL VOLT G2,"블랙_28,890|머스타드_28,890"
19043720,MAXTILL VOLT G3,"28,690"
28825712,MONSGEEK D1 무선 해외구매,"7,747"
17976584,MOUNTAIN MAKALU 67,"블랙_86,330|화이트_86,360"
20647592,MOUNTAIN MAKALU MAX 유무선,"해외구매_141,200"
12508982,MSI GM08,"7,140"
14891321,MSI GM08 (해외구매),"19,830"
13846172,MSI GM20 ELITE,"25,810"
14029184,MSI GM20 ELITE (해외구매),"75,100"
11140383,MSI GM30,"정품_39,000|해외구매_65,900"
13448492,MSI GM41 LIGHTWEIGHT,"53,430"
14668505,MSI GM41 LIGHTWEIGHT (해외구매),"94,200"
14692001,MSI GM41 LIGHTWEIGHT WIRELESS (해외구매),"66,750"
20220455,MSI GM51 LIGHTWEIGHT WIRELESS,"84,000"
20680067,MSI M99,"병행수입_13,000|정품_8,820"
21371285,MSI Prestige M96 무선,"9,100"
13926173,MadCatz B.A.T. 6 PLUS,"119,000"
13196105,MadCatz M.O.J.O M1,"65,000"
19671392,MadCatz M.O.J.O M2 무선,"53,250"
10592268,MadCatz R.A.T 2 PLUS,"49,000"
10592436,MadCatz R.A.T 4 PLUS,"블랙_79,000"
10592649,MadCatz R.A.T 6 PLUS,"블랙_99,000|화이트_72,000"
12065678,MadCatz R.A.T 8 Plus ADV,"139,000"
11237262,MadCatz R.A.T AIR,"255,000"
13671224,MadCatz R.A.T DWS,"158,990"
10588965,MadCatz R.A.T PRO S3,"95,000"
10588968,MadCatz R.A.T PRO X3,"240,950"
11934223,MadCatz R.A.T PRO X3 Supreme,"239,000"
20737625,MadCatz RAT4 PLUS,"79,000"
10502859,Microsoft Arc Mouse,"블랙_69,800|라일락_83,510|세이지_89,000|소프트 핑크_64,900|해외구매_27,730"
124029,Microsoft Basic Optical,"정품_9,730"
6618343,Microsoft Basic Optical v2.0,"블랙, 정품_8,900|실버, 정품_8,900"
12737483,Microsoft Bluetooth Ergonomic Mouse,"블랙_48,900|라이트 그레이_48,900|파스텔 블루_48,900|피치_48,900"
3592259,Microsoft Bluetooth Mobile Mouse 3600,"블루, 정품_28,990|레드, 정품_28,600|블랙, 정품_27,500"
10503102,Microsoft Bluetooth Mouse,"블랙_27,000|민트_27,000|피치_27,000|몬자 그레이_27,000|파스텔 블루_27,000"
15566573,Microsoft Bluetooth Mouse Camo,"화이트_15,720|블루_15,720|그린_15,720"
10503681,Microsoft Ergonomic Mouse,"41,900"
15919034,Microsoft Ocean Plastic 블루투스 마우스,"29,900"
10503369,Microsoft Pro IntelliMouse,"정품, 쉐도우 화이트_241,530"
2239162,Microsoft Sculpt Comfort Mouse,"정품_34,890|해외구매_30,560"
2298498,Microsoft Sculpt Ergonomic Mouse,"정품_49,900|병행수입_43,000|해외구매_36,460"
2473407,Microsoft Sculpt 모바일 마우스,"레드, 정품_22,000"
5703868,Microsoft Surface Arc Mouse,"정품_87,500"
12841406,Microsoft Surface Mobile Mouse,"블랙_일시품절|아이스 블루_69,900|퍼피 레드_41,050"
5254653,Microsoft Surface Mouse,"65,900"
6519328,Microsoft Surface Precision Mouse,"그레이_129,000|해외구매_113,000"
952737,Microsoft Wireless Mobile Mouse 4000,"블랙, 정품_49,900"
15472364,Microsoft 디자이너 블루투스 마우스,"병행수입_30,000"
7422760,Microsoft 모던 모바일 마우스,"정품_29,900|해외구매_28,470"
2396800,Microsoft 무선 모바일 마우스 1850,"레드, 정품_11,610|블랙, 정품_12,100|블루, 정품_12,900|퍼플, 정품_11,900|핑크, 정품_11,610|||"
555496,Microsoft 베이직 마우스 v2.0,"블랙, 정품_12,990|실버, 정품_9,250"
5858303,Microsoft 클래식 인텔리 마우스,"해외구매_54,290"
16977608,NZXT LIFT RGB,"Matte Black_48,750|Matte White_일시품절"
18228539,ORZERHOME 1600,"해외구매_8,890"
3116388,OZONE ARGON,"90,150"
18150386,PANTONE PAWM-01 무선 마우스,"9,790"
13287512,PLEOMAX MO-ER700 인체공학 버티컬 마우스,"18,900"
13287641,PLEOMAX MOC-ER750 인체공학 무선 버티컬 마우스,"26,540"
13287809,PLEOMAX MOC-ER850 무소음 무선 인체공학 버티컬 마우스,"32,200"
18424934,PLEOMAX MOC-ER900 무선 블루투스 버티컬 마우스,"17,010"
19840802,PLEOMAX MOC-WM90 무선,"블랙_14,780|화이트_14,780"
18294782,Pulsar X2 무선 마우스,"블랙_110,000|레드_110,000|화이트_110,000"
18294755,Pulsar X2 미니 무선 마우스,"블랙_110,000|레드_108,900|화이트_110,000"
20599205,Pulsar X2 미니 프리미엄 블랙 무선,"110,000"
28512074,Pulsar X2H 무선,"블랙_119,000|화이트_119,000"
28512242,Pulsar X2H 미니 무선,"블랙_119,000|화이트_119,000"
28511861,Pulsar X2V2 무선,"블랙_117,800|화이트_117,800"
28511654,Pulsar X2V2 미니 무선,"블랙_117,800|화이트_117,800"
28511690,Pulsar X2V2 미니 무선,"블랙_117,800|화이트_117,800"
16737593,Pulsar XLITE V2 무선 게이밍 마우스,"블랙_84,000|블루_84,000|핑크_82,500|화이트_82,500"
20070773,Pulsar XLITE V2 미니 유무선 레트로 에디션,"83,920"
20159939,Pulsar XLITE V2 미니 유무선 레트로 에디션 브라운,"83,924"
20070620,Pulsar XLITE V2 유무선 레트로 에디션,"84,000"
20159954,Pulsar XLITE V2 유무선 레트로 에디션 브라운,"84,000"
17325476,Pulsar Xlite V2 미니 무선 게이밍 마우스,"블랙_82,500|레드_84,000|블루_84,000|핑크_82,500|화이트_82,500"
15247820,Pulsar Xlite 무선 게이밍 마우스,"블랙_79,000|레드_79,000|화이트_79,000"
13674878,Pulsar Xlite 초경량 유선 게이밍 마우스 벨류팩,"블랙_56,310|화이트_59,900"
15985865,QNIX QM-5000 유선 마우스,"4,900"
12544568,QSENN AULA F808 LED 게이밍 마우스,"14,900"
12544073,QSENN AULA F809 LED 게이밍 마우스,"9,400"
16141607,QSENN AULA F810 RGB 게이밍 마우스,"13,850"
12544220,QSENN AULA H508 LED 게이밍 마우스,"15,400"
12544817,QSENN AULA H510 RGB 게이밍 마우스,"28,900"
12544676,QSENN AULA H512 RGB 게이밍 마우스,"25,670"
15880832,QSENN BM1100 Slide Fold 듀얼 무선 저소음 마우스,"블랙_12,900|화이트_12,900|민트_12,260|핑크_12,260"
4785312,QSENN GP-M2200 레드 USB,"4,780"
3335209,QSENN GP-M3100 USB,"5,280"
6993979,QSENN GP-M4000 저소음 블랙 USB,"5,020"
12104864,QSENN GP-M500 LED 블랙 USB,"4,400"
12104699,QSENN GP-M500 USB,"블랙_4,400|화이트_4,400"
15055304,QSENN M1000 무선 마우스,"블랙_5,500|화이트_5,500"
17983847,QSENN M310 버티컬 마우스,"블랙_12,000|화이트_24,000"
4735228,QSENN M5200 블루 USB,"5,400"
18441875,QSENN M600 미니 마우스,"3,300"
17856677,QSENN WM3100 버티컬 무선 마우스,"블랙_13,800|민트_13,800|핑크_13,800|화이트_22,990"
27140399,RAPOO M10 PLUS 무선,"블랙_12,310|화이트_12,310"
7987660,RAPOO M100,"블랙_14,000"
27139973,RAPOO M100G Silent 무선 블루투스,"블랙_16,050|화이트_16,050"
6086078,RAPOO MT550,"92,990"
14677430,RAPOO V330 (해외구매),"35,750"
6470161,RAPOO VPro V22 RGB,"19,000"
7351498,RAPOO VPro VT200 에센셜,"19,900"
6470009,RAPOO VPro VT300 Expert,일시품절
6469945,RAPOO VPro VT900 Professional,"55,800"
17115809,RHINO GEAR RG-EM100 버티컬 마우스,"7,480"
17666453,RHINO GEAR RG-EM300 버티컬 마우스,"18,990"
17147306,RHINO GEAR RG-GM100 게이밍 마우스,"9,580"
16876520,RHINO GEAR RG-GM300 RGB 게이밍 마우스,"블랙_10,500|화이트_15,100"
18369860,RHINO GEAR RG-WEM200 무선 버티컬 마우스,"15,000"
17666330,RHINO GEAR RG-WEM350 무선 버티컬 마우스,"27,900"
18332027,RHINO GEAR RG-WM05 무선 마우스,"3,630"
16346786,RHINO GEAR RG-WM10 저소음 무선 마우스,"5,490"
16365173,RHINO GEAR RG-WM20 저소음 무선마우스,"블랙_8,980|화이트_8,980"
5677013,RIZUM G-FACTOR Z100 RGB PRO GAMING MOUSE,"블랙_23,900|화이트_19,800"
5920740,RIZUM G-FACTOR Z200 Mercury 3360 RGB 양손가능 GAMING MOUSE,"블랙_29,900|화이트_29,900"
5894601,RIZUM G-FACTOR Z200 RGB 양손가능 PRO GAMING MOUSE,"블랙_28,410|화이트_28,410"
6313810,RIZUM G-FACTOR Z300 RGB PRO GAMING MOUSE,"블랙_19,900|화이트_19,900"
5261866,RIZUM G-FACTOR Z500 PRO GAMING MOUSE,"블랙_20,500|화이트_20,500"
5448107,RIZUM M1 인체공학 버티컬 마우스,"28,920"
10412451,RIZUM M101 무선 마우스,"블랙_6,500|화이트_6,500"
7948489,RIZUM M102 무소음 블루투스 마우스,"블랙_9,790|민트_9,900|핑크_9,900|화이트_9,900"
6546503,RIZUM M11 무소음 무선 마우스,"블랙_18,860|블루_10,160|실버_20,300|퍼플_20,300"
5505547,RIZUM M2 무선 인체공학 버티컬 마우스,"9,330"
5052995,RIZUM M5 무선 마우스,"골드_6,560|블랙_6,900|블루_5,040|화이트_7,900|핑크_6,560"
5291081,RIZUM M7 버티컬 무선 마우스,"실버_9,840"
6581775,RIZUM M8 버티컬 마우스,"블랙_11,860|화이트_11,860"
10077828,RIZUM RM101 유선 마우스,"2,400"
7646359,RIZUM RS-G1 RGB 게이밍 마우스,"블랙_19,900|화이트_19,900"
12788606,ROCCAT BURST CORE,"블랙_34,000|벌크_35,000|화이트_34,000"
12616070,ROCCAT BURST PRO,"블랙_64,900|화이트_64,900"
16903148,ROCCAT BURST PRO AIR,"블랙_99,900|화이트_99,900"
18109661,ROCCAT KAIN 100 AIMO,"해외구매_94,370"
9329199,ROCCAT KAIN 120 AIMO OWL-EYE,"111,000"
14887220,ROCCAT KAIN 202 AIMO (해외구매),"147,920"
5560415,ROCCAT KONE AIMO OWL-EYE,"화이트_112,900"
10797408,ROCCAT KONE AIMO Remastered,"블랙_99,000|화이트_99,000"
19963154,ROCCAT KONE AIR 무선 블루투스,"블랙_64,900|화이트_64,900"
14550725,ROCCAT KONE PRO,"블랙_69,900|화이트_69,900"
14550437,ROCCAT KONE PRO AIR,"블랙_99,900|화이트_99,900"
5161716,ROCCAT KONE PURE OWL-EYE,"블랙_54,900|화이트_54,890"
6198357,ROCCAT KONE PURE OWL-EYE (해외구매),"35,520"
15208727,ROCCAT KONE PURE SEL RGB 게이밍 마우스,"블랙_24,900|화이트_24,900"
9701505,ROCCAT KONE PURE ULTRA,"블랙_64,900|화이트_64,900"
10831893,ROCCAT KONE PURE ULTRA Coral,"64,900"
17816501,ROCCAT KONE XP AIR,"블랙_169,000|화이트_169,000"
16687052,ROCCAT KONE XP RGB 게이밍 마우스,"애시 블랙_99,900|아크틱 화이트_99,900"
16687145,ROCCAT KONE XP RGB 게이밍 마우스 (해외구매),"192,300"
15381974,ROYCHE BT21 리틀버디 베이비 무선 블루투스 마우스,"코야_17,490|망_17,490|슈키_17,490|알제이_16,900|치미_22,410||"
15998699,ROYCHE BTS 타이니탄 다이너마이트 무선 마우스,"RM_20,380|뷔_20,380|슈가_20,380|정국_20,380|제이홉_20,380||"
16009910,ROYCHE BTS 타이니탄 무선 마우스,"RM_13,900|뷔_13,890|슈가_13,900|정국_13,900|제이홉_13,900||"
5594800,ROYCHE RX-500 무소음 무선 마우스,"8,530"
12945749,ROYCHE RX-550 무소음 무선 마우스,"블랙_14,900|화이트_14,900"
14843969,ROYCHE RX-560 DUAL 무선 블루투스 마우스,"블랙_20,400|화이트_20,400"
14896940,ROYCHE RX-620 무선 마우스,"블랙_13,400|베이지_13,400|핑크_13,400"
16776407,ROYCHE RX-700 무선 마우스,"블랙_14,790|화이트_19,900|핑크_9,890"
14289596,ROYCHE RX-700TR 무선 블루투스 마우스,"블랙_23,900|화이트_23,900|핑크_23,900"
18953585,ROYCHE RX-800V 무선,"26,400"
20675729,ROYCHE 디즈니 마블 스파이더맨 무선 블루투스,"23,140"
20731952,ROYCHE 디즈니 무선,"곰돌이 푸_15,600|피글렛_18,480"
29397059,ROYCHE 디즈니 미키 마우스 무선,"22,650"
14858414,ROYCHE 라인프렌즈 BT21 베이비 무소음 무선 마우스,"타타_17,720|망_17,720|슈키_17,720|알제이_17,720|치미_17,910||"
20675651,ROYCHE 라인프렌즈 minini 무선 블루투스,"18,900"
14607395,ROYCHE 라인프렌즈 멀티페어링 무선마우스,"브라운_20,900|코니_20,900"
14910329,ROYCHE 라인프렌즈 미니 브라운앤프렌즈 무선 마우스,"브라운_19,900|샐리_19,900|코니_19,900"
28335110,ROYCHE 미니언즈 피규어 무선,"26,500"
15147209,ROYCHE 브롤스타즈 무선 무소음 마우스,"SPIKE_19,900|CROW_19,900|LEON_23,500"
19702625,ROYCHE 산리오 캐릭터즈 무선 블루투스,"마이멜로디_23,900|쿠로미_23,900"
5928363,ROYCHE 시로앤마로 무소음 마우스,"12,900"
6666142,ROYCHE 우주스타 BT21 무소음 무선 마우스,"타타_19,900|망_17,910|알제이_17,910|치미_17,910|쿠키_14,900"
16847120,ROYCHE 잔망루피 멀티페어링 무선 마우스,"19,500"
28558829,ROYCHE 잔망루피 피규어 무선,"25,940"
15563408,ROYCHE 코카콜라 무선 마우스,"화이트_25,000"
14607851,ROYCHE 토이스토리 무소음 무선마우스,"우디_17,810|버즈_17,810|포키_17,120"
12878483,ROYCHE 피너츠 스누피 블루투스 무소음 마우스,"바이올렛_22,290|베이지_22,290|핑크_22,290"
28647050,ROYCHE 피너츠 스누피 피규어 무선,"28,300"
5549209,Razer Basilisk,"블랙_84,000"
10129599,Razer Basilisk Ultimate,"정품_178,990|병행수입_일시품절|해외구매_82,290"
10594113,Razer Basilisk V2,"정품_215,270|병행수입_75,900"
15252377,Razer Basilisk V3,"정품_74,900|병행수입_56,530|해외구매_65,920"
17764835,Razer Basilisk V3 Pro,"정품_237,010|해외구매_273,910"
18453749,Razer Basilisk V3 Pro White Edition,"정품_232,690"
18453944,Razer Basilisk V3 Pro White Edition 무선 충전 팩,"정품_291,170"
17766878,Razer Basilisk V3 Pro 무선 충전 팩,"정품_287,030"
19969850,Razer Basilisk V3 X Hyperspeed 무선 블루투스,"정품_89,000|해외구매_111,890"
10129857,Razer Basilisk X HyperSpeed,"정품_65,000|벌크_45,850|병행수입_45,700|해외구매_24,900"
20810816,Razer Cobra,"정품_64,940|해외구매_78,000"
21455585,Razer Cobra Pro 무선 충전 팩,"정품_236,990|병행수입_249,000"
20776448,Razer Cobra Pro 유무선,"정품_186,440"
17343584,Razer DeathAdder Essential,"해외구매_16,840|병행수입_17,910"
15395066,Razer DeathAdder Essential (정품),"블랙_22,990|화이트_23,900"
13688864,Razer DeathAdder V2,"병행수입_64,080"
11718647,Razer DeathAdder V2 Mini,"병행수입_242,240|해외구매_65,000"
12333011,Razer DeathAdder V2 Pro,"정품_64,860|병행수입_일시품절|해외구매_79,900"
28323380,Razer DeathAdder V2 Pro + 정품 충전독 패키지,"105,520"
17347043,Razer DeathAdder V2 Pro Genshin Impact Edition,"정품_225,000"
15721307,Razer DeathAdder V2 X HyperSpeed,"정품_57,820|병행수입_43,650|해외구매_58,210"
19505813,Razer DeathAdder V3,"정품_112,100|해외구매_121,090"
17673140,Razer DeathAdder V3 Pro,"정품_196,990|병행수입_138,870|해외구매_134,090"
19261592,Razer DeathAdder V3 Pro Faker Edition 유무선,"정품_245,260|해외구매_273,900"
17673209,Razer DeathAdder V3 Pro White Edition,"정품_196,990|병행수입_128,970"
17136656,Razer DeathAdder 헬로 키티 프렌즈 에디션,"89,000"
5204426,Razer Lancehead,"189,000"
5137709,Razer Lancehead Tournament,"블랙, 정품_109,000"
17176043,Razer Mamba + Firefly HyperFlux,"해외구매_295,960"
18268646,Razer Mamba Elite,"병행수입_110,000"
19130906,Razer Mamba Wireless,"병행수입_72,500|해외구매_74,500"
12227423,Razer Naga Pro,"정품_일시품절|해외구매_188,000"
7798027,Razer Naga Trinity,"해외구매_84,970"
20727998,Razer Naga V2 HyperSpeed 무선 블루투스,"149,210"
18369821,Razer Naga V2 Pro,"202,130"
18369824,Razer Naga V2 Pro 무선 충전 팩,"293,010"
13432820,Razer Naga X,"정품_105,000|해외구매_64,330"
14227505,Razer Orochi V2,"블랙_58,590|쿼츠_77,490|화이트_58,590"
16061780,Razer Orochi V2 (병행수입),"49,820"
14288264,Razer Orochi V2 (해외구매),"51,210"
28370540,Razer Orochi V2 Roblox Edition,"정품_108,990|해외구매_133,330"
12227291,Razer Pro Click,"136,220"
15734015,Razer Pro Click Mini,"106,810"
15734180,Razer Pro Click Mini (해외구매),"85,650"
2831292,Razer Taipan White 웨이코스,"167,420"
1756496,Razer Taipan 웨이코스,"85,000"
14187815,Razer Viper,"병행수입_144,210"
13411463,Razer Viper 8KHz,"정품_59,000|병행수입_59,000|해외구매_57,420"
10740057,Razer Viper Mini,"정품_29,900|병행수입_일시품절|해외구매_54,300"
9824529,Razer Viper Ultimate,"정품_일시품절|병행수입_151,300|해외구매_99,890"
13665266,Razer Viper Ultimate Cyberpunk 2077 Edition,"해외구매_214,800"
12942347,Razer Viper Ultimate Mercury,"정품_일시품절|해외구매_191,970"
14774210,Razer Viper Ultimate Quartz,"해외구매_117,000"
12485546,Razer Viper Ultimate Quartz (정품),일시품절
17024039,Razer Viper V2 PRO,"병행수입_122,580|해외구매_121,950"
21625964,Razer Viper V2 PRO Battlegrounds Edition,"정품_248,990|해외구매_306,930"
17024780,Razer Viper V2 PRO Black,"정품_184,740"
17023064,Razer Viper V2 PRO White,"정품_175,330"
28370018,Razer Viper V3 HyperSpeed,"정품_100,280|해외구매_115,482"
14951288,Redragon COBRA M711 RGB,"28,500"
14951237,Redragon COBRA WHITE M711W RGB,"28,500"
14953277,Redragon DAGGER2 M715RGB-1,"28,500"
14952761,Redragon GERBERUS M703 LED,"16,000"
14940737,Redragon GRIFFIN M607 RGB,"23,500"
14940797,Redragon GRIFFIN M607 RGB (해외구매),"22,000"
14940611,Redragon GRIFFIN WHITE M607W RGB,"26,000"
11485347,Redragon Inspirit2 M907,"26,500"
11485083,Redragon Memeanlion CHROMA M710,"25,000"
11485545,Redragon Nemeanlion2 M602-1,"17,500"
11486181,Redragon Sniper M801,"28,780"
11484762,Redragon Tiger2 M709-1,"16,000"
11484459,Redragon Vampire M720,"26,500"
3263789,SADES SA-G2,"레드_13,160|화이트_16,400"
3262868,SADES SA-G3,"블랙_15,400|화이트_15,400"
5368238,SADES SA-S16 GUNBLADE RGB 게이밍 마우스,"화이트_15,120|블랙_14,140"
3543740,SK네트웍스서비스 MOCAT SK-CPM100,"9,700"
2997592,SUNSONNY SM-8509 III,"블랙_6,870|화이트_6,870"
2997697,SUNSONNY SM-8580,"블랙_19,660|오렌지_14,730"
2997660,SUNSONNY SM-8610,"블랙_19,660|화이트_12,600"
13139859,Satechi M1 무선 마우스,"해외구매_44,550"
9599919,SonicGearLab 알카트로즈 ASIC7 RGB FX LED 유선 마우스,"블랙_5,780|화이트_6,000"
5283009,SonicGearLab 알카트로즈 STEALTH AIR 3 무선 무소음,"그레이_8,800|레드_8,890|블루_17,650"
6164562,SonicGearLab 알카트로즈 X-크래프트 Pro TRON 5000 게이밍 마우스,"14,000"
5283016,SonicGearLab 알카트로즈 무소음 유선 마우스 STEALTH 5,"4,900"
5383150,T-SONIC E350,"4,000"
15058268,TGIC DJBTM-101 무선 블루투스 마우스,"골드_7,670|레드_7,670"
13567784,TGIC DJWM-3200 저소음 무선 마우스,"3,480"
15032552,TGIC NX-BT102 무선 블루투스 마우스,"골드_7,890|레드_7,900"
18557249,TGIC TGC-DJWM3200 무선,"8,280"
15303389,TGIC TGC-GM1 유선 LED 마우스,"블랙_3,500"
15303419,TGIC TGC-GM2 유선 LED 마우스,"블랙_6,230"
15303443,TGIC TGC-GM3 유선 LED 마우스,"블랙_5,000"
18575588,TGIC TGC-M100,"1,390"
12712025,TGIC TGC-M1200 USB,"1,990"
18557168,TGIC TGC-M1500,"2,093"
5367467,TGIC TGC-M500,"3,890"
18036611,TGIC TGC-V1000 무선 버티컬 마우스,"13,890"
14893739,TGIC TGC-WM4100 무선 마우스,"블랙_3,290|화이트_3,310"
3142039,TGIC TGC-WM5000,"5,300"
2633601,TG삼보 Bluehole GM43L 프리미엄 게이밍 마우스,"30,840"
14366615,TG삼보 TG-GM300T 게이밍 마우스,"26,900"
14366876,TG삼보 TG-GM350T 게이밍 마우스,"28,670"
10600257,TG삼보 TG-M1100L 저소음 게이밍 마우스,"8,820"
10600512,TG삼보 TG-M2000GL 저소음 게이밍 마우스,"14,680"
8417775,TG삼보 TG-M300G 인체공학 무선 마우스,"블랙_6,260|블루_7,800|핑크_6,550"
11404719,TG삼보 TG-M300GN 인체공학 무소음 무선 마우스,"블랙_8,800|블루_8,800|핑크_8,800"
11404767,TG삼보 TG-M300U 인체공학 유선 마우스,"블랙_5,350|블루_일시품절|핑크_5,350"
8419311,TG삼보 TG-M300UN 인체공학 무소음 유선 마우스,"블랙_14,800|블루_일시품절|핑크_13,000"
9445737,TG삼보 TG-M400G Lovely 무선마우스,"블랙_11,900|화이트_11,880|민트_11,150|핑크_11,150"
16678304,TG삼보 TG-M500U 무소음 유선 마우스,"블랙_8,800|화이트실버_8,800|화이트블루_8,800|바이올렛_11,500"
4832488,TG삼보 TG-M7000G 무선 마우스,"레드_7,530|블랙_7,900"
3239432,TG삼보 TG-M7000U 유선 광마우스,"레드_9,810|블랙_23,890"
4686570,TG삼보 TG-M8500G 무선 마우스,"11,200"
16678016,TG삼보 TG-M850U 저소음 유선 마우스,"10,610"
10651584,TG삼보 TG-M9500G S2 무선 저소음 마우스,"블랙_7,800|화이트_7,800"
4811713,TG삼보 TG-M9500G 저소음 무선 마우스,"블랙_7,900|화이트_7,900"
5022873,TG삼보 TG-M9600G,"블랙_9,140|화이트_13,470"
17360603,TG삼보 TG-MV301A 무선 버티컬 마우스,"64,900"
3249999,TG삼보 TG-TM137G HEALING 인체공학 버티컬 무선 마우스,"블랙_35,140"
3250091,TG삼보 TG-TM137U HEALING 인체공학 버티컬 유선마우스,"블랙_30,740"
11975540,TG삼보 TG-TM215GN 무소음 무선 버티컬 마우스,"블랙_29,000|레드_29,000|실버_29,000"
11976479,TG삼보 TG-TM215UN 무소음 유선 버티컬 마우스,"블랙_22,000|그레이_22,000|레드_22,000"
5624807,TG삼보 TG-TM615G HEALING 인체공학 버티컬 무선 마우스,"블랙_30,540|화이트_62,000"
5624970,TG삼보 TG-TM615U HEALING 인체공학 버티컬 유선마우스,"블랙_19,490|화이트_29,030"
4364135,TG삼보 TG-TM618 Pro 헬스케어 버티컬마우스,"블랙_일시품절|화이트_41,280"
10241229,TG삼보 TG-TM618G HEALING 버티컬 무선 마우스,"블랙_28,790|화이트_29,190"
10241121,TG삼보 TG-TM618U HEALING 버티컬 유선 마우스,"블랙_20,620|화이트_20,890"
10241319,TG삼보 TG-TM910G HEALING 버티컬 무선 마우스,"37,990"
10241427,TG삼보 TG-TM910U HEALING 버티컬 유선 마우스,"32,160"
16947200,TG앤컴퍼니 TG&co TG-MV501A 무선 블루투스 버티컬 마우스,"64,900"
15184280,TKDS D9005-3 디즈니,"푸우마우스_3,900"
14421995,Team Scorpion LUCA X1,"17,490"
16209992,Threego THR-M01 게이밍 쿨링 팬 마우스,"18,900"
12048053,Topre REALFORCE MOUSE RFM01U11,"해외구매_239,000"
15366650,UGEE S1060 펜타블렛 유선 아스크텍,"56,990"
15366455,UGEE S1060W 펜타블렛 무선 아스크텍,"66,490"
15367406,UGEE S640 펜타블렛 유선 아스크텍,"36,100"
15367379,UGEE S640W 펜타블렛 무선 아스크텍,"54,150"
18630518,UGEE U1600 펜타블렛,"391,000"
20678207,UGREEN MU006 무선 블루투스,"24,890"
28826594,VANZY 에어 무선,"103,950"
28219322,VEIKK A50,"76,300"
28219268,VEIKK VK1060,"71,200"
28219175,VEIKK VK1060 PRO,"87,310"
28132178,VEIKK VK2200PRO,"840,880"
13184141,VEIKK VK640,"48,590"
28192670,VEIKK VO1060,"87,310"
28923323,VGN F1 MOBA 유무선,"해외구매_45,900"
28922759,VGN F1 PRO MAX 유무선,"해외구매_45,900"
28441166,VGN F1 PRO 유무선,"해외구매_39,500"
13505768,VSAENA 펭수 저소음 무선 마우스,"블랙_16,110|옐로우_일시품절"
28029671,Vancer 제미니 프로 카스토르 초경량 유무선,"블랙_110,000|그린_110,000|코튼 캔디_110,000|핑크_110,000|화이트_110,000"
28030736,Vancer 제미니 프로 폴룩스 초경량 유무선,"블랙_110,000|그린_110,000|코튼 캔디_110,000|핑크_110,000|화이트_110,000"
10033392,WACOM Ballpoint Pen KP-133,"39,900"
28446290,WACOM CTC-6110WL,"187,210"
5510445,WACOM CTL-472,"52,620"
7644742,WACOM CTL-672,"정품_88,600|해외구매_86,490"
7033078,WACOM Cintiq 16HD,"927,000"
10528980,WACOM Cintiq 22,"1,565,000"
1783211,WACOM Cintiq 22HD,"정품_1,820,160"
5298299,WACOM Cintiq Pro 16,"1,888,100"
18403385,WACOM Cintiq Pro 16 리뉴얼,"1,898,000"
1606993,WACOM Cintiq Pro 24,"2,790,000"
12635003,WACOM Cintiq Pro 24 Touch,"3,240,000"
18079235,WACOM Cintiq Pro 27 DTH271,"본체_4,679,000|+전용스탠드_5,279,000"
10033176,WACOM Finetip Pen KP-132,"110,000"
6061464,WACOM INTUOS CTL-4100,"67,900"
6154568,WACOM INTUOS CTL-4100WL 블루투스 (정품),"83,850"
12062834,WACOM INTUOS CTL-6100 (정품),"128,800"
6099724,WACOM INTUOS CTL-6100WL (정품),"131,400"
9578865,WACOM INTUOS PRO PTH-460,"286,380"
4902282,WACOM INTUOS PRO PTH-660,"388,900"
4902105,WACOM INTUOS PRO PTH-860,"511,340"
2246696,WACOM INTUOS4 표준 펜심 (ACK-20001),"5,500"
1047421,WACOM Intuos4 KP-501E 그립 펜,"89,440"
2218731,WACOM KP-503E 프로펜,"83,000"
4328424,WACOM LP-190,"WACOM 태블릿 전용_23,220"
28645898,WACOM ONE 13 Touch,"778,990"
12633467,WACOM One,"345,000"
12727889,WACOM One용 펜,"35,950"
10002372,WACOM PEN 4K LP-1100,"29,240"
11189115,WACOM Pro Pen 2 KP-504E,"104,500"
10001970,WACOM Pro Pen Slim KP-301E,"85,140"
12727721,WACOM 하이유니 디지털 펜,"23,220"
9802614,XP-PEN ARTIST 13.3 PRO,"319,200"
7472935,XP-PEN ARTIST 15.6 PRO,"499,000"
17296310,XP-PEN ARTIST 16 2세대,"495,000"
12656483,XP-PEN ARTIST 22 PRO,"790,000"
12659045,XP-PEN ARTIST 22R PRO,"711,000"
12659513,XP-PEN ARTIST 24 PRO,"1,088,000"
28334774,XP-PEN Artist 10 2세대,"250,000"
17733569,XP-PEN Artist 12 (2세대),"287,000"
28243535,XP-PEN Artist 24 FHD,"758,990"
17296904,XP-PEN Artist Pro 16,"586,000"
17258786,XP-PEN Artist22 2세대,"정품_538,200|해외구매_853,300"
7645204,XP-PEN DECO 02,"87,200"
9280029,XP-PEN DECO PRO MEDIUM,"139,000"
9279993,XP-PEN DECO PRO SMALL,"129,000"
12635642,XP-PEN Deco 01 V2,"65,550"
13991117,XP-PEN Deco 01 V2 라인프렌즈 에디션,"69,000"
17167163,XP-PEN Deco FUN,"XS_31,500|S_44,000|L_54,000"
28243154,XP-PEN Deco L,"블랙_91,000|블루_91,000"
28334939,XP-PEN Deco LW,"블랙_99,440|그린_99,440|핑크_99,440"
28084823,XP-PEN Deco M,"핑크_78,000|그린_78,000|블랙_78,000|블루_78,000"
12638438,XP-PEN Deco MINI 7,"67,900"
10341852,XP-PEN PA1,"해외구매_45,480"
12639134,XP-PEN Star G430S Game Play,"55,000"
12639056,XP-PEN Star G640 Sketch,일시품절
15601421,Xencelabs BPH0812W-A 펜타블렛 스몰 아스크텍,"248,640"
15539546,Xencelabs BPH1212W-A 펜타블렛 미디엄 아스크텍,"350,000"
15539516,Xencelabs BPH1212W-K02A 펜타블렛 미디엄 번들 아스크텍,"430,000"
28442183,ZAOPIN Z1 PRO 유무선,"해외구매_42,480"
14939297,ZELOTES C-10 버티컬 마우스 (해외구매),"16,200"
15133592,Zyon ZY-DP01 타블렛 드로잉 패드,"39,790"
5421322,archon AG20,"블랙_4,900|화이트_4,850"
5638311,archon AG30 게이밍 마우스,"블랙_9,730|화이트_9,900"
5617409,archon AG40 게이밍 마우스,"블랙_15,890|옐로우_15,890|화이트_15,400"
5638367,archon AG60 게이밍 마우스,"블랙_17,500|화이트_14,250"
1956267,i-rocks Gaming Mouse M09,"17,440"
6921643,i-rocks IRM23R 무소음 무선 마우스,"블랙_14,500|핑크_14,500|화이트_14,500"
7075624,i-rocks IRM24W,"4,500"
17585972,iFLYTEK AI-MTVS-001 꿀벌마우스,"화이트_72,760|레드_75,000|민트_75,000|핑크_72,760"
15596423,iFLYTEK M110 스마트 마우스,"블랙_92,400|화이트_92,400"
1520364,iSV P&M Dolphin 블루투스 펜마우스,"72,980"
14030453,iSV P&M Dolphin 유선 펜마우스,"38,390"
28550369,ninjutso 소라 4K 무선 게이밍,"블랙_149,000|핑크_149,000|화이트_149,000"
28550474,ninjutso 소라 4K 무선 게이밍,"블랙_149,000|핑크_149,000|화이트_149,000"
19722611,ninjutso 소라 무선 게이밍,"블랙_119,000|화이트_139,000"
28446095,nulea M506,"해외구매_32,500"
18376076,perixx PERIMICE-513L 인체공학 마우스,"해외구매_31,730"
17503871,가오몬 GM185,"해외구매_347,170"
4398821,강원전자 NETmate NM-OM01 PS/2 광 마우스,"2,740"
4380981,강원전자 NETmate NM-OM02 USB 광 마우스,"2,800"
14966066,갤럭시 GALAX EX BLACK-01 게이밍 마우스,"13,830"
14966144,갤럭시 GALAX EX BLACK-02 게이밍 마우스,"11,720"
6349573,갤럭시 XANOVA MENSA PRO 게이밍 마우스,"17,140"
6352007,갤럭시 XANOVA MENSA 게이밍 마우스,"9,990"
11211003,갤럭시 XANOVA XM310 게이밍 마우스,"18,730"
11210943,갤럭시 XANOVA XM380 PRO 게이밍 마우스,"19,930"
15518558,갤럭시 갤라즈 GALAX EX-01 게이밍 마우스,"블랙_13,200"
15518600,갤럭시 갤라즈 GALAX EX-02 게이밍 마우스,"블랙_9,500"
17406671,갤럭시 갤라즈 GALAX EX-03 PRO 게이밍 마우스,"29,300"
15852482,갤럭시 갤라즈 GALAX EX-03 게이밍 마우스,"13,699"
20552318,건평정보통신 IPLEX BS-M700 무선 블루투스,"28,890"
3218054,건평정보통신 IPLEX KP-174,"2,920"
958293,건평정보통신 IPLEX KP-193 USB,"1,330"
14387102,건평정보통신 IPLEX KP310S,"블랙_4,980|화이트_4,980"
4398961,건평정보통신 IPLEX KPGM100 게이밍 마우스,"9,850"
9394674,건평정보통신 IPLEX RM3300 저소음 마우스,"블랙_6,480|화이트_6,480"
5674067,건평정보통신 IPLEX VM-600 버티컬 유선 마우스,"18,070"
11035656,건평정보통신 IPLEX VM-750 RGB 버티컬 마우스,"27,900"
6295352,건평정보통신 IPLEX VM-815 버티컬 유선 마우스,"24,500"
13412507,건평정보통신 IPLEX VM500 유선 버티컬마우스,"16,950"
5168434,건평정보통신 IPLEX VM912 버티컬 유선 마우스,"블랙_13,990|화이트_13,530"
5674135,건평정보통신 IPLEX WM-1000 무선 마우스,"5,010"
4027270,건평정보통신 IPLEX WM-2015NEW,"블랙_4,980|레드_5,800"
5674085,건평정보통신 IPLEX WM-600 버티컬 무선 마우스,"28,100"
11035746,건평정보통신 IPLEX WM-750 무선 버티컬 마우스,"27,400"
7853500,건평정보통신 IPLEX WM-950 왼손전용 무선 버티컬마우스,"33,040"
14370434,건평정보통신 IPLEX WM310,"블랙_6,980|화이트_6,980"
4323755,건평정보통신 IPLEX WM912 버티컬 무선 마우스,"블랙_18,440|화이트_18,440"
2385705,건평정보통신 IPLEX [휴] 休 Ergo VM712,"18,960"
2385710,건평정보통신 IPLEX [휴] 休 Ergo WM712,"32,790"
13413581,건평정보통신 WM550 무선 버티컬마우스,"30,100"
17692517,골드다이크 AZV 블루투스 마우스,"9,900"
6389616,골무트리 PART_M 블루투스 포인터 마우스,"골드_70,500|그레이_70,500|블랙_49,500|화이트_70,500"
7189681,그린전산 FOR LG LGC-CMU04 마우스,"블랙_8,700|화이트_14,300"
7606816,그린전산 FOR LG LGC-CMU09 마우스,"블랙_5,500|화이트_5,500"
7311754,그린전산 FOR LG LGC-CMU13 마우스,"7,180"
28887968,글로리어스 MODEL D 2 PRO 8KHz 유무선,"159,000"
28887899,글로리어스 MODEL D 2 PRO 유무선,"129,000"
20206862,글로리어스 MODEL D PRO 유무선,"FLAMINGO_169,000|SKYLINE_169,000|VICE_169,000"
10358034,글로리어스 MODEL D 마우스,"화이트, 무광_51,900|블랙, 무광_51,900|블랙, 유광_84,000|화이트, 유광_51,900"
15485003,글로리어스 MODEL D 무선,"무광, 블랙_89,900|무광, 화이트_89,900"
15960746,글로리어스 MODEL D- 무선 마우스,"블랙, 무광_89,900|화이트, 무광_89,900"
12118580,글로리어스 MODEL D- 유선 마우스,"블랙_51,900|블랙, 유광_51,900|화이트_51,900|화이트, 유광_51,900"
27806537,글로리어스 MODEL I 2 유무선,"화이트_159,000|블랙_159,000"
17146829,글로리어스 MODEL I 마우스,"블랙_59,000|화이트_59,000"
19473206,글로리어스 MODEL O 2,"블랙_99,000|화이트_99,000"
28865003,글로리어스 MODEL O 2 PRO 8KHz 유무선,"159,000"
28887509,글로리어스 MODEL O 2 PRO 유무선,가격비교예정
19474235,글로리어스 MODEL O 2 무선 블루투스,"블랙_149,000|화이트_149,000"
18436802,글로리어스 MODEL O PRO 유무선,"BLUE LYNX_169,000|GOLDEN PANDA_169,000|RED FOX_169,000"
8677028,글로리어스 MODEL O 마우스,"블랙, 유광_84,000|블랙, 무광_84,000|핑크_59,000|화이트, 무광_84,000"
13149305,글로리어스 MODEL O 무선,"블랙_129,000|화이트_129,000"
9558744,글로리어스 MODEL O- 마우스,"블랙, 유광_84,000|블랙, 무광_84,000|핑크_59,000|화이트, 무광_84,000|화이트, 유광_84,000"
15956666,글로리어스 MODEL O- 무선,"블랙_129,000|해외구매_일시품절|화이트_129,000"
18485672,글로리어스 SERIES ONE PRO 유무선,"CENTAURI RED_169,000|GENOS GOLD_169,000|VIDAR BLUE_169,000"
13154175,긱스타 VF150 무선 버티컬 마우스,"핑크_20,360|블루_20,360"
15177182,나비 NV12-MUS10 무선 마우스,"블랙_6,900|핑크_6,900|화이트_6,900"
20573846,내셔널지오그래픽 NGM-BWM 무선 블루투스,"블랙_22,000|화이트_22,000"
14884400,넥스원 A9 HIGHEND 게이밍 마우스,"블랙_16,490|핑크_16,490"
14880224,넥스원 S212 게이밍 마우스,"블랙_58,190|화이트_58,190"
20678321,넥스원 오른손전용 무선,"12,600"
20677814,넥스원 왼손전용 무선,"13,800"
2169141,노트케이스 Ncok 백제,"블랙_1,370"
4291902,노트케이스 Pulse mouse NCPL-01,"블랙_일시품절|핑크_4,300|화이트_4,300"
1424770,노트케이스 RF-2125,"5,510"
2244796,노트케이스 뉴 미러 SK-RF-111,"4,500"
1747344,노트케이스 미러 SK-RF-111,"6,090"
20725769,뉴비아 NWM-1000 무선,"6,770"
23641958,다모샤크 M3 4K 유무선 게이밍,"블랙_98,800|옐로우_98,800|화이트_98,800"
25641167,다모샤크 M3 S 유무선,"블랙_79,800|그레이_79,800|레드_79,800|옐로우_79,800|퍼플_79,800||"
20445902,다모샤크 M3 유무선 게이밍,"블랙_65,900|아이보리_65,900|화이트_65,900"
23657219,다모샤크 N3 유무선 게이밍,"블랙_66,900|화이트_66,900"
18163790,다얼유 A950,"블랙_59,000|블루_59,000|아이스 블루_59,000|핑크_59,000"
28826204,다얼유 A950G 유무선,"알루비얼 골드_69,000|레트로 베이지_69,000|아이스 블루_69,000"
28476986,다얼유 A955 유무선,"63,000"
13783892,다얼유 A960 스톰 게이밍 마우스,"블랙_20,000|옐로우_44,000|해외구매_일시품절"
18742727,다얼유 EM901X 마우스 충전독 세트,"45,000"
14049827,다얼유 EM905,"34,420"
15281273,다얼유 EM905 (해외구매),"21,880"
10884345,다얼유 EM908 RGB 게이밍 마우스,"12,900"
5377642,다얼유 EM925 RGB 게이밍 마우스 다이아몬드 에디션,"29,900"
6502232,다얼유 EM930 RBT 안아픈 빠른클릭 게이밍 마우스,"122,502"
11414631,다얼유 LM108 PRO 글러브 인체공학 버티컬 블루투스 마우스,"27,100"
6325015,다얼유 LM115G 무소음 무선 마우스,"라이언_13,900|몽키_13,900"
10094589,다얼유 LM121 버티컬 인체공학 마우스,"14,890"
10094694,다얼유 LM129 UFO 블루투스 무선 무소음 마우스,"17,300"
17787242,다얼유 LM138 인체공학 버티컬 마우스,"14,600"
17787449,다얼유 LM138G 인체공학 버티컬 무선 마우스,"22,000"
13163489,다얼유 LM158,"블랙_24,800|민트_24,800|핑크_24,900"
14049536,다얼유 LM168 버티컬 무선 마우스,"19,190"
13902005,대진씨앤엠 AM-1500 광마우스,"1,340"
14870258,더코너스톤 MANLAB BM100 블루투스 무선 마우스,"블랙_16,740|화이트_16,740"
14871899,더코너스톤 MANLAB BM101 블루투스 무선 마우스,"화이트_14,780|그레이_15,178|퍼플_15,400|핑크_15,400"
14541431,더코너스톤 MANLAB BM201,"블랙_19,642|그레이_19,800"
14256368,더코너스톤 MANLAB M101,"화이트_6,900|그레이_6,890|레드_6,900|블루_6,900|옐로우_6,900|"
14420477,데이비드테크 엔보우 NG02,"블랙_8,900|핑크_8,900|화이트_8,900"
17211629,데이비드테크 엔보우 NG03,"블랙_13,900|블루_13,900|화이트_13,900"
13507880,데이비드테크 엔보우 무소음 무선 마우스,"블랙_8,900|화이트_8,900"
1961302,동방시스템 Nuker Phantom Zero M,"7,980"
5148535,동현아이 유선 버티컬 마우스 HVM-7,"11,090"
17492957,디알고 M20L 무소음 충전 무선 마우스,"블랙_12,900|민트_11,170|핑크_11,170|화이트_11,170"
20182148,디알고 VML100 무선 저소음,"34,660"
5290020,디지클럽 Qnix QM-2000,"2,230"
5970234,디지클럽 Qnix QM-3000,"블랙_4,490|레드_5,380|종이박스_4,120"
7336300,디지클럽 Qnix QM-7000,"4,000"
8122486,디지탈그리고나 e-STAR EW-M01,"블랙_3,770|화이트_3,780"
14257346,디지털벤투스 DV-MX625 게이밍 마우스,"레드_18,600|화이트_18,600"
28443317,디지털벤투스 시나모롤 HK-W330M 저소음 무선,"22,000"
29654453,디지털벤투스 쿠로미 HK-W330M 무선,"22,000"
9913257,디지털벤투스 헬로키티 HK-W330M,"19,500"
20731871,디지털케미 FOR-GR1000 무선,"9,500"
2801386,라이트닝 LP800 무선 프리젠터 마우스,"29,110"
1861566,라이트닝 스마트마우스 SM9,"와인_8,640|블랙_8,250|다크_8,640"
4963772,라이트닝 에어마우스 레이저포인터 LP800A,"57,240"
2394095,라이트컴 COMS BM-698,"10,320"
14331842,라이트컴 COMS DX756 버티컬 마우스,"21,500"
14171183,라이트컴 COMS JD169 유선 마우스,"2,300"
14883359,라이트컴 COMS JD170 게이밍 마우스,"3,450"
4010841,라이트컴 COMS JD961,"5,488"
14885762,라이트컴 COMS MI741 무선 버티컬 마우스,"6,664"
6484207,라이트컴 COMS NU495 블루투스 무선 마우스,"12,500"
6497539,라이트컴 COMS NU496,"12,500"
18779735,라이트컴 COMS RT683 무선 블루투스,"21,620"
18779771,라이트컴 COMS RT684 무선 블루투스,"21,620"
5918627,라이트컴 COMS TT420,"6,190"
2394149,라이트컴 COMS WE050,"9,700"
2394162,라이트컴 COMS WE051,"9,530"
1498049,라이트컴 COMS WM100,"3,510"
1581752,라이트컴 COMS WM200,"3,550"
2656955,라이트컴 COMS 블루투스 마우스 (BM-698),"11,690"
19564904,라이프썸 LFS-HA50 무선 블루투스,"18,300"
2885140,레노버 0B47170,"30,160"
18464528,레노버 4Y50R20864 무선,"14,900"
18710348,레노버 4Y50V81591 무선,"23,030"
28600988,레노버 540 USB-C 무선,"18,130"
17648075,레노버 600 블루투스 마우스,"해외구매_25,001"
15796799,레노버 GY50R91292 400 무선 마우스,"10,430"
18794567,레노버 GY50U59626 YOGA 무선 블루투스,"44,480"
28187960,레노버 Go USB-C 무선,"35,520"
19202069,레노버 LEGION M300s,"31,140"
18464897,레노버 LEGION M500,"28,990"
5748149,레노버 Laser Wireless Mouse 0A36188,"해외구매_59,830|정품_28,000"
28443092,레노버 씽크북 4Y50X88824 무선,"26,000"
13734683,레노버 씽크패드 블루투스 무소음 마우스 4Y50X88822,"21,400"
12280097,레노버 요가 마우스 with Laser,"52,990"
17799149,레드빈 A17M 무선 마우스,"14,110"
6583674,레드빈 A25R,"9,860"
15546260,레드빈 A37R 무선마우스,"블랙_27,000|화이트_28,600"
17798969,레드빈 A49R 무선 마우스,"27,370"
14921429,레토GMS HDI2000 짱구 피규어 무선마우스,"19,530"
15376460,로이체 미니언즈 무선 블루투스 마우스,"밥_24,900|스튜어트_18,420"
1184291,로지텍 B100,"10팩, 벌크_76,000|80팩, 벌크_633,000|병행수입_5,450|해외구매_6,900"
1629951,로지텍 B100 (정품),"6,890"
5623557,로지텍 B170,"병행수입_13,000"
3974248,로지텍 B170 (정품),"15,580"
2098855,로지텍 B175,"비공식유통_14,330|병행수입_10,500"
1791963,로지텍 B175 (정품),"15,910"
14019410,로지텍 ERGO M575,"병행수입_39,520|해외구매_48,890"
13373132,로지텍 ERGO M575 (정품),"41,600"
5062643,로지텍 G PRO,"해외구매_58,000"
5062633,로지텍 G PRO (정품),"83,220"
7653307,로지텍 G PRO HERO,"병행수입_65,900|비공식유통_79,600|해외구매_79,000"
6401866,로지텍 G PRO HERO (정품),"67,250"
7654369,로지텍 G PRO WIRELESS,"병행수입_97,500|해외구매_80,730|비공식유통_128,900"
6401910,로지텍 G PRO WIRELESS (정품),"138,780"
8106856,로지텍 G PRO WIRELESS + POWERPLAY (정품),"307,110"
24702848,로지텍 G PRO WIRELESS LOL 에디션,"비공식유통_148,590"
15870815,로지텍 G PRO WIRELESS LOL 에디션 (정품),"127,990"
13373660,로지텍 G PRO X SUPERLIGHT,"해외구매_108,190|병행수입_128,970|비공식유통_157,870"
13417079,로지텍 G PRO X SUPERLIGHT (정품),"블랙_139,000|레드_139,000|핑크_139,000|화이트_139,000"
17074241,로지텍 G PRO X SUPERLIGHT + POWERPLAY (정품),"319,890"
27947009,로지텍 G PRO X SUPERLIGHT + 호환 충전 독,"200,250"
28769153,로지텍 G PRO X SUPERLIGHT 2,"비공식유통_394,300|해외구매_274,040"
28481684,로지텍 G PRO X SUPERLIGHT 2 (정품),"블랙_287,040|핑크_299,000|화이트_199,000"
17261216,로지텍 G1,"병행수입_85,870|해외구매_15,940"
11317038,로지텍 G102 LIGHTSYNC,"벌크_19,940|병행수입_16,460|해외구매_17,900|비공식유통_21,170"
11211399,로지텍 G102 LIGHTSYNC (정품),"블랙_21,960|라일락_22,820|블루_20,500|화이트_20,930"
12731477,로지텍 G102 LIGHTSYNC + SSG-5 마우스패드,"벌크_42,680"
4647433,로지텍 G102 PRODIGY,"병행수입_22,800|벌크_26,860|해외구매_30,170|중고_10,970"
4603628,로지텍 G102 PRODIGY (정품),"블랙_25,800|화이트_34,200"
11173110,로지텍 G203 LIGHTSYNC,"해외구매_17,900|병행수입_41,850"
14712578,로지텍 G203 PRODIGY,"병행수입_33,470|해외구매_93,900"
3424861,로지텍 G300s,"해외구매_28,980"
4830967,로지텍 G302 DAEDALUS PRIME,"병행수입_58,980|해외구매_28,900|비공식유통_65,250"
15924095,로지텍 G303 SHROUD 에디션,"해외구매_169,000|비공식유통_79,990"
15906449,로지텍 G303 SHROUD 에디션 (정품),"78,770"
6442073,로지텍 G304 LIGHTSPEED WIRELESS,"병행수입_29,490|해외구매_18,800|비공식유통_26,110"
6143401,로지텍 G304 LIGHTSPEED WIRELESS (정품),"블랙_42,360|라일락_51,320|민트_47,500|블루_51,320|화이트_39,900"
15078254,로지텍 G304 LIGHTSPEED WIRELESS K/DA,"병행수입_49,900|비공식유통_56,340"
13793516,로지텍 G304 LIGHTSPEED WIRELESS K/DA (정품),"52,490"
4374584,로지텍 G402 Hyperion Fury,"병행수입_35,520|해외구매_24,480|비공식유통_43,960"
2786921,로지텍 G402 Hyperion Fury (정품),"45,990"
9253491,로지텍 G403 HERO,"해외구매_58,900|병행수입_63,900"
8332941,로지텍 G403 HERO (정품),"79,900"
4519546,로지텍 G403 PRODIGY (정품),"유선_84,900"
2144541,로지텍 G500s Laser,"병행수입_153,220"
7668142,로지텍 G502 HERO,"병행수입_36,370|해외구매_38,280|비공식유통_49,900"
6540504,로지텍 G502 HERO (정품),"96,980"
14688413,로지텍 G502 HERO K/DA 게이밍 마우스,"해외구매_51,670|병행수입_64,900|비공식유통_69,800"
13792352,로지텍 G502 HERO K/DA 게이밍 마우스 (정품),"99,250"
11897416,로지텍 G502 LIGHTSPEED WIRELESS,"해외구매_85,890|병행수입_77,980|비공식유통_247,520"
7956556,로지텍 G502 LIGHTSPEED WIRELESS (정품),"158,230"
8086405,로지텍 G502 LIGHTSPEED WIRELESS + POWERPLAY (정품),"308,770"
27946910,로지텍 G502 LIGHTSPEED WIRELESS + 호환 충전 독,"205,960"
3785512,로지텍 G502 RGB PROTEUS SPECTRUM (정품),"116,100"
13170323,로지텍 G502 SE HERO,"해외구매_36,610|병행수입_50,740"
18752153,로지텍 G502 X,"해외구매_55,300|병행수입_56,530|비공식유통_65,900"
17874794,로지텍 G502 X (정품),"블랙_90,380|화이트_89,690"
17864795,로지텍 G502 X LIGHTSPEED,"해외구매_104,200|병행수입_124,600"
13172862,로지텍 G502 X LIGHTSPEED (정품),"화이트_170,780|블랙_173,490"
27946670,로지텍 G502 X LIGHTSPEED + 호환 충전 독,"206,300"
27947183,로지텍 G502 X PLUS + 호환 충전 독,"정품_218,900|비공식유통_199,000"
21570266,로지텍 G502 X Plus,"해외구매_166,300|병행수입_127,060|비공식유통_195,670"
17874974,로지텍 G502 X Plus (정품),"화이트_169,000|블랙_169,000"
7702495,로지텍 G602,"병행수입_119,040|해외구매_304,920"
5684940,로지텍 G603 LIGHTSPEED WIRELESS,"병행수입_68,990|비공식유통_160,390"
5559545,로지텍 G603 LIGHTSPEED WIRELESS (정품),"95,000"
9971496,로지텍 G604 LIGHTSPEED WIRELESS,"해외구매_85,900|병행수입_72,500|비공식유통_190,460"
9598446,로지텍 G604 LIGHTSPEED WIRELESS (정품),"104,890"
6203870,로지텍 G703 + POWERPLAY (정품),"257,000"
15166589,로지텍 G703 HERO WIRELESS,"비공식유통_115,850|병행수입_86,330|해외구매_65,560"
8323521,로지텍 G703 HERO WIRELESS (정품),"69,000"
27946529,로지텍 G703 HERO WIRELESS + 호환 충전 독,"151,800"
5684838,로지텍 G703 LIGHTSPEED WIRELESS,"병행수입_59,210|비공식유통_66,890|해외구매_109,900"
5450663,로지텍 G703 LIGHTSPEED WIRELESS (정품),"109,647"
17691347,로지텍 G705 오로라 컬렉션,"해외구매_90,900|병행수입_114,070|비공식유통_129,000"
17640446,로지텍 G705 오로라 컬렉션 (정품),"화이트_79,000"
5339683,로지텍 G900 CHAOS SPECTRUM,"병행수입_164,590|해외구매_108,000"
6203940,로지텍 G903 + POWERPLAY (정품),"330,000"
13663016,로지텍 G903 HERO WIRELESS,"병행수입_95,590|비공식유통_118,900|해외구매_82,030"
8333343,로지텍 G903 HERO WIRELESS (정품),"113,620"
29481545,로지텍 G903 HERO WIRELESS + POWERPLAY,"비공식유통_339,050"
27983237,로지텍 G903 HERO WIRELESS + POWERPLAY (정품),"348,210"
27947291,로지텍 G903 HERO WIRELESS + 호환 충전 독,"223,900"
5499422,로지텍 G903 LIGHTSPEED WIRELESS,"병행수입_207,290|비공식유통_199,900|해외구매_83,670"
5443569,로지텍 G903 LIGHTSPEED WIRELESS (정품),"199,000"
21562883,로지텍 LIFT VERTICAL,"병행수입_73,000|비공식유통_76,180|해외구매_62,407"
16909604,로지텍 LIFT VERTICAL (정품),"그래파이트_79,000|로즈핑크_79,000|페일그레이_76,610"
17951681,로지텍 LIFT VERTICAL For Mac (정품),"78,210"
1254546,로지텍 M100,"병행수입_9,970"
1796628,로지텍 M100r (정품),"블랙_8,430|화이트_9,690"
1728106,로지텍 M105 (정품),"블랙_44,400"
28443965,로지텍 M110,"병행수입_13,350|해외구매_7,200"
6469138,로지텍 M110 (정품),"9,900"
5059586,로지텍 M170,"병행수입_9,000|비공식유통_9,500|해외구매_9,000"
3756673,로지텍 M170 (정품),"블랙_9,680|레드_9,890|핑크_9,900|화이트_9,900|블루_9,900"
4044650,로지텍 M171 (정품),"블루_19,600|그레이_12,900|레드_18,228"
4318965,로지텍 M185,"병행수입_9,890|해외구매_10,660|비공식유통_17,900"
1458995,로지텍 M185 (정품),"그레이_16,470|레드_16,440|블루_16,670"
19954388,로지텍 M186,"병행수입_12,490|해외구매_8,600"
3567472,로지텍 M186 (정품),"16,760"
5812447,로지텍 M187,"병행수입_15,300|해외구매_25,460"
1685837,로지텍 M187 (정품),"블루_15,670|레드_15,768|블랙_15,610"
11359977,로지텍 M187 + 큐닉스 GX120,"레드_18,000|블루_18,300"
12728225,로지텍 M190,"정품_18,780|병행수입_26,700"
4989509,로지텍 M220,"병행수입_12,020|해외구매_12,840"
14533895,로지텍 M221 SILENT,"병행수입_12,990|비공식유통_17,890|해외구매_15,290"
4554311,로지텍 M221 SILENT (정품),"블랙_18,470|블루_18,510|레드_18,510|파우더 핑크_18,510|퓨어 화이트_18,430"
8210548,로지텍 M235,"병행수입_14,260"
1460453,로지텍 M235 (정품),"블랙_21,490|레드_19,140|블루_24,900"
1888918,로지텍 M235U (정품),"레드_19,420|블랙_28,500|블루_23,000"
18992708,로지텍 M235n 무선 (정품),"블루_19,890|레드_19,620|블랙_19,660"
6151475,로지텍 M238 Fan Collection (정품),"14,800"
27473321,로지텍 M240 Silent 블루투스,"해외구매_17,300|병행수입_17,980|비공식유통_21,500"
20312480,로지텍 M240 Silent 블루투스 (정품),"그래파이트_19,570|퓨어화이트_19,570|로즈핑크_19,570"
6167874,로지텍 M280,"해외구매_15,460|병행수입_12,980|비공식유통_14,620"
2902192,로지텍 M280 (정품),"그레이_20,180|레드_20,180|블랙_17,980"
7680853,로지텍 M310,"병행수입_19,990"
2346044,로지텍 M310t (정품),"블루_34,820|실버_34,100"
1839374,로지텍 M325,"병행수입_14,850|해외구매_16,060"
1433304,로지텍 M325 (정품),"블루_71,300|라이트실버_38,100|블랙_47,400|핑크_35,000"
18992411,로지텍 M325s 무선 (정품),"29,410"
4989548,로지텍 M330,"병행수입_18,900|비공식유통_16,900|해외구매_14,920"
14772179,로지텍 M331,"해외구매_24,890|비공식유통_20,420"
13609553,로지텍 M331 (병행),"22,500"
4554259,로지텍 M331 (정품),"그레이_23,860|레드_23,850|블랙_22,910"
5790891,로지텍 M337,"병행수입_113,990"
11360031,로지텍 M337 + 큐닉스 GX120,"블랙_37,000|블루_36,700"
8177038,로지텍 M350 PEBBLE,"병행수입_17,710|해외구매_13,940|비공식유통_26,900"
8112502,로지텍 M350 PEBBLE (정품),"블랙_26,880|그린_26,880|라벤더_27,810|블루_26,890|샌드_28,140||"
28555382,로지텍 M350S (정품),"27,807"
1670411,로지텍 M510,"해외구매_85,290"
3973076,로지텍 M525,"병행수입_37,000"
3972174,로지텍 M557,"병행수입_64,980|비공식유통_80,420"
11360109,로지텍 M557 + 큐닉스 GX120,"블랙_42,300|화이트_42,100"
13794275,로지텍 M570,"병행수입_59,690"
7702498,로지텍 M585 Multi-Device,"병행수입_33,740"
5221849,로지텍 M585 Multi-Device (정품),"블랙_41,460|그레이_41,460|코랄_41,460"
5454075,로지텍 M590 Multi-Device,"병행수입_34,490|비공식유통_39,900|해외구매_24,190"
5365402,로지텍 M590 Multi-Device (정품),"42,400"
7702483,로지텍 M705,"벌크_37,380|병행수입_38,990|비공식유통_44,890|해외구매_35,520"
957623,로지텍 M705 (정품),"67,730"
5091593,로지텍 M720,"병행수입_35,950|해외구매_30,770|비공식유통_64,800"
4502153,로지텍 M720 (정품),"68,500"
15496502,로지텍 M90,"병행수입_5,660|해외구매_5,750|비공식유통_5,050"
1840345,로지텍 M90 (정품),"5,200"
7692241,로지텍 MX Anywhere 2S,"병행수입_59,840|해외구매_46,430"
5221938,로지텍 MX Anywhere 2S (정품),"74,740"
13650113,로지텍 MX Anywhere 3,"해외구매_66,820|병행수입_81,800|비공식유통_82,000"
12447830,로지텍 MX Anywhere 3 (정품),"94,040"
13649996,로지텍 MX Anywhere 3 for Mac,"병행수입_91,490|해외구매_160,380"
12447866,로지텍 MX Anywhere 3 for Mac (정품),"81,850"
16148114,로지텍 MX Anywhere 3 for Mac + ZIO H2 리시버,"94,080"
27473462,로지텍 MX Anywhere 3S,"해외구매_93,570"
20437625,로지텍 MX Anywhere 3S (정품),"93,980"
7702489,로지텍 MX ERGO,"병행수입_79,130|비공식유통_92,800"
5549020,로지텍 MX ERGO (정품),"148,990"
3971818,로지텍 MX MASTER,"병행수입_일시품절|해외구매_107,680"
5403538,로지텍 MX MASTER 2S,"벌크_73,430|병행수입_80,310|해외구매_69,880"
5221972,로지텍 MX MASTER 2S (정품),"106,340"
11174739,로지텍 MX MASTER 3,"병행수입_78,890|해외구매_87,330|중고_일시품절|비공식유통_127,280"
9524094,로지텍 MX MASTER 3 (정품),"103,270"
13619069,로지텍 MX MASTER 3 for Mac,"해외구매_70,940|병행수입_75,730"
12006329,로지텍 MX MASTER 3 for Mac (정품),"129,000"
16148219,로지텍 MX MASTER 3 for Mac + ZIO H2 리시버,"121,790"
20769455,로지텍 MX MASTER 3 light pack (정품),"79,000"
17159984,로지텍 MX Master 3S,"병행수입_95,810|비공식유통_128,890|해외구매_85,130"
17171645,로지텍 MX Master 3S (정품),"블랙_132,890|화이트_128,330"
27943004,로지텍 MX Master 3S For Mac,"비공식유통_128,330"
17951690,로지텍 MX Master 3S For Mac (정품),"스페이스 그레이_139,000|페일 그레이_139,000"
6517398,로지텍 MX VERTICAL,"병행수입_101,890|해외구매_81,150|비공식유통_106,800"
6517390,로지텍 MX VERTICAL (정품),"129,000"
7589533,로지텍 MX518,"해외구매_96,580"
15929279,로지텍 POP 마우스,"해외구매_26,900|병행수입_26,530"
15871493,로지텍 POP 마우스 (정품),"데이드림_34,650|블라스트_34,650"
3969777,로지텍 T630 Ultra-thin Touch,"해외구매_215,800"
312639,로지텍 Trackman Marble,"해외구매_218,500"
34696,로지텍 Trackman Marble (정품),"133,190"
29654993,로지텍 로지텍G G435 SE + G304 SE 무선 게이밍 콤보,"139,000"
16232087,로지텍 시그니처 M650,"해외 구매_32,400|병행 수입_34,670|비공식유통_33,190"
16221932,로지텍 시그니처 M650 (정품),"그래파이트_43,610|그래파이트L_43,770|로즈핑크_36,500|오프화이트_36,500"
18993410,마루느루 마운트뷰 프로젝터 에어 무선,"29,000"
7007410,마이크로닉스 MANIC E1S 무소음 무선 마우스,"블랙_5,900|민트_5,900|핑크_5,900"
10233435,마이크로닉스 MANIC E5S C-TYPE 멀티리시버 무소음 무선 마우스,"15,360"
11954411,마이크로닉스 MANIC E890 무선 마우스,"화이트_24,220"
6874417,마이크로닉스 MANIC G20M RGB 게이밍 마우스,"14,290"
5623487,마이크로닉스 MANIC G30 RGB 게이밍 마우스,"화이트_27,900"
6150354,마이크로닉스 MANIC G40 RGB PMW3360 게이밍 마우스,"20,730"
6407541,마이크로닉스 MANIC G70 Revolution 3360 게이밍 마우스,"39,000"
17386496,마이크로닉스 MANIC M630W 무소음 무선 마우스,"블랙_11,570|화이트_11,470"
11912743,마이크로닉스 MANIC MG201 RGB 초경량 게이밍 마우스,"13,300"
12009674,마이크로닉스 MANIC MG501 RGB 게이밍 마우스,"7,570"
16911320,마이크로닉스 MANIC MG530 RGB 게이밍 마우스,"블랙_21,000|화이트_21,000"
15398636,마이크로닉스 MANIC Z-G106 RGB 게이밍 마우스,"화이트_12,000"
14761673,마이크로닉스 MECHA ZM-1 RGB,"24,000"
19928030,마이크로닉스 WIZMAX M300 무선,"21,900"
21543725,마이크로닉스 WIZMAX W202TW 무선 블루투스,"블랙_13,710|화이트_13,710"
17816141,마이크로닉스 메카 ZM2 RGB 게이밍 마우스,"35,900"
16106951,마이크로닉스 모프 MM1 RGB 게이밍 마우스,"22,900"
16111250,마이크로닉스 워프 WM1 RGB 게이밍 마우스,"33,500"
17863268,마이크로닉스 워프 WM2 RGB 게이밍 마우스,"35,900"
14778641,머레이 BM-350 블루투스 마우스,"다크그레이_17,900|실버그레이_9,900"
15792308,머레이 BM-550 블루투스 버티컬 마우스,"38,000"
15791033,머레이 M-330 무선 마우스,"블랙_8,900|화이트_8,900"
27856322,머레이 MK-100 무선,"5,830"
15514919,모가비 MOG-115 블루투스 마우스,"블랙_15,330|핑크_15,600|화이트_14,500"
6150457,몬스타 데빌스킬 AKM 게이밍 마우스,"7,940"
28646462,몬스타 몬스타기어 AKM,"9,900"
27807161,몬스타 몬스타기어 CREW G,"14,890"
27807407,몬스타 몬스타기어 CREW GX 유무선,"29,790"
11281713,몬스타 몬스타기어 M416 클래식 RGB 게이밍 마우스,"6,900"
6541583,몬스타 몬스타기어 그로자 G1 커스텀 매크로 게이밍 마우스,"15,900"
6541698,몬스타 몬스타기어 그로자 G3 커스텀 매크로 게이밍 마우스,"블랙_23,900|건메탈_23,900"
9482868,몬스타 몬스타기어 그로자 G5 매크로 게이밍 마우스,"블랙_15,800|화이트_15,800"
5543304,몬스타 몬스타기어 데빌스킬 GUTS3360 하이엔드 FPS RGB 게이밍 마우스,"23,900"
6157079,몬스타 몬스타기어 데빌스킬 M416 매크로 게이밍 마우스,"화이트_14,900|건메탈_14,900"
6105255,몬스타 몬스타기어 데빌스킬 SWAG3050 매크로 FPS RGB 게이밍 마우스,"화이트_15,900|블랙_15,900"
5658458,몬스타 몬스타기어 데빌스킬 SWAG3325 매크로 FPS RGB 게이밍 마우스,"매트 블랙_21,000|테프론블랙_21,000|화이트_21,000"
6105198,몬스타 몬스타기어 데빌스킬 SWAG3360 매크로 FPS RGB 게이밍 마우스,"25,900"
6468598,몬스타 몬스타기어 데빌스킬 스카 매크로 게이밍 마우스,"27,500"
7077235,몬스타 몬스타기어 데빌스킬 코카트리스 RGB 게이밍 마우스,"19,900"
7176805,몬스타 몬스타기어 벡터 KC2-C RGB 게이밍 마우스,"29,900"
16704176,몬스타 몬스타기어 크루 Gpro,"12,900"
29490575,몬스타기어 CREW GT,가격비교예정
29654504,몬스터파워 쿨,"18,770"
2872351,미라클 K7 USB,"2,090"
11021904,버바팀 Rechargeable Wireless Mouse,"블루_20,000|화이트_18,000"
20682407,벤타론 매그니토 블루투스,"33,080"
7866544,브로스앤컴퍼니 파우트 HANDS4 충전식 무선 마우스,"블랙_20,210|화이트_42,950"
5495330,비프렌드 G2 리자드 3360 게이밍 마우스,"PC방, 벌크_26,800"
4581241,비프렌드 G2S PLUS 게이밍 마우스,"15,480"
27804833,비프렌드 MA003 무선,"블랙_6,590|화이트_6,600"
3513036,비프렌드 아이매직 GMOUSE2 GAMING,"20,140"
26424569,삼성전자 AA-MW1D5WB,"벌크_6,490"
14031305,삼성전자 AA-SM7PCPB (중고),"5,300"
2475643,삼성전자 AA-SM8PWBB,"정품_35,800"
16747031,삼성전자 EJ-M3400 슬림 블루투스 마우스,"블랙_33,010|실버_33,010"
14537294,삼성전자 SM-B1100W,"19,500"
16881107,삼성전자 SM-M1000Q 무선 블루투스,"화이트_21,900|블랙_21,900|핑크_21,900"
19882979,삼성전자 SM-M1300QB 무선 블루투스,"39,900"
28803110,삼성전자 SM-M1400QB 무선 블루투스,"38,900"
19105205,삼성전자 SM-MG100B 무선 블루투스,"28,410"
18518519,삼성전자 SM-R1200 무선,"허니듀_16,900|라벤더블러쉬_16,900|라이트스틸블루_16,900|엘리스블루_16,900"
19362794,삼성전자 SM-UG100B,"29,900"
3330057,삼성전자 SMB-1000BS,"22,900"
16015034,삼성전자 SMB-1000WS 무선 마우스,"24,900"
1616167,삼성전자 SMH-200UB,"18,700"
551019,삼성전자 SMH-210UB,"13,760"
1060526,삼성전자 SMH-3100UB,"16,060"
4110898,삼성전자 SMH-5110UB,"13,800"
1813107,삼성전자 SMH-5700UB,"13,990"
1023696,삼성전자 SML-210PB 게이밍,"14,390"
1284521,삼성전자 SMO-3500B,"28,644"
3702478,삼성전자 SMO-3550B,"18,800"
5038903,삼성전자 SMO-3600B,"22,290"
16016294,삼성전자 SMO-3600W,"20,700"
5782824,삼성전자 SPA-JMA1PUB,"9,000"
6436192,삼성전자 SPA-JMA1PUW 유선 마우스,"9,000"
7438417,삼성전자 SPA-KMA1PRB 무선 마우스,"24,410"
6273340,삼성전자 SPA-KMA2PR 무선 마우스,"블루_17,900|그레이_24,770|블랙_17,890|핑크_17,900"
7095169,삼성전자 SPA-KMA3PBW 블루투스 마우스,"18,749"
12691835,삼성전자 SPA-KMA4PRB 무소음 무선 마우스,"15,900"
7065088,삼성전자 SPA-KMA5PR 무소음 무선 마우스,"20,367"
7405516,삼성전자 SPA-KMG1PUB 게이밍 마우스,"33,480"
11011746,삼성전자 SPA-MMG1PUB,일시품절
13164953,삼성전자 SPA-NMA1PMB,"24,500"
13844372,삼성전자 SPA-NMA1PMS,"26,680"
17706686,상도아이앤티 ANYZONE ANY-1 무소음 블루투스 마우스,"블랙_20,570|화이트_20,570"
17668625,상도아이앤티 ANYZONE ANY-2 무소음 버티컬 마우스,"21,000"
8100667,상도아이앤티 ANYZONE G120 EFREET 게이밍 마우스,"9,500"
8100478,상도아이앤티 ANYZONE G150 BAPHOMET 게이밍 마우스,"14,300"
7313182,상도아이앤티 ANYZONE SMOC-2000WX COMBO,"3,900"
8106163,상도아이앤티 ANYZONE SMOC-2000WX PS/2,"5,110"
7313431,상도아이앤티 ANYZONE WM-310 무선 마우스,"블랙_9,790|화이트_9,800"
12597953,상도아이앤티 ANYZONE WM-BT100 블루투스 마우스,"블랙_11,900|화이트_11,900"
12296924,상도아이앤티 ANYZONE 저소음 무선 마우스 WM-500,"블랙_8,900|화이트_8,900"
16461275,상도아이앤티 T-SONIC M1,"1,600"
6180493,샤오미 Jesis J1 스마트 지문인식 마우스,"블랙_29,900"
14259116,샤오미 듀얼 모드 무선마우스2,"화이트_17,900|블랙_17,900"
4690857,샤오미 블루투스 무선 듀얼 마우스 (해외구매),"19,230"
7011133,샤칸 XG300R 게이밍 마우스,"6,000"
14612066,서원씨엔케이 니니즈 무선마우스,"죠르디_14,600|스카피_13,830"
10329972,서원씨엔케이 카카오프렌즈 KF 무선 마우스,"라이언_13,520|어피치_13,520"
17733626,서진네트웍스 FX-300D 무선 마우스,"블랙_5,800|화이트_5,800"
7107157,서진네트웍스 FX-300D 블루투스 무선 마우스,"블랙_8,300|화이트_8,300"
17666687,서진네트웍스 UNICORN FX-350D,"8,900"
12989954,서진네트웍스 UNICORN FX-500B,"블랙_15,900|화이트_15,900"
13514849,서진네트웍스 UNICORN FX-600B 무선 버티컬 마우스,"22,900"
13629122,세컨드찬스 GEEKSTAR GM500 게이밍 마우스,"핑크_14,229|블루_14,229"
6950158,세컨드찬스 GEEKSTAR GM900 3325 RGB 게이밍 마우스,"화이트_14,400"
12499259,세컨드찬스 MKM 마블 카와이 어벤져스 무선 마우스,"아이언맨_13,500|스파이더맨_일시품절|캡틴아메리카_17,190"
6535045,센스필 BBmouse MS37 햅틱 게이밍 마우스,"38,800"
6534798,센스필 BBmouse MS37R 햅틱 게이밍 마우스,"49,000"
6534759,센스필 BBmouse SM35 햅틱 게이밍 마우스,"143,990"
2839309,소믹 G5 게이밍 마우스,"레드_15,480|블랙_15,480"
20731622,스마트바이 INON IN-MO010,"13,900"
17401745,스위프트포인트 프로포인트 마우스,"해외구매_189,930"
12989120,스카이디지탈 NKEY J100 게이밍 마우스,"11,890"
14566586,스카이디지탈 NKEY J300 게이밍 마우스,"21,990"
12114062,스카이디지탈 NMOUSE 4K REMASTER 게이밍 마우스,"22,500"
6154771,스카이디지탈 SKY C10 게이밍 마우스,"블랙_4,300|네이비_3,300|다크그레이_3,300"
27860882,스카이디지탈 W Zero 무선,"5,800"
9318816,스카이디지탈 WL3 무선 마우스,"9,900"
12988961,스카이디지탈 Wzero 무선 마우스,"5,800"
6861571,스카이디지탈 메카닉 GO90 게이밍 마우스,"30,000"
15706307,스틸시리즈 Aerox 3,"98,010"
17159102,스틸시리즈 Aerox 3 ONYX,"98,010"
18651089,스틸시리즈 Aerox 3 Snow,"92,900"
15707186,스틸시리즈 Aerox 3 Wireless Ghost,"319,700"
17158853,스틸시리즈 Aerox 3 Wireless ONYX,"149,000"
15706250,스틸시리즈 Aerox 3 Wireless Snow,"147,510"
16918811,스틸시리즈 Aerox 5,"114,900"
17080967,스틸시리즈 Aerox 5 Wireless,"179,000"
20381438,스틸시리즈 Aerox 5 무선 디아블로 4 에디션,"해외구매_201,420"
16917233,스틸시리즈 Aerox 9 Wireless,"정품_176,910"
14467604,스틸시리즈 PRIME,"89,000"
15707876,스틸시리즈 PRIME Mini,"85,380"
15708593,스틸시리즈 PRIME Mini Wireless,"정품_93,450"
14741300,스틸시리즈 PRIME Wireless,"99,000"
14467802,스틸시리즈 PRIME+,"109,000"
28269470,스틸시리즈 Qck Heavy XXL Diablo 4 Edition,"78,210"
10556220,스틸시리즈 RIVAL 3,"46,900"
5832285,스틸시리즈 RIVAL 310,"해외구매_67,000"
14380064,스틸시리즈 RIVAL 5,"89,000"
5926421,스틸시리즈 RIVAL 600 RGB 게이밍 마우스,"해외구매_160,490"
12560720,스틸시리즈 Rival 3 Wireless,"79,000"
9662019,스틸시리즈 SENSEI TEN,"정품_89,000|해외구매_110,320"
2110678,시드넷 Zizzy ZM7,"2,480"
13782428,써멀테이크 ARGENT M5 RGB 게이밍 마우스,"67,000"
16445636,써멀테이크 Level 20 RGB 게이밍 마우스,"93,000"
5646024,아이리버 BUBBLE IR-M10 유선 마우스,"레드 블랙_15,030|민트 블루_15,030|베이비 핑크_15,030"
14714642,아이리버 EQWEAR-MVM5 무선 블루투스 마우스,"블랙_24,087|핑크_24,087|화이트_24,087"
14031101,아이리버 EQWEAR-MVM7,"블랙_25,800|핑크_25,800|화이트_25,800"
27726119,아이리버 EQWEAR-Semi Vertical Lt1 무선 블루투스,"블랙_48,000|화이트_48,000"
14713778,아이리버 EQWEAR-V150 무선 푸딩 마우스,"블랙_16,900|핑크_16,900|화이트_11,250"
6473822,아이리버 EQwear-B20 블루투스 무소음 무선 마우스,"블랙_8,750|핑크_16,990|화이트_16,990"
6629944,아이리버 EQwear-EV1 버티컬 무선 마우스,"블랙_29,990|레드_29,990|핑크_29,990"
14234645,아이리버 EQwear-EV3 버티컬 무선 마우스,"블랙_32,980|화이트_32,980"
28884170,아이리버 EQwear-Gentleman Vertical Grip EV19 무선,"블랙_24,900|화이트_24,900"
28866482,아이리버 EQwear-Lady Vertical Grip EV15 무선,"블랙_24,900|화이트_24,900"
12055544,아이리버 EQwear-MVM9,"블랙_25,700|화이트_25,700"
14045324,아이리버 EQwear-QV7,"블랙_15,050|민트그린_11,900|스카이블루_15,050|핑크_11,900|화이트_15,050"
6539090,아이리버 EQwear-T1 옵티컬 유선 마우스,"블랙_5,900|화이트_5,890"
6477095,아이리버 EQwear-V10 무소음 무선 마우스,"블랙_12,990|핑크_12,990|화이트_12,990"
6466746,아이리버 EQwear-V30 무선 마우스,"블랙_16,900|레드_16,900|화이트_16,900"
15082946,아이리버 EQwear-V40 무선 마우스,"블랙_16,900|플럼_15,710|화이트_16,900"
5517061,아이리버 IR-M1 Mute,"로즈골드_12,500|블랙_9,990|코발트블루_12,500|화이트_9,990"
4820274,아이리버 IR-M1000,"블랙_39,900|블랙 로즈골드_7,180|화이트 로즈골드_3,380"
4820320,아이리버 IR-M2000,"블랙_14,220|로즈골드_4,920|화이트_13,280"
4820355,아이리버 IR-M5000,"블랙 골드엣지_8,900|화이트 실버엣지_23,790|화이트 핑크엣지_23,790"
4814086,아이리버 IR-WM1500,"로즈골드_14,900|블랙_14,900|코발트블루_14,900|화이트_14,900"
4820510,아이리버 IR-WM5500,"로즈골드_13,000|블랙 골드엣지_12,990|코발트블루_13,000|화이트 골드엣지_12,990"
4820591,아이리버 IR-WM7500,"블랙_10,900|핑크_9,500"
17587364,아이리버 JL-WM50 아이리버 x 진로 무소음 무선 마우스,"블루 두꺼비_17,300|핑크 두꺼비_17,300"
15337484,아이리버 MEDIC-EM1 항균 무선 버티컬 마우스,"블랙_32,990|화이트_32,980|핑크_32,990"
15340565,아이리버 MEDIC-M1 항균 유선 무소음 마우스,"블랙_7,990|화이트_7,990"
17410946,아이리버 MEDIC-MB1 항균 무선 블루투스 마우스,"젯블랙_23,800|스모키그린_23,800|트루라벤더_23,800|퓨어화이트_23,800"
15277388,아이리버 MEDIC-WM1 항균 무선 마우스,"블랙_10,000|화이트_11,780"
15340532,아이리버 MEDIC-WM3 항균 무소음 무선 마우스,"블랙_12,890|화이트_12,890|핑크_12,900"
17292044,아이리버 MEDIC-WM5 항균 무소음 무선 마우스,"젯 블랙_17,856|밀키 핑크_17,856|시에라 블루_17,856|크림 레몬_17,856|트루 라벤더_17,856"
17027600,아이리버 Medic-EM3 항균 무소음 버티컬 마우스,"블랙_39,990|화이트_39,990|핑크_39,990|민트 블루_39,990"
12784280,아이리버 미니언즈 무선마우스 IMM-B01,"10,900"
12784313,아이리버 미니언즈 무선마우스 IMM-O01,"10,900"
3023325,아이온코리아 BERZIL BOSS-M8,"블랙_4,940|화이트_4,940"
2879188,아이온코리아 BOSSWIZ AN-9031,"블랙_4,200|스카이블루_4,400"
3567009,아이온코리아 BOSSWIZ BM-326,"Black_12,900|White_12,900"
14092793,아이온코리아 BOSSWIZ BOS-COMBO,"블랙_28,190|화이트_38,290"
3158131,아이온코리아 BOSSWIZ BOSS-M15,"6,900"
2763686,아이온코리아 BOSSWIZ BTS-M700,"9,100"
14949053,아이온코리아 BOSSWIZ VT24G 무선 버티컬 마우스,"32,050"
5880770,아이온코리아 PLANTIUM PLANTIUM V25,"22,270"
12743333,아이온코리아 PLANTIUM V25 저소음 USB,"3,690"
15457460,아이존아이앤디 EZ WML4 LED 저소음 무선마우스,"블랙_6,230|화이트_6,090"
13673111,아이존아이앤디 EZ-WVM6 무선 버티컬 마우스,"블랙_9,770|화이트_9,730"
14681837,아이코다 NM-850,"1,640"
28618379,아이티플러스 스마트 옵티컬,"1,210"
15953273,아이피엑스 춘식이 무선마우스,"미소_14,840|열심_14,840"
20703353,알카트로즈 ASIC6 + SEEH-100,"화이트 그레이_6,930|화이트 블루_6,930"
20703686,알카트로즈 ASIC7 RGB FX LED + SEEH-100,"블랙_7,880|화이트_7,880"
20702591,알카트로즈 SHARK + SEEH-100,"블랙 블루_7,670|블랙 오렌지_7,670|화이트 그레이_7,670|화이트 그린_7,670|화이트 레드_7,670||"
20707250,알카트로즈 Stealth Air 3 + SEEH-100,"그레이_9,910|레드_9,860"
17203622,알텍랜싱 ALBM7124,"4,200"
15169949,알텍랜싱 ALBM7204 유선 마우스,"4,600"
15779495,알텍랜싱 ALBM7244 유선 마우스,"블랙_4,890"
15132980,알텍랜싱 ALBM7314 저소음 무선 마우스,"블랙_5,830|화이트_5,700|민트_5,830|핑크_5,830"
15103913,알텍랜싱 ALBM7444 유선 버티컬 마우스,"22,990"
15086186,알텍랜싱 ALBM7624 무선 버티컬 마우스,"9,790"
15378665,알텍랜싱 ALGM9414 유선 게이밍 마우스,"블랙_10,893"
17203655,알텍랜싱 ALGM9525 게이밍 마우스,"8,920"
10577991,알파스캔 AOC GM500 게이밍 RGB 마우스,"32,890"
13544165,앤커 2020 버티컬 무선마우스 A7852,"29,900"
20676251,앤트앤비 M203 무선 블루투스,"28,890"
29483684,앱코 A661 3325 프로페셔널 게이밍,"29,890"
12736826,앱코 A810 3327 RGB 피어스 게이밍 마우스,"32,760"
15338291,앱코 ABKONCORE A530 3325 RGB 스펙트럼 게이밍 마우스,"14,900"
15367712,앱코 ABKONCORE A660 3325 RGB 게이밍 마우스,"15,230"
15337700,앱코 ABKONCORE A900 3389 RGB 스펙트럼 게이밍 마우스,"19,760"
15338768,앱코 ABKONCORE AM6 RGB 스펙트럼 게이밍 마우스,"블랙_7,220"
15338684,앱코 ABKONCORE AM8 RGB 스펙트럼 게이밍 마우스,"6,500"
15338186,앱코 ABKONCORE M30 RGB 스펙트럼 게이밍 마우스,"블랙_18,140"
9494652,앱코 AEM20 인체공학 버티컬 유선 마우스,"35,090"
28890329,앱코 APM01 저소음 3MODE 무선,"16,500"
9284352,앱코 BEETLE 저소음 무선 마우스,"그레이_5,900|레드_5,900|블루_5,900|화이트_5,900"
6151999,앱코 BRAIN WM300 무선 마우스,"블랙_7,500|화이트_7,500"
1440324,앱코 GAMING M4 MOUSE PLUS USB,"8,300"
13229927,앱코 H1 쉘체인저 게이밍 마우스,"18,290"
15730544,앱코 H100 무선 게이밍 마우스,"블랙_37,590|화이트_106,130"
18426380,앱코 H150A 유무선 게이밍 마우스,"블랙_75,000|화이트_75,000"
6113899,앱코 HACKER A100 레인보우 LED 게이밍 마우스,"9,400"
8025658,앱코 HACKER A200 3050 RGB 게이밍 마우스,"블랙_일시품절|화이트_19,900"
18052628,앱코 HACKER A200 3327 RGB 게이밍 마우스,"블랙_19,900|화이트_19,900"
12014483,앱코 HACKER A230 3325 RGB 게이밍 마우스,"블랙_21,900|화이트_21,900"
9268077,앱코 HACKER A250 3050 RGB 게이밍 마우스,"블랙_23,310|화이트_19,900"
10913748,앱코 HACKER A250W 3335 RGB 무선 게이밍 마우스,"블랙_29,900|화이트_29,900"
6312542,앱코 HACKER A530 3325 RGB 게이밍 마우스,"블랙_14,890|화이트_21,590"
9533637,앱코 HACKER A530 3389 RGB 게이밍 마우스,"블랙_19,900|화이트_22,350"
5398119,앱코 HACKER A660 3325 프로페셔널 게이밍 마우스,"블랙_19,000|화이트_27,000|핑크_29,900"
5428670,앱코 HACKER A660 3360 하이엔드 게이밍 마우스,"블랙_29,980|화이트_26,900"
4184248,앱코 HACKER A700 하이엔드 게이밍 마우스,"41,950"
10467912,앱코 HACKER A800 3389 초경량 RGB 게이밍 마우스,"블랙_17,900|핑크_17,900"
6382688,앱코 HACKER A900 3325 RGB 게이밍 마우스,블랙_일시품절|화이트_일시품절
6304564,앱코 HACKER A900 3389 RGB 게이밍 마우스,"블랙_일시품절|화이트_17,600"
9412011,앱코 HACKER MA10 with PAD 마우스 패드 세트,"15,580"
10130262,앱코 HACKER 리플렉스 3335 RGB 무선 게이밍 마우스,"블랙_196,080|화이트_일시품절"
27924587,앱코 MELLO 멀티 페어링 무소음 무선,"크림 블루_12,900|라일락_12,900|파스텔 핑크_12,900"
11358276,앱코 WEM300 버티컬 인체공학 OLED 무선 마우스,"39,100"
12758453,앱코 WEM40 버티컬 인체공학 무선 마우스,"21,100"
16075913,앱코 WEM500 PRO 버티컬 무선 블루투스 마우스,"38,000"
9504330,앱코 WM300 ANTIQUE 양손 무선 마우스,"6,900"
12583301,앱코 WM350 저소음 무선 블루투스 마우스,"19,000"
9257139,앱코 WM400 무선 마우스,"5,900"
9278595,앱코 WM410 무선 마우스,"6,500"
12583514,앱코 WM450 저소음 무선 블루투스 마우스,"31,510"
13581038,앱코 WM550 무소음 무선 블루투스 마우스,"블랙_16,500"
9504513,앱코 WM80 LED 무선 마우스,"14,700"
7151380,앱코 양손 무선 마우스 무민에디션,"레드_11,900"
20675756,에스투비코퍼레이션 저스트포유 슈프림 무선,"21,900"
13973543,에이데이타코리아 DDZONE DM-1100BT,"블랙_8,900|화이트_8,500"
860823,에이데이타코리아 DDZONE DM-220U Plus,"레드_3,410|블랙_3,410|블루_3,410|실버_3,410"
1359411,에이데이타코리아 DDZONE DM-330,"1,750"
11234451,에이데이타코리아 DDZONE DM-5000 유선 마우스,"3,190"
2815285,에이데이타코리아 DDZONE DM-710,"2,230"
2955237,에이데이타코리아 DDZONE DM-G3 chameleon 게이밍 마우스,"5,718"
20644058,에이데이타코리아 DDZONE DM-G7,"블랙_4,060|화이트_4,900"
3365576,에이데이타코리아 DDZONE DM-W100,"레드_5,450|블랙_5,290|화이트_5,060"
14965862,에이데이타코리아 DDZONE DM-W200 무선 마우스,"블랙_5,067|화이트_5,067"
3948328,에이데이타코리아 DDZONE DM-W2000,"6,960"
7614841,에이데이타코리아 DDZONE DM-W4000 무소음 마우스,"4,890"
14537939,에이투 AG0101,"23,240"
16218728,에이투 AG0102,"36,900"
18324629,에이투 AG0103,"29,190"
20737784,에이투 AG0104,"29,800"
17820707,에이투 AG0201,"15,900"
18371450,에이투 AG0202 무선,"15,900"
14779535,에이픽스게이밍 GM004 게이밍 마우스,일시품절
13165769,에이픽스게이밍 VM001,"17,100"
18738365,에이픽스게이밍 VM002 무선 블루투스,"21,750"
18252203,엑스트리파이 M4 Wireless,"블랙_90,440|화이트_90,440"
14783696,엑스트리파이 M4 마우스,"블랙_79,000|레드_52,930|화이트_60,040|블루_60,040|핑크_79,000|"
17548487,엑스트리파이 M42 RGB WIRELESS,"해외구매_162,460"
14788832,엑스트리파이 M42 마우스,"블랙_79,000|레트로_60,040|블루_79,000|핑크_60,040|화이트_79,000"
20257760,엑스트리파이 M42 유무선,"화이트_93,140|블랙_90,440"
18518183,엑스트리파이 M8,"블랙_113,240|레트로_113,240|프로스티 민트_143,400|프로스티 퍼플_113,240|화이트_113,240"
18042650,엑스트리파이 MZ1 RGB Wireless,"블랙_101,840|화이트_185,900"
14784821,엑스트리파이 MZ1 게이밍 마우스,"블랙_151,480|화이트_114,000"
27948143,엔드게임기어 OP1WE 유무선,"블랙_111,800|화이트_111,800"
29375753,엔보우 NG09 무선,"블랙_32,900|화이트_32,900"
14270198,엘레컴 DEFT Pro 트랙볼 마우스 (해외구매),"79,200"
14313428,엘레컴 M-CCP1BB 캡클립 PRO,"블랙_51,760|레드_일시품절|화이트_51,760"
17504678,엘레컴 M-HT1DRBK,"정품_100,130|해외구매_69,990"
5791903,엘레컴 M-HT1URBK,"69,490"
5215345,엘레컴 M-XGL10DBS,"레드_38,000|블랙_38,000"
5216117,엘레컴 M-XGL10UB,"블랙_16,750"
5216172,엘레컴 M-XGL10UBS,"블랙_26,260"
5215401,엘레컴 M-XGM10DBS,"레드_35,900|블랙_38,000"
20675267,엘레컴 M-XGM15BBS 블루투스,"화이트 페이스_47,660|건메탈릭_47,660"
5215449,엘레컴 M-XGS10DBS,"레드_38,000|블랙_38,000"
20731313,엘레컴 M-XPT1MRBK 유무선,"95,500"
4042616,엘레컴 M-XT2DRBK,"71,870"
4052045,엘레컴 M-XT2URBK,"67,490"
18301871,엘레컴 M-XT4DRBK-G,"해외구매_38,900"
18301826,엘레컴 M-XT4DRBK-G 왼손전용,"해외구매_58,780|정품_57,900"
18949574,엘투리버스 For LG LGA-MARK7,"블랙_24,000|화이트_24,000"
18917027,엘투리버스 For LG LGA-MARK8,"24,000"
15188027,엠디디지탈 NOTE_5080LPI,"블루_41,900|레드_38,150"
28056545,엠피지오 스케치몬빅 전자노트,"41,900"
20764808,와이즈아울 OGM PRO 무선 게이밍,"110,000"
27366071,와이즈아울 OGM PRO 무선 게이밍 프로스트 블루,"129,000"
13807079,웨이코스 씽크웨이 CROAD BOB M1 마우스,"38,440"
13805681,웨이코스 씽크웨이 CROAD M1 PRO 유무선마우스,"51,180"
28422206,웨이코스 씽크웨이 VGN F1 PRO 유무선,"98,800"
29402138,웨이코스 씽크웨이 VGN F1 유무선,"59,900"
6958480,위아이엠 Vgear M1,"10,620"
6958594,위아이엠 Vgear M1 Pro,"16,040"
20723174,위즈굿 만듦 DM024,"8,540"
7900897,유지테크 UG-16W EXPERT,"347,000"
6502973,유지테크 UGEE UG-22 pro2 special,"625,330"
16514753,이기자 파블로테크 Coast 12 Pro,"309,000"
16514876,이기자 파블로테크 Coast 16 Pro,"489,000"
28084454,이기자 파블로테크 Coast 22 Pro,"587,080"
16515722,이기자 파블로테크 Intangbo M,"69,700"
16515767,이기자 파블로테크 Intangbo S,"53,600"
28084082,이기자 파블로테크 Ninos N10,"블랙_80,700|블루_80,700"
28084274,이기자 파블로테크 Ninos N10B,"블랙_84,700"
28083689,이기자 파블로테크 Ninos N7,"블랙_51,050|블루_51,050"
1424826,이메이션 PCM-80,"27,000"
20188658,이메이크 MC1,"5,620"
20188586,이메이크 MW1 무선,"9,900"
20049692,이스트라 이스케치 일러스트 16 케리온,"378,800"
18794291,이스트라 이스케치 일러스트22 케리온,"498,800"
11370948,이썬테크 Goods 오피스 WM610 저소음 무선 마우스,"블랙_12,000|화이트_13,000"
2386431,이음전산 스마텍 STM-1000,"블랙_6,790"
7898668,이음전산 스마텍 STM-2000,"블랙_7,990|민트_15,380|핑크_7,990|화이트_7,000"
15551195,이음전산 스마텍 STM-BT102 블루투스 마우스,"블랙_14,160|화이트_14,160"
18320936,이음전산 스마텍 STM-BT2000,"블랙_8,990|화이트_8,990"
26421578,이음전산 스마텍 STM-BT3000 무선 블루투스,"11,400"
15550928,이음전산 스마텍 STM-V1000 무선 버티컬마우스,"9,900"
20678792,이음전산 스마텍 STM-V2000 무선 블루투스,"26,910"
28132025,이지드로잉 지니,"88,000"
15647864,이큐웨어 이큐메딕 Sanitize-BM1 항균 듀얼 블루투스 무선 마우스,"블랙_17,400|화이트_17,400|핑크_17,400"
15645734,이큐웨어 이큐메딕 Sanitize-M1 항균 무소음 마우스,"블랙_5,900|화이트_5,900"
15645908,이큐웨어 이큐메딕 Sanitize-M3 항균 무소음 마우스,"블랙_9,900|화이트_9,900"
15647900,이큐웨어 이큐메딕 Sanitize-M5 항균 무소음 버티컬 마우스,"블랙_13,900"
15646220,이큐웨어 이큐메딕 Sanitize-WM1 항균 무소음 무선 마우스,"블랙_9,900|화이트_9,900"
15651368,이큐웨어 이큐메딕 Sanitize-WM3 항균 무소음 무선 마우스,"블랙_12,900|화이트_12,900|핑크_12,900"
15651536,이큐웨어 이큐메딕 Sanitize-WM5 항균 무소음 무선 버티컬 마우스,"블랙_19,400"
15647822,이큐웨어 이큐메딕 Sanitize-WM7 항균 무소음 무선 마우스,"블랙_11,400|민트_11,400|오렌지_11,400|퍼플_11,400|핑크_11,400|"
18590321,이큐웨어 이큐메딕 유미의세포들 항균,"블루_17,300|핑크_17,300"
14156930,인데나 IND-M200GB 무선마우스,"블랙_20,680"
15417806,인데나 IND-M618GB 무소음 무선 블루투스 버티컬마우스,"29,700"
19239407,인켈 IK-WAM01 무선,"블랙_8,700|그레이_8,700"
17646578,자이온 ZY-BTM900,"블랙_8,910|화이트_8,910"
3141976,잘만 V3 Alarm Mouse Plus,"7,040"
4906236,장은테크 Mine-JP270QH,"899,000"
6462314,장은테크 NOBLE PRO 220,"1,054,900"
3279992,정현씨앤씨 디콤 PERSEUS GM-1,"21,170"
13118150,제닉스 STORMX GM3 게임용 게이밍 마우스,"69,890"
2167195,제닉스 STORMX M1,"박스_11,790|벌크_11,760"
20125601,제닉스 STORMX VM1 무선,"블랙_22,227|핑크_22,227|화이트_22,227"
13590434,제닉스 STORMX VM2 BT 무선 저소음 버티컬 마우스,"31,790"
11517104,제닉스 STORMX VM2 무선 무소음 버티컬 마우스,"블랙_25,870|화이트_25,870"
7191580,제닉스 STORMX VM3 무선 블루투스 버티컬 마우스,"블랙_35,900|화이트_35,900"
17795597,제닉스 STORMX VM3 왼손 무선 버티컬 마우스,"44,420"
18221657,제닉스 STORMX WM1 무선 마우스,"화이트_9,890|블랙_9,900"
11517275,제닉스 STORMX WM2 무소음 무선마우스,"12,900"
10594413,제닉스 TITAN G AIR,"블랙_49,000|화이트_46,990"
15751949,제닉스 TITAN G AIR SE WIRELESS,"블랙_50,620|화이트_53,260"
11536076,제닉스 TITAN G AIR wireless 타공 무선 게이밍 마우스,"64,900"
9693162,제닉스 TITAN G MINI 게이밍 마우스,"블랙_30,700|화이트_35,900"
7191457,제닉스 TITAN G 게이밍 마우스,"블랙_39,900|화이트_39,900"
16031138,제닉스 TITAN GA AIR WIRED,"26,910"
21574769,제닉스 TITAN GC WIRELESS 유무선,"99,000"
16365803,제닉스 TITAN GE AIR WIRELESS 게이밍 마우스,"블랙_43,650|화이트_43,650"
14074859,제닉스 TITAN GM AIR WIRELESS 타공 게이밍 마우스,"블랙_59,900|화이트_59,900"
16367327,제닉스 TITAN GS AIR WIRELESS 무선 충전 게이밍 마우스,"블랙_64,900|화이트_64,900"
17914193,제닉스 TITAN GT AIR 타공 무선 게이밍 마우스,"블랙_56,070|화이트_56,070"
16365311,제닉스 TITAN GV AIR 타공 무선 게이밍 마우스,"블랙_58,900|화이트_58,900"
12438107,제닉스 TITAN GX AIR,"블랙_29,000|화이트_29,000"
13084040,제닉스 TITAN GX AIR WIRELESS 타공 무선 게이밍 마우스,"블랙_39,900|화이트_39,900"
1006740,제스코 무소음 마우스 JNL-101K,"정품_17,900|해외구매_37,000"
28780451,젬스트 Canleen 스크롤 에르고 트랙볼,"39,900"
16461170,조이트론 ALM-101 게이밍 마우스,"20,000"
15751904,주연테크 JM350,"블랙_16,370|화이트_16,100"
18195392,지군코리아 GLW-N120 무선 마우스,"블랙_9,800|화이트_9,800|핑크_9,800|민트_9,800"
17982740,지군코리아 GM-4000 USB 마우스,"3,790"
4487016,지군코리아 TR-M100 GAMING,"블랙_5,890|화이트_5,890"
25787483,지클릭커 CT190 슈퍼히어로 에어 초경량 게이밍,"블랙_12,400|핑크_12,400|화이트_12,400"
3506105,지클릭커 Clicker GM1 인체공학 게이밍 마우스,"화이트_4,600"
4169178,지클릭커 Clicker GM7 LED 게이밍 마우스,"4,490"
4213347,지클릭커 Clicker T10 슬림 무선 마우스,"블랙_8,000|화이트_일시품절"
5485899,지클릭커 G-Clicker GM-M170 LED 게이밍 마우스,"레드_4,750|블랙_4,750|화이트_2,200"
4998274,지클릭커 G-Clicker GM-M710 무소음 인체공학 버티컬 유선마우스,"블랙_12,760"
5376548,지클릭커 G-Clicker GM-MC710L 인체공학 버티컬 유선마우스,"그린_9,140|레드_6,040|블랙_6,190|블루_10,000"
6188450,지클릭커 G-Clicker GM-W6000 무선 마우스,"메탈그레이_4,190|화이트_4,190"
4998366,지클릭커 G-Clicker GM-W810 무소음 인체공학 버티컬 무선 마우스,"블랙_9,990|화이트_9,980"
5377431,지클릭커 G-Clicker GM-WC810L 인체공학 버티컬 무선 마우스,"그린_7,500|레드_10,600|블랙_10,600|블루_10,600"
5881471,지클릭커 G-Clicker T20 무소음 무선 마우스,"블랙_9,120"
13419455,지클릭커 GM-CT110 무소음 유선마우스,"블랙_2,590|화이트_2,590"
9448581,지클릭커 GM-CT190 LED 게이밍 마우스,"6,180"
10749423,지클릭커 GM-E2000 무소음 유선 마우스,"블랙_4,990|그레이_4,990"
8166205,지클릭커 GM-E5000 LED 마우스,"블랙_4,660|화이트_4,040"
8166295,지클릭커 GM-E5000 LED 무소음 마우스,"블랙_4,740|화이트_3,960"
11142696,지클릭커 GM-M210 LED 게이밍 마우스,"5,720"
7128103,지클릭커 GM-M250 LED 게이밍 마우스,"화이트_6,000|블랙_6,000"
8221624,지클릭커 GM-M250 LED 무소음 게이밍 마우스,"블랙_5,590|화이트_5,590"
10529586,지클릭커 GM-M270 유선 LED 마우스,"일반_4,290|무소음_3,900"
10749531,지클릭커 GM-W3000 무소음 무선 마우스,"4,760"
10749744,지클릭커 GM-W6100 무소음 무선 마우스,"블랙_6,900|그레이_9,400"
28773809,지클릭커 OFFICE PRO OP11 마스터 3WAY 무선 블루투스,"블랙_10,390|그린_10,400|핑크_10,400|화이트_10,400"
28532435,지클릭커 OFFICE PRO 쓸떼많은 다쿠아즈 무선 블루투스,"블랙_11,900|그린_11,900|핑크_11,900|화이트_11,900"
28806038,지클릭커 OFFICE PRO 쓸떼많은 다쿠아즈 무선 블루투스,"블랙_11,900|그린_11,900|핑크_11,900|화이트_11,900"
28532105,지클릭커 OFFICE PRO 움직이는 마카롱 무선 블루투스,"블랙_8,900|그린_8,900|핑크_8,900|화이트_8,900"
28579829,지클릭커 OFFICE PRO 휠마스터 유무선,"딥그레이_39,000|화이트_39,000"
6907870,지클릭커 T10 Plus 무선 마우스,"블랙_3,890|화이트_3,890"
6907975,지클릭커 T20 Plus 무소음 무선 마우스,"블랙_4,700|화이트_4,700"
4550574,청맥전자 For LG CM-1000,"9,650"
5012099,청맥전자 For LG CM-5000,"블랙_9,900"
4977740,청맥전자 For LG CM-6000,"블랙_13,360|화이트_13,360"
3755944,청맥전자 For LG Gaming GM-1000,"11,800"
7233151,청맥전자 For LG LGC-CM7000 무선 마우스,"11,800"
7233487,청맥전자 For LG LGC-CM8000 무선 마우스,"블랙_13,000|화이트_12,220"
3755734,청맥전자 For LG Optical M-1000,"6,500"
3755864,청맥전자 For LG Optical M-1200,"블랙_18,200|레드_10,600"
3755892,청맥전자 For LG Optical M-1600,"골드_12,960|로즈골드_8,500|티타늄_12,960"
3755602,청맥전자 For LG 무선 Nano 2.4GHz CM-2200,"블랙_13,490|레드_13,490"
12666359,청연MnS NV73-VMS10U 버티컬 마우스,"23,900"
18763700,청연MnS naVee NV26-MS10U,"3,470"
5362230,카라스 GOVA GVM-3001,"1,350"
6412204,카라스 KWM-6001 무선 마우스,"5,800"
14621699,카카오프렌즈 BT 무선 마우스,"리틀라이언_52,000"
4008676,켄싱턴 Expert 트랙볼 마우스,"해외구매_105,490"
13151706,켄싱턴 K75326WW,"해외구매_104,000"
13990154,켄싱턴 Orbit Fusion Wireless Trackball,"110,000"
1588351,켄싱턴 Pro Fit Mid-Size (72355),"17,920"
17734247,켄싱턴 SlimBlade Trackball Mouse,"병행수입_219,900|해외구매_139,790"
10938636,코시 HP-M5002WL 벤티 무선 마우스,"9,890"
14819588,코시 JM3118 슬랜더,"5,900"
1894212,코시 M1189,"14,500"
2172761,코시 M1212WL,"13,490"
2730240,코시 M1261WL,"5,490"
10003683,코시 M2017WL 에르코 버티컬 무선 마우스,"18,900"
10533912,코시 M2018WL 저소음 버티컬 무선 마우스,"18,590"
14608709,코시 M2028,"12,200"
14812712,코시 M2046WL 자이드 무선 버티컬 마우스,"17,460"
14607761,코시 M2068WL 세미 버티컬 무선 마우스,"13,900"
14861276,코시 M2075WLBT 듀얼 버티컬 마우스,"27,080"
14812259,코시 M2076WL 코엘 무선 마우스,"15,100"
14811593,코시 M2077WL 카미 무선 마우스,"13,490"
14836571,코시 M2103G LED 타공 게이밍 마우스,"35,500"
15552185,코시 M2136WL 충전식 무소음 무선 버티컬마우스,"26,400"
15953963,코시 M2144WL 세미 버티컬 무선 마우스,"23,900"
16354643,코시 M2150WL 라운드 무소음 무선 버티컬 마우스,"20,000"
17309027,코시 M2154WL 세미버티컬 무선 마우스,"13,860"
18674096,코시 M2176BTMP 블루투스,"20,300"
18674177,코시 M2181,"19,590"
18674213,코시 M2183,"18,990"
5392776,코시 M3015WL 버티컬 케어 무선 마우스,"20,700"
4803009,코시 M3029WL,"6,480"
4907302,코시 M3110WL,"블랙_22,000|화이트_11,990"
5369816,코시 M3124,"16,610"
5664005,코시 M3137BT,"19,500"
5611018,코시 M3163WL 버티컬 컴피 무선 마우스,"16,100"
5631548,코시 M3184G 아레스 게이밍 마우스,"13,900"
5664023,코시 M3185,"14,000"
14819549,코시 M3216 베이,"6,400"
5892363,코시 M3226 베이직 버티컬 무선 마우스,"16,700"
19472663,코시 M3226WL 무선,"15,800"
6531852,코시 M3245WL,"8,900"
6393203,코시 M3251WL 무소음 무선 마우스,"화이트_11,100"
14837288,코시 M3381BT 벨리 블루투스 마우스,"16,400"
14816207,코시 M3393WL 엘리트 무선 마우스,"18,800"
13361570,코시 M3452WL 왼손 버티컬마우스,"14,900"
10661763,코시 M3469WL 세미 버티컬 오피스 무선 마우스,"11,170"
14031680,코시 M4003WL 버티컬 무선 마우스,"18,400"
14809733,코시 M4006WL 디엘 무선 마우스,"13,600"
15552863,코시 M4044WL 퀸스 무선 버티컬마우스,"19,690"
16354880,코시 M4056WL 테일 무선 세미 버티컬 마우스,"16,800"
18612140,코시 M4059WL,"12,170"
28325984,코시 M4062WLMP 무선,"10,870"
18725009,코시 M4077,"15,600"
27943130,코시 M4082,"8,390"
28268519,코시 M4091WL 무선,"7,800"
1259920,코시 M936WL,"레드_5,500"
14987309,코시 MPM2078WL 무선 충전 패드 마우스 세트,"53,800"
14986070,코시 MPM4007WL 무선 충전 패드 마우스 세트,"27,700"
2082904,코시 PM1183WL,"레드_16,000|블랙_5,490"
15309908,코시 딕트 무선 마우스 패드 세트,"13,100"
15308192,코시 모디 버티컬 무선 마우스 패드 세트,"13,390"
15308507,코시 버티컬 무선 마우스 패드 세트,"13,900"
15308282,코시 베네 무선 마우스 패드 세트,"10,310"
6484161,코시 아머 무선 마우스,"7,711"
2474964,쿨러마스터 CM STORM ALCOR,"68,440"
28062188,쿨러마스터 MM310 Street Fighter 6 Chun-Li,"55,600"
10258587,쿨러마스터 MM710,"블랙, 무광_69,000"
10258860,쿨러마스터 MM711,"골든 레드_71,500|메탈릭 블루_83,820|블랙, 무광_64,500|해외구매_40,570"
14208200,쿨러마스터 MM720,"Matte White_57,640|Matte Black_57,640|해외구매_68,720"
14750021,쿨러마스터 MM730 Wired Mouse,"블랙_60,490|화이트_62,490"
15399923,쿨러마스터 MM731 GAMING MOUSE,"블랙_53,000|화이트_53,000"
6168531,타무즈 STONE-X20 게이밍 마우스,"8,680"
27943241,타이두 TSG301 Pro,"27,800"
20664518,트라이코지 볼때기캐릭터 무선,"19,290"
27856880,트라이코지 숨바꼭질 리틀티노 무선,"28,800"
20664290,트라이코지 심플애니멀 무선,"28,800"
20663924,트라이코지 유니버스 판타지 무선,"29,800"
15976793,티앤에스인터내셔널 NOX NX-M1 유선 LED 게이밍 마우스,"33,910"
9497238,티엔아이 VICTOR TM-1000 USB 마우스,"1,890"
14544500,티엔아이 VICTOR TMC-1000,"3,900"
28834049,파블로테크 Intangbo X7,"66,960"
15305849,팬웨스트 BT3050 블루투스 마우스,"블랙_15,780|화이트_15,380|핑크_15,780|그린_15,780|블루_15,780"
17507723,팬웨스트 PM-989 버티컬 마우스,"29,500"
18678314,팬웨스트 PW-999 무선,"28,020"
12663698,팬웨스트 PW815 무소음 무선마우스,"블랙_9,900|라이트 블루_9,640|라이트 핑크_9,900|화이트_9,900"
18154106,팬톤 PTHM-01 무선 마우스,"17,770"
13992026,팬톤 PTWM-01 무선 마우스,"옐로우_9,200|블루_9,200"
16266938,펜톤 CLICKER 무소음 무선 마우스,"12,650"
18309491,펜톤 COMPACT 무선,"블랙_9,890|핑크_9,890|화이트_9,890"
16226879,포유디지탈 iMUZ M1 나노리시버 무선 마우스,"블랙_9,900|그레이_9,900|화이트_10,900"
16210643,포유디지탈 iMUZ 제이큐 MX100,"로즈골드_22,600|매트화이트_22,600|실버_18,400"
14996078,포켓몬 무선 마우스,"이상해씨_8,500|푸린_8,500"
19680758,포트리스 플레이기어 PM121 무소음,"14,890"
17979614,포트리스 플레이기어 PM1600 Silent 무선 마우스,"15,800"
10971576,폭스레이 Rapidbee SM-52 RGB 게이밍 마우스,"15,000"
12050630,퓨전에프앤씨 DRAKAN DGM1,"9,900"
12050906,퓨전에프앤씨 DRAKAN DGM2,"13,400"
12051335,퓨전에프앤씨 DRAKAN DGM3,"22,900"
12051503,퓨전에프앤씨 DRAKAN DGM6,"11,510"
9953295,퓨전에프앤씨 INOTE FS-308RB 무소음 무선 마우스,"13,900"
6759721,퓨전에프앤씨 INOTE FS-330M 무소음 무선 마우스,"블랙_5,900|화이트_5,900"
9710544,퓨전에프앤씨 INOTE FS-508RB 무선 마우스,"블랙_17,930|블루_19,642|화이트_17,930"
15650339,퓨전에프앤씨 INOTE M33RB 충전식 무선 마우스,"블랙_18,910|화이트_19,900"
14148842,퓨전에프앤씨 INOTE M408RB 무선 마우스,"블랙_15,800|화이트_14,800"
14609036,퓨전에프앤씨 INOTE M508R,"블랙_9,900|화이트_9,900"
14599283,퓨전에프앤씨 INOTE M55RB 무선 마우스,"블랙_17,400|화이트_17,400"
20348936,퓨전에프앤씨 INOTE M60RB 무선 블루투스,"15,800"
14901740,퓨전에프앤씨 INOTE M808RB 무선 블루투스 마우스,"38,450"
18726281,퓨전에프앤씨 INOTE MC340RB 무선 블루투스,"화이트_18,890|그린_18,890|핑크_18,890"
15890435,퓨전에프앤씨 INOTE MC360R RGB,"블랙_10,400|민트_10,400|화이트_10,400"
15292163,퓨전에프앤씨 INOTE MC360RB 무선 마우스,"블랙_12,400|화이트_12,400|민트_12,400"
16430429,퓨전에프앤씨 INOTE VM908RB 멀티페어링 버티컬 블루투스 마우스,"34,800"
28470188,퓨전에프앤씨 KFM100J 무선,"34,800"
13833212,퓨전에프앤씨 M208RB 무선 마우스,"14,800"
13544315,퓨전에프앤씨 위베어베어스 저소음 무선 마우스,"그리즐리_17,920|아이스베어_18,150|판다_17,920"
13544336,퓨전에프앤씨 위베어베어스 저소음 무선 마우스 + 장패드 세트,"25,020"
17897807,퓨전에프앤씨 카카오프렌즈 KFM100C 춘식이 무선 마우스,"30,240"
17897819,퓨전에프앤씨 카카오프렌즈 KFM100R 라이언 무선 마우스,"30,240"
17283500,퓨전에프앤씨 펭수 BPM20 멀티페어링 무선 마우스,"핑크_15,800|블루_15,800|옐로우_15,800"
17430062,프나틱 기어 볼트 무선 게이밍 마우스,"블랙_89,000|화이트_89,000"
6364780,프나틱 기어 클러치2 RGB 게이밍 마우스,"51,050"
6364718,프나틱 기어 플릭2 RGB 게이밍 마우스,"68,320"
5074345,프로젠 GX300 게이밍 마우스 USB,"18,620"
572341,프로젠 GX500 블랙 USB,일시품절
1928294,프로젠 GX550 (정품),"9,500"
5315877,프로젠 RX-1000,"9,980"
20523761,플레오맥스 MOB-501 무선 블루투스,"블랙_9,900|화이트_9,900"
20424692,플레오맥스 MOC-BER920 무선 블루투스,"28,620"
20424842,플레오맥스 MOC-BER960 무선 블루투스,"38,580"
17343158,플레오맥스 MOC-VM100 무선 버티컬 마우스,"13,980"
27858392,플레오맥스 MOC-VM200 무선 블루투스,"21,990"
19009127,플레오맥스 MOC-WM80 무선 무소음,"블랙_9,790|화이트_9,780"
12010043,플레오맥스 PBE-M1000,"화이트_5,100|블랙_5,090"
10168419,플레오맥스 PLEOMAX AVEC-G05 게이밍 마우스,"4,500"
5849176,플레오맥스 PLEOMAX AVEC-G10,"9,400"
5849204,플레오맥스 PLEOMAX AVEC-G20,"9,800"
6514057,플레오맥스 PLEOMAX AVEC-G50 RGB 게이밍 마우스,"14,950"
6451225,플레오맥스 PLEOMAX AVEC-M3 유선마우스,"4,590"
6469663,플레오맥스 PLEOMAX AVEC-M5 유선 광 마우스,"블루_5,890|화이트_6,500"
2409080,플레오맥스 PLEOMAX MO-550,"그린_4,720|옐로우_4,880|핑크_5,200"
1839668,플레오맥스 PLEOMAX MO-650,"3,890"
2039760,플레오맥스 PLEOMAX MO-800,"PS2_12,900"
5113703,플레오맥스 PLEOMAX MO-ER100,"15,000"
5954881,플레오맥스 PLEOMAX MO-ER300 버티컬마우스,"17,300"
5631622,플레오맥스 PLEOMAX MO-ER50 인체공학 마우스,"9,970"
11009331,플레오맥스 PLEOMAX MO-ER600 RGB 버티컬 인체공학 마우스,"33,580"
8992232,플레오맥스 PLEOMAX MO-G3000,"3,400"
8992448,플레오맥스 PLEOMAX MO-G6000,"5,000"
6382464,플레오맥스 PLEOMAX MOB-301 블루투스 마우스,"7,800"
1169836,플레오맥스 PLEOMAX MOC-350,"핑크_4,300"
2719271,플레오맥스 PLEOMAX MOC-750,"블랙_15,000|핑크_6,400|화이트_9,820"
4835977,플레오맥스 PLEOMAX MOC-ER200,"17,000"
5954864,플레오맥스 PLEOMAX MOC-ER350 무선 버티컬마우스,"25,940"
11009208,플레오맥스 PLEOMAX MOC-ER650 버티컬 인체공학 무선마우스,"34,960"
5858050,플레오맥스 PLEOMAX MOC-WM10,"5,040"
5874917,플레오맥스 PLEOMAX MOC-WM20,"블랙_7,800|화이트_7,480"
6451248,플레오맥스 PLEOMAX MOC-WM40 무선 마우스,"블랙_6,260|레드_6,800"
7175866,플레오맥스 PLEOMAX MOC-WM50,"5,160"
10168245,플레오맥스 PLEOMAX MOC-WM60 저소음 무선 마우스,"5,610"
15751781,플레오맥스 PLEOMAX MOC-WM650 저소음 무선 마우스,"블랙_6,700|화이트_5,900"
10339266,플레오맥스 PLEOMAX MOC-WM70 무선 마우스,"블랙_8,280|화이트_8,280"
19022381,플레오맥스 PM-2000 무선,"9,460"
18509279,플레오맥스 PM-BM1000,"11,390"
29083592,플레오맥스 PM-BM2000 무선 블루투스,"19,900"
28052663,플리터 LCD메모패드,"10,900"
28153424,피넛컴퍼니 데이니즈 무선,"14,300"
9974094,필립스 M244 USB 마우스,"4,500"
8182063,필립스 M314 저소음 무선 마우스,"블랙_25,260"
9538515,필립스 M404 무선 마우스,"6,820"
8358519,필립스 M423 무선 마우스,"블랙_6,900|화이트_17,330"
9911280,필립스 M624 무선 버티컬 마우스,"9,900"
16341998,필립스 SPK7344 무선 마우스,"블랙_9,190|화이트_7,900"
16867919,필립스 SPK7354 멀티페어링 무선 마우스,"17,900"
12224705,필립스 SPK7604 멀티페어링 무선 마우스,"블랙_19,800|화이트_19,380"
12224888,필립스 SPK7614 버티컬 무선 마우스,"19,800"
17309228,하드라인 햄찌마우스,"17,900"
5950724,한본 SENTIP 13HD,"550,000"
12850730,한성컴퓨터 BM100 듀얼 무선 무소음마우스,"블랙_13,900|민트_13,900|퍼플_13,900|핑크_13,900|화이트_13,900"
28425167,한성컴퓨터 BM200 무선,"팬텀 블랙_21,900|베이비 핑크_21,900|스노우 화이트_21,900|토이 블럭_21,900|퍼플 하트_21,900"
28425248,한성컴퓨터 BM200 무선,"팬텀 블랙_21,900|베이비 핑크_21,900|스노우 화이트_21,900|토이 블럭_21,900|퍼플 하트_21,900"
5786180,한성컴퓨터 BOSSMONSTER MLv.67 80G 게이밍 마우스,"블랙_21,900|화이트_21,900"
5537551,한성컴퓨터 BOSSMONSTER MLv.67 게이밍 마우스,"21,900"
5546356,한성컴퓨터 BossMonster MLv.70 게이밍 마우스,화이트_일시품절
5700857,한성컴퓨터 GTune GM100W 게이밍 무선 마우스,"27,040"
3268762,한성컴퓨터 GTune ML100 무소음 무선 마우스,"7,890"
9266037,한성컴퓨터 HM170 무소음 무선 마우스,"옐로우아리_12,900|브라운고미_11,150|스카이포키_11,150|핑크큐리_11,150"
8161201,한성컴퓨터 HM77 무선 마우스,"블랙_5,400|핑크_5,400|화이트_5,400"
11083491,한성컴퓨터 HM88 무선 마우스,"실버_4,900"
18765533,한성컴퓨터 TFG EX Wireless PRO 유무선 충전독 세트,"블랙_64,900|화이트_64,900"
17193878,한성컴퓨터 TFG EX Wireless 게이밍 마우스,"54,840"
6559819,한성컴퓨터 TFG M4 3389 게이밍 마우스,"화이트_24,900|블랙_24,900"
16158563,한성컴퓨터 VM100 OfficeMaster 무선 버티컬마우스,"블랙_24,890|화이트_24,900|핑크_24,900"
17935001,한성컴퓨터 VM100 V2 OfficeMaster 무선 버티컬마우스,"블랙_24,530|핑크_24,900|화이트_24,900"
19663481,한성컴퓨터 VM300 OfficeMaster 무선 블루투스,"블랙_29,900|화이트_29,900"
19663817,한성컴퓨터 VM330 OfficeMaster OLED 유무선,"블랙_39,900"
15714992,한성컴퓨터 WM200 RAINBOW 게이밍 마우스,"블랙_11,900|화이트_11,900"
17022548,한일디아이 피카츄 무선 마우스,"26,000"
29368991,해브잇올 morac 베레스 무선,"12,900"
6041876,현대 INOGRAB HD-GM6000,"블랙_6,990|화이트_6,990"
5803837,현대 INOGRAB HD-M5000,"9,851"
5322662,현대 INOGRAB HM-300,"7,090"
12282809,현대제이테크 Tuscani HD-WM1200s,"6,480"
7689781,현대제이테크 Tuscani HD-WM1500s,"블랙_9,500"
5712309,현대제이테크 Tuscani HD-WM2000S,"블랙_9,130"
18007301,현대컴퓨터 HDC-M20 저소음 마우스,"3,500"
28209698,홈플래닛 AJ52,"13,990"
16258286,홈플래닛 저소음 무선 마우스,"화이트_9,790|베이지_9,790|블랙_9,790|핑크_9,790"
16259036,홈플래닛 저소음 슬림 무선마우스,"화이트_8,990"
