Id,Name,2026-02-01 11:54:42
11868160,ADATA DDR4-3200 CL22 코잇,"16GB_2,688원/1GB_43,000"
94450319,ADATA DDR4-3200 CL22 파인인포,"32GB_13,367원/1GB_427,750|_16GB_12,771원/1GB_204,330|_8GB_13,029원/1GB_104,230"
15598841,ADATA DDR5-5200 CL38 LANCER 블랙 패키지,"32GB(16Gx2)_24,427원/1GB_781,660"
104374652,ADATA DDR5-5600 CL46 ARMAX 서린,"16GB_21,693원/1GB_347,090"
103415363,ADATA DDR5-5600 CL46 ARMAX 파인인포,"_16GB_21,431원/1GB_342,900|_32GB_가격비교예정"
76071389,ADATA DDR5-5600 CL46 ECC/REG,"32GB_49,062원/1GB_1,569,990"
81036575,ADATA DDR5-5600 CL46 LANCER BLADE 블랙 서린,"_16GB_22,924원/1GB_366,790|_32GB_20,087원/1GB_642,790"
95202428,ADATA DDR5-5600 CL46 LANCER BLADE 블랙 파인인포,"_32GB_20,394원/1GB_652,610|_16GB_21,871원/1GB_349,930"
81036653,ADATA DDR5-5600 CL46 LANCER BLADE 화이트 서린,"_16GB_22,188원/1GB_355,000|_32GB_20,087원/1GB_642,770"
95202470,ADATA DDR5-5600 CL46 LANCER BLADE 화이트 파인인포,"_32GB_19,990원/1GB_639,670|_16GB_21,934원/1GB_350,950"
27940799,ADATA DDR5-5600 CL46 코잇,"16GB_23,588원/1GB_377,410"
68918912,ADATA DDR5-5600 CL46-45-45 서린,"_32GB_20,309원/1GB_649,890|_16GB_22,770원/1GB_364,320"
29822102,ADATA DDR5-5600 CL46-45-45 코잇,"_32GB_21,874원/1GB_699,980|_16GB_21,756원/1GB_348,090"
79397219,ADATA DDR5-5600 CL46-45-45 파인인포,"32GB_20,600원/1GB_659,190|_16GB_20,599원/1GB_329,590|64GB_가격비교예정|_8GB_25,195원/1GB_201,560"
99289193,ADATA DDR5-6000 CL28 LANCER BLADE RGB 블랙 패키지 파인인포,"32GB(16Gx2)_22,675원/1GB_725,590"
99289292,ADATA DDR5-6000 CL28 LANCER BLADE RGB 화이트 패키지 파인인포,"32GB(16Gx2)_22,675원/1GB_725,590"
104374655,ADATA DDR5-6000 CL30 ARMAX RGB 패키지 서린,"_32GB(16Gx2)_26,561원/1GB_849,960|_64GB(32Gx2)_24,997원/1GB_1,599,780"
103415291,ADATA DDR5-6000 CL30 ARMAX RGB 패키지 파인인포,"_32GB(16Gx2)_23,750원/1GB_760,000|_64GB(32Gx2)_가격비교예정"
68907953,ADATA DDR5-6000 CL30 CASTER RGB 패키지 서린,"32GB(16Gx2)_21,531원/1GB_688,990"
68902697,ADATA DDR5-6000 CL30 CASTER 패키지 서린,"32GB(16Gx2)_23,157원/1GB_741,010"
68788067,ADATA DDR5-6000 CL30 LANCER BLADE RGB 블랙 패키지 서린,"_64GB(32Gx2)_23,595원/1GB_1,510,110|48GB(24Gx2)_23,958원/1GB_1,149,970|_32GB(16Gx2)_26,183원/1GB_837,840"
93179111,ADATA DDR5-6000 CL30 LANCER BLADE RGB 블랙 패키지 파인인포,"64GB(32Gx2)_21,719원/1GB_1,390,000|_48GB(24Gx2)_21,681원/1GB_1,040,670|_32GB(16Gx2)_22,675원/1GB_725,590"
68788121,ADATA DDR5-6000 CL30 LANCER BLADE RGB 화이트 패키지 서린,"_64GB(32Gx2)_20,846원/1GB_1,334,120|48GB(24Gx2)_23,958원/1GB_1,150,000|_32GB(16Gx2)_26,497원/1GB_847,890"
27785618,ADATA DDR5-6000 CL30 LANCER BLADE RGB 화이트 패키지 코잇,"32GB(16Gx2)_26,875원/1GB_860,000"
93179012,ADATA DDR5-6000 CL30 LANCER BLADE RGB 화이트 패키지 파인인포,"64GB(32Gx2)_20,736원/1GB_1,327,100|_48GB(24Gx2)_21,681원/1GB_1,040,670|_32GB(16Gx2)_22,675원/1GB_725,590"
68787806,ADATA DDR5-6000 CL30 LANCER BLADE 블랙 패키지 서린,"_64GB(32Gx2)_19,507원/1GB_1,248,430|_32GB(16Gx2)_26,244원/1GB_839,810"
93178988,ADATA DDR5-6000 CL30 LANCER BLADE 블랙 패키지 파인인포,"_64GB(32Gx2)_18,647원/1GB_1,193,430|_32GB(16Gx2)_22,078원/1GB_706,500"
68787956,ADATA DDR5-6000 CL30 LANCER BLADE 화이트 패키지 서린,"_64GB(32Gx2)_19,262원/1GB_1,232,780|_32GB(16Gx2)_26,247원/1GB_839,890"
93178919,ADATA DDR5-6000 CL30 LANCER BLADE 화이트 패키지 파인인포,"_64GB(32Gx2)_18,647원/1GB_1,193,430|_32GB(16Gx2)_22,078원/1GB_706,500"
68914628,ADATA DDR5-6000 CL30 LANCER RGB 블랙 패키지 서린,"_64GB(32Gx2)_19,977원/1GB_1,278,530|_32GB(16Gx2)_27,187원/1GB_869,980"
19235489,ADATA DDR5-6000 CL30 LANCER RGB 블랙 패키지 코잇,"_64GB(32Gx2)_20,313원/1GB_1,300,000|_32GB(16Gx2)_22,344원/1GB_715,000"
93502490,ADATA DDR5-6000 CL30 LANCER RGB 블랙 패키지 파인인포,"_64GB(32Gx2)_19,393원/1GB_1,241,170|_32GB(16Gx2)_24,081원/1GB_770,580"
68915192,ADATA DDR5-6000 CL30 LANCER RGB 화이트 패키지 서린,"_64GB(32Gx2)_19,980원/1GB_1,278,710|_32GB(16Gx2)_27,187원/1GB_869,980"
19235594,ADATA DDR5-6000 CL30 LANCER RGB 화이트 패키지 코잇,"64GB(32Gx2)_34,506원/1GB_2,208,400"
93629033,ADATA DDR5-6000 CL30 LANCER RGB 화이트 패키지 파인인포,"_64GB(32Gx2)_19,393원/1GB_1,241,170|_32GB(16Gx2)_23,272원/1GB_744,690"
68914226,ADATA DDR5-6000 CL30 LANCER 블랙 패키지 서린,"_64GB(32Gx2)_19,518원/1GB_1,249,120|_32GB(16Gx2)_26,557원/1GB_849,810"
68914484,ADATA DDR5-6000 CL30 LANCER 화이트 패키지 서린,"_64GB(32Gx2)_19,522원/1GB_1,249,380|_32GB(16Gx2)_26,559원/1GB_849,890"
81036917,ADATA DDR5-6000 CL34 LANCER BLADE RGB 블랙 패키지 서린,"32GB(16Gx2)_24,312원/1GB_777,990"
81036980,ADATA DDR5-6000 CL34 LANCER BLADE RGB 화이트 패키지 서린,"32GB(16Gx2)_24,766원/1GB_792,500"
95205638,ADATA DDR5-6000 CL34 LANCER BLADE 블랙 패키지 파인인포,"32GB(16Gx2)_26,562원/1GB_849,980"
81037046,ADATA DDR5-6000 CL34 LANCER BLADE 화이트 패키지 서린,"32GB(16Gx2)_26,250원/1GB_840,000"
81037256,ADATA DDR5-6000 CL36 LANCER BLADE RGB 블랙 패키지 서린,"32GB(16Gx2)_23,062원/1GB_737,990"
100695821,ADATA DDR5-6000 CL36 LANCER BLADE RGB 블랙 패키지 파인인포,"32GB(16Gx2)_22,226원/1GB_711,220"
81037301,ADATA DDR5-6000 CL36 LANCER BLADE RGB 화이트 패키지 서린,"32GB(16Gx2)_23,063원/1GB_738,000"
100695824,ADATA DDR5-6000 CL36 LANCER BLADE RGB 화이트 패키지 파인인포,"32GB(16Gx2)_22,226원/1GB_711,220"
100842740,ADATA DDR5-6000 CL36 LANCER BLADE 블랙 파인인포,"24GB_21,283원/1GB_510,780"
81037100,ADATA DDR5-6000 CL36 LANCER BLADE 블랙 패키지 서린,"32GB(16Gx2)_23,426원/1GB_749,630"
95205599,ADATA DDR5-6000 CL36 LANCER BLADE 블랙 패키지 파인인포,"32GB(16Gx2)_21,929원/1GB_701,720"
100842782,ADATA DDR5-6000 CL36 LANCER BLADE 화이트 파인인포,"24GB_21,283원/1GB_510,780"
81037184,ADATA DDR5-6000 CL36 LANCER BLADE 화이트 패키지 서린,"32GB(16Gx2)_23,432원/1GB_749,810"
95205719,ADATA DDR5-6000 CL36 LANCER BLADE 화이트 패키지 파인인포,"32GB(16Gx2)_21,929원/1GB_701,720"
75938450,ADATA DDR5-6400 CL32 LANCER BLADE RGB 블랙 패키지 서린,"48GB(24Gx2)_23,619원/1GB_1,133,690"
75938468,ADATA DDR5-6400 CL32 LANCER BLADE RGB 화이트 패키지 서린,"48GB(24Gx2)_23,619원/1GB_1,133,690"
68915141,ADATA DDR5-6400 CL32 LANCER RGB 블랙 패키지 서린,"32GB(16Gx2)_27,187원/1GB_869,980"
68915318,ADATA DDR5-6400 CL32 LANCER RGB 화이트 패키지 서린,"32GB(16Gx2)_27,187원/1GB_869,980"
18921959,ADATA XPG DDR5-7200 CL34 LANCER RGB 화이트 패키지 코잇,"32GB(16Gx2)_23,100원/1GB_739,200"
11196249,ADATA 노트북 DDR4-3200 CL22,"16GB_7,339원/1GB_117,430"
94450292,ADATA 노트북 DDR4-3200 CL22 파인인포,"32GB_15,496원/1GB_495,860|_16GB_12,771원/1GB_204,330|_8GB_13,153원/1GB_105,220"
68918960,ADATA 노트북 DDR5-5600 CL46 서린,"_32GB_20,932원/1GB_669,820|_16GB_21,249원/1GB_339,990"
79397039,ADATA 노트북 DDR5-5600 CL46 파인인포,"_32GB_20,587원/1GB_658,770|_16GB_20,597원/1GB_329,550|8GB_24,349원/1GB_194,790"
97124171,AFOX DDR4-3200 CL22 대원씨티에스,"_16GB_11,514원/1GB_184,230|_8GB_12,975원/1GB_103,800"
101628668,AGI DDR4-3200 CL22 UD138 서린,"_16GB_11,943원/1GB_191,080|_8GB_11,698원/1GB_93,580"
101628665,AGI DDR4-3200 CL22 UD138 서린,"_16GB_11,943원/1GB_191,080|_8GB_11,698원/1GB_93,580"
101628743,AGI DDR4-3600 CL18 TURBOJET UD848 RGB BLACK 서린,"32GB(16Gx2)_12,199원/1GB_390,380"
101185058,AGI DDR5-5600 CL46 UD238 HEATSINK 서린,"_32GB_19,743원/1GB_631,790|_16GB_22,179원/1GB_354,870"
99737048,AGI DDR5-5600 CL46 UD238 서린,"_32GB_19,728원/1GB_631,290|_16GB_22,120원/1GB_353,920"
101078582,AGI DDR5-6000 CL30 TURBOJET UD858 RGB 블랙 패키지 서린,"_32GB(16Gx2)_26,313원/1GB_842,020|_48GB(24Gx2)_24,477원/1GB_1,174,900"
101078618,AGI DDR5-6000 CL30 TURBOJET UD858 RGB 화이트 패키지 서린,"32GB(16Gx2)_26,215원/1GB_838,880"
101078510,AGI DDR5-6000 CL30 TURBOJET UD858 블랙 패키지 서린,"32GB(16Gx2)_21,922원/1GB_701,500"
101725853,AGI 노트북 DDR4-3200 CL22 SD138 서린,"_16GB_11,999원/1GB_191,980|_8GB_11,710원/1GB_93,680"
101721581,AGI 노트북 DDR5-5600 CL46 SD238 서린,"_16GB_20,823원/1GB_333,170|_32GB_20,727원/1GB_663,270"
15414239,ANACOMDA DDR4-3200 CL22 디앤디컴,"16GB_12,438원/1GB_199,000"
91496405,ANACOMDA DDR5-5600 CL46 디앤디컴,"16GB_20,563원/1GB_329,000"
104041571,ANACOMDA DDR5-5600 CL46 얼티메이크,"16GB_21,049원/1GB_336,780"
2430601,AVEXIR DDR3-1600 CL10 Blitz 1.1 Original 패키지 대양케이스,"16GB(8Gx2)_9,375원/1GB_150,000"
99886835,Apacer DDR5-5200 CL40 NOX BLACK 패키지,"_64GB(32Gx2)_15,622원/1GB_999,810|_32GB(16Gx2)_21,531원/1GB_689,000"
99886799,Apacer DDR5-5200 CL40 NOX BLACK 패키지,"_64GB(32Gx2)_15,622원/1GB_999,810|_32GB(16Gx2)_21,531원/1GB_689,000"
99749048,Apacer DDR5-5200 CL40 NOX RGB BLACK 패키지,"_64GB(32Gx2)_15,937원/1GB_1,019,980|_32GB(16Gx2)_21,809원/1GB_697,880"
99749258,Apacer DDR5-5200 CL40 NOX RGB SILVER 패키지,"_32GB(16Gx2)_21,843원/1GB_698,980|_64GB(32Gx2)_15,141원/1GB_969,000"
99749285,Apacer DDR5-5200 CL40 NOX RGB SILVER 패키지,"_32GB(16Gx2)_21,843원/1GB_698,980|_64GB(32Gx2)_15,141원/1GB_969,000"
99887309,Apacer DDR5-5200 CL40 NOX WHITE 패키지,"_64GB(32Gx2)_15,625원/1GB_999,980|_32GB(16Gx2)_21,531원/1GB_688,980"
99887288,Apacer DDR5-5200 CL40 NOX WHITE 패키지,"_64GB(32Gx2)_15,625원/1GB_999,980|_32GB(16Gx2)_21,531원/1GB_688,980"
99893666,Apacer DDR5-5600 CL46,"_32GB_21,008원/1GB_672,250|_16GB_22,498원/1GB_359,960"
99887372,Apacer DDR5-6000 CL38 NOX BLACK 패키지,"_64GB(32Gx2)_18,109원/1GB_1,158,990|_32GB(16Gx2)_22,156원/1GB_709,000"
99887354,Apacer DDR5-6000 CL38 NOX BLACK 패키지,"_64GB(32Gx2)_18,109원/1GB_1,158,990|_32GB(16Gx2)_22,156원/1GB_709,000"
99749339,Apacer DDR5-6000 CL38 NOX RGB BLACK 패키지,"_32GB(16Gx2)_22,468원/1GB_718,970|_64GB(32Gx2)_18,578원/1GB_1,188,970"
99749558,Apacer DDR5-6000 CL38 NOX RGB SILVER 패키지,"_64GB(32Gx2)_18,578원/1GB_1,188,990|_32GB(16Gx2)_22,468원/1GB_718,960"
99749564,Apacer DDR5-6000 CL38 NOX RGB SILVER 패키지,"_64GB(32Gx2)_18,578원/1GB_1,188,990|_32GB(16Gx2)_22,468원/1GB_718,960"
99887405,Apacer DDR5-6000 CL38 NOX WHITE 패키지,"_32GB(16Gx2)_22,156원/1GB_709,000|_64GB(32Gx2)_18,109원/1GB_1,158,990"
99887393,Apacer DDR5-6000 CL38 NOX WHITE 패키지,"_32GB(16Gx2)_22,156원/1GB_709,000|_64GB(32Gx2)_18,109원/1GB_1,158,990"
101665346,Apacer 노트북 DDR5-5600 CL46,"_16GB_20,702원/1GB_331,230|_32GB_19,009원/1GB_608,280"
14091533,ArchMemory DDR4-2666 ECC for Synology,"16GB_36,250원/1GB_580,000"
95423780,BIWIN DDR4-3200 CL22,"16GB_11,812원/1GB_188,990"
101079236,BIWIN DDR5-4800 CL40,"32GB_18,614원/1GB_595,640"
95423906,BIWIN DDR5-5600 CL46,"32GB_21,875원/1GB_700,000"
95424089,BIWIN DDR5-6000 CL28 DW100 RGB 블랙 패키지,"48GB(24Gx2)_23,345원/1GB_1,120,560"
95424116,BIWIN DDR5-6000 CL28 DW100 RGB 화이트 패키지,"48GB(24Gx2)_20,625원/1GB_990,000"
95423984,BIWIN DDR5-6000 CL28 HX100 블랙 패키지,"48GB(24Gx2)_23,326원/1GB_1,119,630"
95424023,BIWIN DDR5-6000 CL28 HX100 실버 패키지,"48GB(24Gx2)_19,415원/1GB_931,920"
95424074,BIWIN DDR5-6000 CL30 DW100 RGB 블랙 패키지,"_64GB(32Gx2)_18,594원/1GB_1,190,000|_32GB(16Gx2)_21,844원/1GB_699,000"
95424110,BIWIN DDR5-6000 CL30 DW100 RGB 화이트 패키지,"_64GB(32Gx2)_18,594원/1GB_1,190,000|_32GB(16Gx2)_21,844원/1GB_699,000"
95423957,BIWIN DDR5-6000 CL30 HX100 블랙 패키지,"_64GB(32Gx2)_18,281원/1GB_1,170,000|_32GB(16Gx2)_21,219원/1GB_679,000"
95424011,BIWIN DDR5-6000 CL30 HX100 실버 패키지,"_64GB(32Gx2)_18,281원/1GB_1,170,000|_32GB(16Gx2)_21,219원/1GB_679,000"
104374583,CENTAUR DDR4-3200 CL22,"16GB_11,358원/1GB_181,720"
7331068,CORSAIR DDR4-3200 CL16 Dominator Platinum RGB AMD 패키지,"16GB(8Gx2)_13,066원/1GB_209,040"
13245098,CORSAIR DDR4-3200 CL16 VENGEANCE RGB PRO SL BLACK 패키지,"32GB(8Gx4)_11,086원/1GB_354,750"
27790565,CORSAIR DDR5-5600 CL40 VENGEANCE BLACK 패키지,"_128GB(32Gx4)_23,218원/1GB_2,971,900|_64GB(32Gx2)_20,542원/1GB_1,314,710"
27788273,CORSAIR DDR5-5600 CL40 VENGEANCE RGB BLACK 패키지,"128GB(32Gx4)_23,527원/1GB_3,011,420"
28442654,CORSAIR DDR5-6000 CL30 Dominator Titanium BLACK 패키지,"32GB(16Gx2)_23,521원/1GB_752,660"
20404151,CORSAIR DDR5-6000 CL30 VENGEANCE RGB BLACK INTEL 패키지,"64GB(32Gx2)_23,491원/1GB_1,503,400"
72471092,CORSAIR DDR5-6000 CL30 VENGEANCE RGB DP WHITE 패키지,"32GB(16Gx2)_27,064원/1GB_866,040"
27666047,CORSAIR DDR5-6000 CL30 VENGEANCE RGB WHITE 패키지,"32GB(16Gx2)_28,448원/1GB_910,330"
59829371,CORSAIR DDR5-6000 CL30 VENGEANCE RGB 패키지,"_64GB(32Gx2)_23,434원/1GB_1,499,790|_32GB(16Gx2)_25,931원/1GB_829,800"
100693181,CORSAIR DDR5-6000 CL30 VENGEANCE RGB 패키지 해외구매,"64GB(32Gx2)_57,297원/1GB_3,667,000"
100693760,CORSAIR DDR5-6000 CL30 VENGEANCE 패키지 해외구매,"64GB(32Gx2)_15,752원/1GB_1,008,100"
95425847,CORSAIR DDR5-6000 CL36 VENGEANCE 패키지,"96GB(48Gx2)_18,541원/1GB_1,779,960"
99290126,CORSAIR DDR5-6000 CL40-40-40-77 VENGEANCE BLACK 패키지,"64GB(32Gx2)_20,930원/1GB_1,339,480"
28444052,CORSAIR DDR5-6400 CL32 Dominator Titanium BLACK 패키지,"96GB(48Gx2)_22,703원/1GB_2,179,490"
80548106,CORSAIR DDR5-6400 CL32 Dominator Titanium WHITE 패키지,"64GB(32Gx2)_24,825원/1GB_1,588,780"
100692866,CORSAIR DDR5-6400 CL32 VENGEANCE BLACK 패키지,"64GB(32Gx2)_20,229원/1GB_1,294,670"
27779540,CORSAIR DDR5-6400 CL32 VENGEANCE RGB BLACK 패키지,"64GB(32Gx2)_23,040원/1GB_1,474,550"
100693058,CORSAIR DDR5-6400 CL32 VENGEANCE RGB BLACK 패키지 해외구매,"64GB(32Gx2)_23,960원/1GB_1,533,440"
100692944,CORSAIR DDR5-6400 CL32 VENGEANCE RGB WHITE 패키지,"64GB(32Gx2)_23,040원/1GB_1,474,550"
18367115,CORSAIR DDR5-7200 CL34 VENGEANCE BLACK 패키지,"32GB(16Gx2)_27,625원/1GB_884,000"
103482146,CORSAIR DDR5-8400 CL40 VENGEANCE RGB BLACK 패키지,"48GB(24Gx2)_28,123원/1GB_1,349,920"
17258714,CORSAIR 노트북 DDR5-4800 CL40 VENGEANCE,"32GB_17,500원/1GB_560,000"
17190410,CORSAIR 노트북 DDR5-4800 CL40 VENGEANCE 패키지,"16GB(8Gx2)_17,500원/1GB_280,000"
5800438,CYNEX DDR2-667 엠트란 중고,"2GB_17,975원/1GB_35,950"
5800481,CYNEX DDR2-667 중고,"_2GB_16,290원/1GB_32,580|_1GB_50,000원/1GB_50,000"
5800415,CYNEX DDR2-800 엠트란 중고,"2GB_17,500원/1GB_35,000"
5800464,CYNEX DDR2-800 중고,"2GB_14,680원/1GB_29,360"
793959,CYNEX DDR3-1066,"2GB_11,000원/1GB_22,000"
793964,CYNEX DDR3-1066 멜론,"2GB_12,000원/1GB_24,000"
793961,CYNEX DDR3-1066 엠트란,"2GB_13,000원/1GB_26,000"
1220709,CYNEX DDR3-1333,"_4GB_10,963원/1GB_43,850|_2GB_12,720원/1GB_25,440"
1220712,CYNEX DDR3-1333 멜론,"_4GB_10,303원/1GB_41,210|_2GB_12,340원/1GB_24,680"
794443,CYNEX DDR3-1333 엠트란,"2GB_13,075원/1GB_26,150"
1220713,CYNEX DDR3-1333 엠트란 매직,"4GB_10,738원/1GB_42,950"
1676882,CYNEX DDR3-1600,"4GB_2,750원/1GB_11,000"
2030389,CYNEX DDR3-1600 멜론,"_8GB_2,625원/1GB_21,000|_4GB_6,500원/1GB_26,000"
2030384,CYNEX DDR3-1600 엠트란 매직,"_8GB_4,500원/1GB_36,000|_4GB_6,500원/1GB_26,000"
2464556,CYNEX 노트북 DDR3-1600,"8GB_9,176원/1GB_73,410"
102621422,DLI DDR5-5600 CL46,"32GB_19,407원/1GB_621,010"
99746936,DLI MEMORY DDR4-3200 CL22,"8GB_12,401원/1GB_99,210"
636450,Dreamware DDR2-800 FB For APPLE,"1GB_90,000원/1GB_90,000"
876470,Dreamware DDR3-1066 ECC Mac Pro,"_4GB_55,000원/1GB_220,000|_2GB_50,000원/1GB_100,000"
1177359,Dreamware DDR3-1333 ECC Mac Pro,"_4GB_50,000원/1GB_200,000|_2GB_50,000원/1GB_100,000"
2672598,Dreamware DDR3-1866 ECC Mac Pro,"_16GB_27,411원/1GB_438,581|_8GB_29,073원/1GB_232,581|4GB_29,239원/1GB_116,955"
5800315,EKMEMORY DDR2-800 중고,"2GB_13,920원/1GB_27,840"
1183683,EKMEMORY DDR3-1066 인디핑크,"2GB_12,500원/1GB_25,000"
928282,EKMEMORY DDR3-1333,"2GB_10,825원/1GB_21,650"
1183663,EKMEMORY DDR3-1333 인디핑크,"4GB_9,825원/1GB_39,300"
1741833,EKMEMORY DDR3-1600,"_8GB_4,750원/1GB_38,000|_4GB_9,740원/1GB_38,960"
1622142,EKMEMORY DDR3-1600 인디핑크,"4GB_6,500원/1GB_26,000"
4152022,ESSENCORE KLEVV DDR3-1600 CL9 URBANE 패키지,"16GB(8Gx2)_13,125원/1GB_210,000"
5547487,ESSENCORE KLEVV DDR3-1866 CL9 NEO,"4GB_6,768원/1GB_27,070"
4152056,ESSENCORE KLEVV DDR3-1866 CL9 URBANE 패키지,"16GB(8Gx2)_13,750원/1GB_220,000"
3409631,ESSENCORE KLEVV DDR3-2666 CL12 URBANE 패키지,"8GB(4Gx2)_8,525원/1GB_68,200"
9390900,ESSENCORE KLEVV DDR4-2666 CL19 파인인포,"_16GB_11,875원/1GB_190,000|_4GB_7,750원/1GB_31,000"
11787091,ESSENCORE KLEVV DDR4-3200 CL22 파인인포,"_16GB_11,788원/1GB_188,600|_8GB_12,659원/1GB_101,270"
58107197,ESSENCORE KLEVV DDR5-5600 CL30 FIT V WHITE 서린,"16GB_22,438원/1GB_359,000"
92152220,ESSENCORE KLEVV DDR5-5600 CL30 FIT V 서린,"16GB_22,436원/1GB_358,970"
94638185,ESSENCORE KLEVV DDR5-5600 CL46 AMD 파인인포,"_16GB_20,178원/1GB_322,840|_8GB_24,359원/1GB_194,870"
71216363,ESSENCORE KLEVV DDR5-5600 CL46 NEO 파인인포,"_16GB_18,919원/1GB_302,700|_8GB_25,421원/1GB_203,370"
18965774,ESSENCORE KLEVV DDR5-5600 CL46 파인인포,"_32GB_20,898원/1GB_668,740|_16GB_20,615원/1GB_329,830"
91188350,ESSENCORE KLEVV DDR5-6000 CL28 BOLT V WHITE 패키지 서린,"32GB(16Gx2)_28,957원/1GB_926,630"
91188290,ESSENCORE KLEVV DDR5-6000 CL28 BOLT V 패키지 서린,"32GB(16Gx2)_28,958원/1GB_926,660"
91188443,ESSENCORE KLEVV DDR5-6000 CL28 CRAS V RGB 패키지 서린,"32GB(16Gx2)_30,593원/1GB_978,990"
100692755,ESSENCORE KLEVV DDR5-6000 CL28 URBANE V RGB 블랙 패키지 서린,"32GB(16Gx2)_29,953원/1GB_958,490"
100692737,ESSENCORE KLEVV DDR5-6000 CL28 URBANE V RGB 화이트 패키지 서린,"32GB(16Gx2)_29,688원/1GB_950,000"
94568981,ESSENCORE KLEVV DDR5-6000 CL30 BOLT V WHITE 패키지 서린,"_64GB(32Gx2)_19,531원/1GB_1,250,000|_32GB(16Gx2)_27,357원/1GB_875,410"
27894470,ESSENCORE KLEVV DDR5-6000 CL30 BOLT V 패키지 서린,"_64GB(32Gx2)_22,625원/1GB_1,447,970|_32GB(16Gx2)_26,772원/1GB_856,700"
79010636,ESSENCORE KLEVV DDR5-6000 CL30 CRAS V RGB WHITE AMD 패키지 서린,"32GB(16Gx2)_28,688원/1GB_918,000"
37989017,ESSENCORE KLEVV DDR5-6000 CL30 CRAS V RGB WHITE 패키지 서린,"_64GB(32Gx2)_23,596원/1GB_1,510,130|48GB(24Gx2)_24,749원/1GB_1,187,970|_32GB(16Gx2)_28,860원/1GB_923,520"
27886268,ESSENCORE KLEVV DDR5-6000 CL30 CRAS V RGB 패키지 서린,"_64GB(32Gx2)_19,790원/1GB_1,266,570|48GB(24Gx2)_24,791원/1GB_1,189,990|_32GB(16Gx2)_28,808원/1GB_921,860"
91188716,ESSENCORE KLEVV DDR5-6000 CL30 FIT V WHITE 패키지 서린,"32GB(16Gx2)_22,354원/1GB_715,320"
91188656,ESSENCORE KLEVV DDR5-6000 CL30 FIT V 패키지 서린,"32GB(16Gx2)_22,469원/1GB_719,000"
100692833,ESSENCORE KLEVV DDR5-6000 CL30 URBANE V RGB 블랙 패키지 서린,"32GB(16Gx2)_27,747원/1GB_887,890"
72587681,ESSENCORE KLEVV DDR5-6000 CL30 URBANE V RGB 패키지 서린,"_48GB(24Gx2)_24,167원/1GB_1,160,000|_32GB(16Gx2)_27,368원/1GB_875,770"
93805103,ESSENCORE KLEVV DDR5-6400 CL30 BOLT V WHITE 패키지 서린,"32GB(16Gx2)_27,453원/1GB_878,490"
93805016,ESSENCORE KLEVV DDR5-6400 CL30 BOLT V 패키지 서린,"32GB(16Gx2)_27,453원/1GB_878,490"
92152277,ESSENCORE KLEVV DDR5-6400 CL32 BOLT V WHITE 패키지 서린,"32GB(16Gx2)_29,688원/1GB_950,000"
27894644,ESSENCORE KLEVV DDR5-6400 CL32 BOLT V 패키지 서린,"32GB(16Gx2)_29,031원/1GB_929,000"
79017092,ESSENCORE KLEVV DDR5-6400 CL32 CRAS V RGB WHITE AMD 패키지 서린,"32GB(16Gx2)_31,723원/1GB_1,015,120"
37989125,ESSENCORE KLEVV DDR5-6400 CL32 CRAS V RGB WHITE 패키지 서린,"_64GB(32Gx2)_24,216원/1GB_1,549,800|_48GB(24Gx2)_24,750원/1GB_1,187,980|32GB(16Gx2)_28,968원/1GB_926,980"
30002912,ESSENCORE KLEVV DDR5-6400 CL32 CRAS V RGB 패키지 서린,"_64GB(32Gx2)_23,596원/1GB_1,510,130|48GB(24Gx2)_24,791원/1GB_1,189,980|_32GB(16Gx2)_29,031원/1GB_929,000"
78849305,ESSENCORE KLEVV DDR5-6400 CL32 URBANE V RGB 패키지 서린,"_32GB(16Gx2)_61,806원/1GB_1,977,800|_48GB(24Gx2)_24,167원/1GB_1,160,000"
64376777,ESSENCORE KLEVV DDR5-7200 CL34 CRAS V RGB ROG 패키지 서린,"48GB(24Gx2)_24,998원/1GB_1,199,900"
37989224,ESSENCORE KLEVV DDR5-7200 CL34 CRAS V RGB White 패키지 서린,"_48GB(24Gx2)_25,000원/1GB_1,200,000|_32GB(16Gx2)_29,344원/1GB_939,000"
30002993,ESSENCORE KLEVV DDR5-7200 CL34 CRAS V RGB 패키지 서린,"_48GB(24Gx2)_25,000원/1GB_1,199,990|_32GB(16Gx2)_29,343원/1GB_938,990"
19240181,ESSENCORE KLEVV 노트북 DDR4-2666 CL19 중고,"4GB_5,250원/1GB_21,000"
11787178,ESSENCORE KLEVV 노트북 DDR4-3200 CL22 파인인포,"_16GB_12,463원/1GB_199,400|_8GB_12,889원/1GB_103,110"
28208825,ESSENCORE KLEVV 노트북 DDR5-5600 CL46 파인인포,"_32GB_20,898원/1GB_668,740|_16GB_21,022원/1GB_336,350"
6540147,G.SKILL DDR4-2666 CL19 AEGIS,"_16GB_14,293원/1GB_228,690|_8GB_12,963원/1GB_103,700"
7029922,G.SKILL DDR4-3000 CL16 TRIDENT Z ROYAL 실버 패키지,"16GB(8Gx2)_11,209원/1GB_179,340"
6419514,G.SKILL DDR4-3200 CL14 RIPJAWS V VK 패키지,"16GB(8Gx2)_13,800원/1GB_220,800"
9593730,G.SKILL DDR4-3200 CL16 AEGIS,"_16GB_14,918원/1GB_238,690|_8GB_13,450원/1GB_107,600"
4571593,G.SKILL DDR4-3200 CL16 RIPJAWS V VK,"16GB_13,531원/1GB_216,500"
4571613,G.SKILL DDR4-3200 CL16 RIPJAWS V VKB 패키지,"16GB(8Gx2)_13,687원/1GB_218,990"
10019547,G.SKILL DDR4-3200 CL16 TRIDENT Z RGB 패키지,"_32GB(16Gx2)_14,365원/1GB_459,670|_16GB(8Gx2)_15,494원/1GB_247,910"
3717286,G.SKILL DDR4-3200 CL16 TRIDENT Z 패키지,"_32GB(16Gx2)_13,990원/1GB_447,670|_16GB(8Gx2)_14,606원/1GB_233,690"
4589367,G.SKILL DDR4-3200 CL16 TRIDENT ZKW 패키지,"_32GB(16Gx2)_13,719원/1GB_439,000|_16GB(8Gx2)_14,625원/1GB_234,000"
9480405,G.SKILL DDR4-3600 CL16 TRIDENT Z NEO C 패키지,"_32GB(16Gx2)_15,568원/1GB_498,190|_16GB(8Gx2)_16,168원/1GB_258,690"
11431083,G.SKILL DDR4-3600 CL18 TRIDENT Z RGB 패키지,"_32GB(16Gx2)_14,528원/1GB_464,900|_16GB(8Gx2)_15,168원/1GB_242,690"
18643175,G.SKILL DDR4-3600 CL18 TRIDENT Z RGB 패키지 (해외구매),"_32GB(16Gx2)_49,756원/1GB_1,592,200|_16GB(8Gx2)_15,527원/1GB_248,430"
7030186,G.SKILL DDR4-3600 CL18 TRIDENT Z ROYAL 실버 패키지,"16GB(8Gx2)_53,708원/1GB_859,320"
54102995,G.SKILL DDR5-5200 CL40 FLARE X5 J 패키지,"96GB(48Gx2)_17,708원/1GB_1,699,970"
56151416,G.SKILL DDR5-5200 CL40 RIPJAWS M5 RGB 블랙 패키지,"_64GB(32Gx2)_21,865원/1GB_1,399,360|_32GB(16Gx2)_22,344원/1GB_715,000"
56151509,G.SKILL DDR5-5200 CL40 RIPJAWS M5 RGB 화이트 패키지,"_64GB(32Gx2)_21,566원/1GB_1,380,200|_32GB(16Gx2)_22,344원/1GB_715,000"
54103109,G.SKILL DDR5-5200 CL40 RIPJAWS S5 J 블랙 패키지,"_96GB(48Gx2)_17,708원/1GB_1,700,000|_32GB(16Gx2)_23,397원/1GB_748,710"
54103175,G.SKILL DDR5-5200 CL40 RIPJAWS S5 J 화이트 패키지,"_96GB(48Gx2)_17,702원/1GB_1,699,420|_32GB(16Gx2)_21,835원/1GB_698,710"
28241219,G.SKILL DDR5-5600 CL36 AEGIS 5,"_32GB_21,519원/1GB_688,610|_16GB_24,061원/1GB_384,980"
102553307,G.SKILL DDR5-5600 CL36 FLARE X5 AMD 블랙,"8GB_26,499원/1GB_211,990"
56151749,G.SKILL DDR5-5600 CL40 RIPJAWS M5 RGB 블랙 패키지,"96GB(48Gx2)_19,264원/1GB_1,849,320"
56151770,G.SKILL DDR5-5600 CL40 RIPJAWS M5 RGB 화이트 패키지,"96GB(48Gx2)_19,271원/1GB_1,850,000"
40551086,G.SKILL DDR5-5600 CL40 RIPJAWS S5 J 블랙 패키지,"96GB(48Gx2)_18,744원/1GB_1,799,420"
80151290,G.SKILL DDR5-6000 CL26 TRIDENT Z5 NEO RGB H 패키지,"_64GB(32Gx2)_31,084원/1GB_1,989,380|_32GB(16Gx2)_32,656원/1GB_1,045,000"
80151371,G.SKILL DDR5-6000 CL26 TRIDENT Z5 NEO RGB H 화이트 패키지,"_64GB(32Gx2)_31,084원/1GB_1,989,360|_32GB(16Gx2)_32,656원/1GB_1,045,000"
75656702,G.SKILL DDR5-6000 CL28 FLARE X5 J 패키지,"_64GB(32Gx2)_20,383원/1GB_1,304,540|_32GB(16Gx2)_29,219원/1GB_935,000"
75656726,G.SKILL DDR5-6000 CL28 FLARE X5 J 화이트 패키지,"_64GB(32Gx2)_20,383원/1GB_1,304,540|_32GB(16Gx2)_29,219원/1GB_935,000"
72913520,G.SKILL DDR5-6000 CL28 RIPJAWS M5 NEO RGB 블랙 패키지,"_32GB(16Gx2)_29,844원/1GB_955,000|_64GB(32Gx2)_19,844원/1GB_1,270,000"
75724397,G.SKILL DDR5-6000 CL28 RIPJAWS M5 NEO RGB 화이트 패키지,"_32GB(16Gx2)_29,844원/1GB_955,000|_64GB(32Gx2)_21,455원/1GB_1,373,100"
93385487,G.SKILL DDR5-6000 CL28 TRIDENT Z5 NEO RGB J 패키지,"32GB(16Gx2)_30,469원/1GB_975,000"
67980524,G.SKILL DDR5-6000 CL28 TRIDENT Z5 NEO RGB J 화이트 패키지,"32GB(16Gx2)_30,469원/1GB_975,000"
67847363,G.SKILL DDR5-6000 CL28 TRIDENT Z5 ROYAL NEO 실버 패키지,"32GB(16Gx2)_31,211원/1GB_998,750"
102553352,G.SKILL DDR5-6000 CL30 FLARE X5 AMD 블랙,"8GB_27,250원/1GB_218,000"
40022774,G.SKILL DDR5-6000 CL30 FLARE X5 J 패키지,"_64GB(32Gx2)_24,680원/1GB_1,579,520|_32GB(16Gx2)_26,719원/1GB_855,000"
75724463,G.SKILL DDR5-6000 CL30 RIPJAWS M5 NEO RGB 블랙 패키지,"_32GB(16Gx2)_27,344원/1GB_875,000|_64GB(32Gx2)_24,990원/1GB_1,599,380"
75724553,G.SKILL DDR5-6000 CL30 RIPJAWS M5 NEO RGB 화이트 패키지,"_32GB(16Gx2)_27,344원/1GB_875,000|_64GB(32Gx2)_25,039원/1GB_1,602,500"
56151878,G.SKILL DDR5-6000 CL30 RIPJAWS M5 RGB 블랙 패키지,"_64GB(32Gx2)_25,000원/1GB_1,600,000|_32GB(16Gx2)_27,344원/1GB_875,000"
56151998,G.SKILL DDR5-6000 CL30 RIPJAWS M5 RGB 화이트 패키지,"_64GB(32Gx2)_25,000원/1GB_1,599,990|_32GB(16Gx2)_27,219원/1GB_871,000"
16875872,G.SKILL DDR5-6000 CL30 RIPJAWS S5 J 블랙 패키지,"_64GB(32Gx2)_24,681원/1GB_1,579,610|_32GB(16Gx2)_26,719원/1GB_855,000"
16875908,G.SKILL DDR5-6000 CL30 RIPJAWS S5 J 화이트 패키지,"_64GB(32Gx2)_24,629원/1GB_1,576,260|_32GB(16Gx2)_26,719원/1GB_855,000"
17139398,G.SKILL DDR5-6000 CL30 TRIDENT Z5 J 실버 패키지,"32GB(16Gx2)_27,031원/1GB_865,000"
17139356,G.SKILL DDR5-6000 CL30 TRIDENT Z5 J 패키지,"_64GB(32Gx2)_25,039원/1GB_1,602,500|_32GB(16Gx2)_27,031원/1GB_865,000"
17932031,G.SKILL DDR5-6000 CL30 TRIDENT Z5 NEO J 패키지,"_64GB(32Gx2)_25,039원/1GB_1,602,500|_32GB(16Gx2)_27,031원/1GB_865,000"
40572260,G.SKILL DDR5-6000 CL30 TRIDENT Z5 NEO RGB J 패키지,"_64GB(32Gx2)_25,313원/1GB_1,620,000|_32GB(16Gx2)_27,966원/1GB_894,900"
40579721,G.SKILL DDR5-6000 CL30 TRIDENT Z5 NEO RGB J 화이트 패키지,"_64GB(32Gx2)_25,775원/1GB_1,649,630|_32GB(16Gx2)_28,844원/1GB_923,000"
97841849,G.SKILL DDR5-6000 CL30 TRIDENT Z5 NEO RGB J 화이트 패키지 중고,"32GB(16Gx2)_24,743원/1GB_791,780"
17001209,G.SKILL DDR5-6000 CL30 TRIDENT Z5 RGB J 패키지,"_64GB(32Gx2)_25,313원/1GB_1,620,000|_32GB(16Gx2)_27,969원/1GB_895,000"
21639437,G.SKILL DDR5-6000 CL30 TRIDENT Z5 RGB 화이트 패키지,"64GB(32Gx2)_25,313원/1GB_1,620,000"
17931401,G.SKILL DDR5-6000 CL32 FLARE X5 J 패키지,"32GB(16Gx2)_29,344원/1GB_939,000"
18610958,G.SKILL DDR5-6000 CL32 TRIDENT Z5 NEO RGB J 패키지,"64GB(32Gx2)_24,587원/1GB_1,573,550"
93385544,G.SKILL DDR5-6000 CL32 TRIDENT Z5 NEO RGB J 화이트 패키지,"64GB(32Gx2)_24,687원/1GB_1,579,990"
51541061,G.SKILL DDR5-6000 CL32 TRIDENT Z5 RGB J 화이트 패키지,"32GB(16Gx2)_27,781원/1GB_889,000"
93803003,G.SKILL DDR5-6000 CL34 FLARE X5 J 패키지,"128GB(64Gx2)_22,578원/1GB_2,890,000"
93803096,G.SKILL DDR5-6000 CL34 RIPJAWS S5 J 블랙 패키지,"128GB(64Gx2)_22,578원/1GB_2,890,000"
93803243,G.SKILL DDR5-6000 CL34 TRIDENT Z5 NEO RGB J 패키지,"128GB(64Gx2)_22,930원/1GB_2,935,000"
93803210,G.SKILL DDR5-6000 CL34 TRIDENT Z5 RGB J 패키지,"128GB(64Gx2)_22,930원/1GB_2,935,000"
75656486,G.SKILL DDR5-6000 CL36 AEGIS 5,"_32GB_21,653원/1GB_692,900|_16GB_24,628원/1GB_394,050"
17931533,G.SKILL DDR5-6000 CL36 FLARE X5 J 패키지,"_32GB(16Gx2)_22,234원/1GB_711,500|256GB(64Gx4)_22,654원/1GB_5,799,540|_64GB(32Gx2)_23,425원/1GB_1,499,200"
72913568,G.SKILL DDR5-6000 CL36 FLARE X5 J 화이트 패키지,"64GB(32Gx2)_18,504원/1GB_1,184,230"
78983834,G.SKILL DDR5-6000 CL36 RIPJAWS M5 NEO RGB 블랙 패키지,"_64GB(32Gx2)_23,663원/1GB_1,514,440|_32GB(16Gx2)_22,656원/1GB_725,000"
78983882,G.SKILL DDR5-6000 CL36 RIPJAWS M5 NEO RGB 화이트 패키지,"_64GB(32Gx2)_18,838원/1GB_1,205,630|_32GB(16Gx2)_22,656원/1GB_725,000"
71218634,G.SKILL DDR5-6000 CL36 RIPJAWS M5 RGB 블랙 패키지,"32GB(16Gx2)_22,770원/1GB_728,630"
71218667,G.SKILL DDR5-6000 CL36 RIPJAWS M5 RGB 화이트 패키지,"32GB(16Gx2)_22,767원/1GB_728,530"
16192574,G.SKILL DDR5-6000 CL36 TRIDENT Z5 J 실버 패키지,"32GB(16Gx2)_22,460원/1GB_718,710"
16192424,G.SKILL DDR5-6000 CL36 TRIDENT Z5 J 패키지,"32GB(16Gx2)_22,460원/1GB_718,710"
17932061,G.SKILL DDR5-6000 CL36 TRIDENT Z5 NEO J 패키지,"32GB(16Gx2)_22,469원/1GB_719,000"
17931893,G.SKILL DDR5-6000 CL36 TRIDENT Z5 NEO RGB J 패키지,"256GB(64Gx4)_22,849원/1GB_5,849,330|_64GB(32Gx2)_23,335원/1GB_1,493,460|_32GB(16Gx2)_23,156원/1GB_741,000"
72913682,G.SKILL DDR5-6000 CL36 TRIDENT Z5 NEO RGB J 화이트 패키지,"_64GB(32Gx2)_23,433원/1GB_1,499,710|_32GB(16Gx2)_23,281원/1GB_745,000"
16193702,G.SKILL DDR5-6000 CL36 TRIDENT Z5 RGB J 실버 패키지,"32GB(16Gx2)_22,781원/1GB_729,000"
16193474,G.SKILL DDR5-6000 CL36 TRIDENT Z5 RGB J 패키지,"32GB(16Gx2)_23,184원/1GB_741,900"
15980393,G.SKILL DDR5-6000 CL36 TRIDENT Z5 RGB 패키지,"32GB(16Gx2)_23,406원/1GB_749,000"
21639443,G.SKILL DDR5-6000 CL36 TRIDENT Z5 RGB 화이트 패키지,"32GB(16Gx2)_23,281원/1GB_745,000"
67847120,G.SKILL DDR5-6400 CL30 TRIDENT Z5 NEO RGB J 패키지,"32GB(16Gx2)_28,906원/1GB_925,000"
67847150,G.SKILL DDR5-6400 CL30 TRIDENT Z5 NEO RGB J 화이트 패키지,"32GB(16Gx2)_28,906원/1GB_925,000"
97841837,G.SKILL DDR5-6400 CL30 TRIDENT Z5 NEO RGB J 화이트 패키지 중고,"32GB(16Gx2)_23,578원/1GB_754,510"
67847408,G.SKILL DDR5-6400 CL30 TRIDENT Z5 ROYAL NEO 실버 패키지,"32GB(16Gx2)_31,094원/1GB_995,000"
56152055,G.SKILL DDR5-6400 CL32 RIPJAWS M5 RGB 블랙 패키지,"96GB(48Gx2)_23,646원/1GB_2,270,000|_64GB(32Gx2)_27,652원/1GB_1,769,710|_32GB(16Gx2)_27,344원/1GB_875,000"
56152106,G.SKILL DDR5-6400 CL32 RIPJAWS M5 RGB 화이트 패키지,"_96GB(48Gx2)_23,643원/1GB_2,269,710|64GB(32Gx2)_27,645원/1GB_1,769,300|_32GB(16Gx2)_27,344원/1GB_875,000"
18036602,G.SKILL DDR5-6400 CL32 TRIDENT Z5 RGB J 패키지,"_96GB(48Gx2)_23,848원/1GB_2,289,380|_64GB(32Gx2)_27,964원/1GB_1,789,710|32GB(16Gx2)_27,969원/1GB_895,000"
21639452,G.SKILL DDR5-6400 CL32 TRIDENT Z5 RGB 화이트 패키지,"_64GB(32Gx2)_27,278원/1GB_1,745,820|_32GB(16Gx2)_27,969원/1GB_895,000"
18036605,G.SKILL DDR5-6800 CL34 TRIDENT Z5 RGB J 실버 패키지,"32GB(16Gx2)_27,969원/1GB_895,000"
18036608,G.SKILL DDR5-6800 CL34 TRIDENT Z5 RGB J 패키지,"32GB(16Gx2)_27,969원/1GB_895,000"
18036644,G.SKILL DDR5-7200 CL34 TRIDENT Z5 RGB J 실버 패키지,"32GB(16Gx2)_28,594원/1GB_915,000"
63271535,G.SKILL DDR5-7200 CL34 TRIDENT Z5 ROYAL 골드 패키지,"32GB(16Gx2)_24,546원/1GB_785,460"
20019989,G.SKILL DDR5-7200 CL36 TRIDENT Z5 RGB J 실버 패키지,"48GB(24Gx2)_23,854원/1GB_1,145,000"
20019920,G.SKILL DDR5-7200 CL36 TRIDENT Z5 RGB J 패키지,"48GB(24Gx2)_23,854원/1GB_1,145,000"
58666538,G.SKILL DDR5-7200 CL36 TRIDENT Z5 ROYAL 실버 패키지,"48GB(24Gx2)_28,434원/1GB_1,364,830"
18036659,G.SKILL DDR5-7600 CL36 TRIDENT Z5 RGB J 실버 패키지,"32GB(16Gx2)_29,219원/1GB_935,000"
18036662,G.SKILL DDR5-7600 CL36 TRIDENT Z5 RGB J 패키지,"32GB(16Gx2)_29,219원/1GB_935,000"
7954897,G.SKILL 노트북 DDR4-2666 CL19 RIPJAWS,"_16GB_12,881원/1GB_206,100|_8GB_12,963원/1GB_103,700"
12247271,G.SKILL 노트북 DDR4-3200 CL22 RIPJAWS,"_16GB_13,063원/1GB_209,000|_8GB_13,125원/1GB_105,000"
31050617,G.SKILL 노트북 DDR5-4800 CL40 RIPJAWS,"_32GB_21,519원/1GB_688,610|_16GB_21,438원/1GB_343,000"
104949188,GUDGA DDR5-5600 CL46,16GB_가격비교예정
5528834,GeIL DDR4-2400 CL17 PRISTINE,"8GB_11,621원/1GB_92,970"
6168329,GeIL DDR4-2666 CL19 PRISTINE,"16GB_12,055원/1GB_192,880|_8GB_11,859원/1GB_94,860|_4GB_48,500원/1GB_194,000"
6444542,GeIL DDR4-2666 CL19 SUPER LUCE RGB Sync 화이트 AMD Edition 패키지,"16GB(8Gx2)_9,922원/1GB_158,740"
11183601,GeIL DDR4-3200 CL22 EVO SPEAR,"16GB_13,738원/1GB_219,800"
11277699,GeIL DDR4-3200 CL22 EVO X II AMD Gray RGB,"16GB_12,241원/1GB_195,860"
13151036,GeIL DDR4-3200 CL22 ORION RGB Gray,"8GB_10,719원/1GB_85,750"
10859097,GeIL DDR4-3200 CL22 PRISTINE,"_16GB_11,998원/1GB_191,970|_8GB_12,025원/1GB_96,200"
12586583,GeIL DDR4-3600 CL18 ORION Gray 패키지,"16GB(8Gx2)_9,936원/1GB_158,980"
13122017,GeIL DDR4-3600 CL18 ORION RGB Gray 패키지,"16GB(8Gx2)_10,493원/1GB_167,880"
14613242,GeIL DDR4-3600 CL18-22-22 SUPER LUCE RGB Sync 블랙 패키지,"16GB(8Gx2)_11,268원/1GB_180,280"
6781921,GeIL DDR4-4133 CL19 SUPER LUCE RGB Sync 화이트 패키지,"16GB(8Gx2)_11,191원/1GB_179,050"
21695018,GeIL DDR5-4800 CL40 PRISTINE V,"16GB_22,305원/1GB_356,880"
15630422,GeIL DDR5-5200 CL34 POLARIS RGB Gray 패키지,"32GB(16Gx2)_17,722원/1GB_567,090"
15630473,GeIL DDR5-5200 CL34 POLARIS RGB White 패키지,"32GB(16Gx2)_17,539원/1GB_561,260"
21695117,GeIL DDR5-5200 CL42 PRISTINE V,"16GB_357,990"
22169387,GeIL DDR5-5600 CL38 ORION V RGB 패키지,"32GB(16Gx2)_22,182원/1GB_709,830"
21695174,GeIL DDR5-5600 CL46 PRISTINE V,"16GB_22,305원/1GB_356,880"
93446816,GeIL DDR5-6000 CL30 GEMINI RGB Gray 패키지,"32GB(16Gx2)_22,173원/1GB_709,520"
93446834,GeIL DDR5-6000 CL30 GEMINI RGB White 패키지,"32GB(16Gx2)_22,173원/1GB_709,520"
103599704,GeIL DDR5-6000 CL36 ORION V RGB WHITE 패키지,"32GB(16Gx2)_22,500원/1GB_720,000"
103416014,GeIL DDR5-6000 CL36 ORION V RGB 패키지,"32GB(16Gx2)_22,437원/1GB_717,990"
97124183,GeIL DDR5-6000 CL38 GEMINI RGB Gray 패키지,"32GB(16Gx2)_21,219원/1GB_679,000"
97124186,GeIL DDR5-6000 CL38 GEMINI RGB White 패키지,"32GB(16Gx2)_22,803원/1GB_729,710"
19539965,GeIL DDR5-6000 CL38 POLARIS White 패키지,"32GB(16Gx2)_16,861원/1GB_539,550"
11682743,GeIL 노트북 DDR4-3200 CL22,"_16GB_12,041원/1GB_192,650|_8GB_11,723원/1GB_93,780"
97365275,GeIL 노트북 DDR5-5600 CL46,"16GB_20,949원/1GB_335,190"
28775711,HIKSEMI DDR4-3200 CL18 HIKER,"_8GB_12,499원/1GB_99,990|_16GB_12,205원/1GB_195,280"
100691795,HIKSEMI DDR5-6000 CL38 FUTURE RGB BLACK 패키지,"32GB(16Gx2)_25,000원/1GB_800,000"
100691819,HIKSEMI DDR5-6000 CL38 FUTURE RGB WHITE 패키지,"32GB(16Gx2)_25,000원/1GB_800,000"
100619459,KingBank DDR5-6000 CL30 화이트 패키지,"16GB_24,938원/1GB_399,000"
13387634,OLOy DDR4-3200 CL16 BLADE RGB Black 패키지 올로코리아,"16GB(8Gx2)_14,892원/1GB_238,270"
16906769,OLOy DDR4-3600 CL14 BLADE RGB AL 패키지,"32GB(16Gx2)_15,844원/1GB_507,000"
16745570,OLOy DDR4-3600 CL14 BLADE RGB AL 패키지 올로코리아,"16GB(8Gx2)_15,158원/1GB_242,520"
13723196,OLOy DDR4-3600 CL18 BLADE RGB Black 패키지,"32GB(16Gx2)_14,063원/1GB_450,000"
13723130,OLOy DDR4-3600 CL18 BLADE RGB Black 패키지 올로코리아,"16GB(8Gx2)_14,506원/1GB_232,090"
18919928,OLOy DDR5-4800 CL40 BLADE RGB Black 패키지 올로코리아,"16GB(8Gx2)_27,004원/1GB_432,060"
104938568,OLOy DDR5-5200 CL36 BLADE BLACK 패키지 올로코리아,"32GB(16Gx2)_20,683원/1GB_661,860"
100700609,OLOy DDR5-5200 CL36 BLADE RGB BLACK 패키지 올로코리아,"32GB(16Gx2)_20,997원/1GB_671,900"
100700621,OLOy DDR5-5600 CL40 BLADE RGB BLACK 패키지 올로코리아,"32GB(16Gx2)_22,621원/1GB_723,860"
33368342,OLOy DDR5-6000 CL32 BLADE RGB White 패키지,"32GB(16Gx2)_27,588원/1GB_882,830"
104938637,OLOy DDR5-6000 CL36 BLADE BLACK 패키지 올로코리아,"32GB(16Gx2)_23,331원/1GB_746,580"
104938703,OLOy DDR5-6800 CL32 BLADE BLACK 패키지 올로코리아,"32GB(16Gx2)_26,640원/1GB_852,480"
30331787,OWC 노트북 DDR4-3200 CL22 해외구매,"16GB_6,188원/1GB_99,000"
18452165,PATRIOT DDR3-1600 CL11 SIGNATURE,"4GB_2,650원/1GB_10,600"
11445204,PATRIOT DDR4-3200 CL22 SIGNATURE,"_32GB_13,250원/1GB_424,000|16GB_15,230원/1GB_243,680|_8GB_12,600원/1GB_100,800"
30350876,PATRIOT DDR5-5200 CL40 VIPER VENOM RGB 패키지,"64GB(32Gx2)_18,281원/1GB_1,169,990"
30341201,PATRIOT DDR5-5200 CL40 VIPER VENOM 패키지,"64GB(32Gx2)_17,969원/1GB_1,150,000"
71501081,PATRIOT DDR5-5600 CL36 VIPER Elite 5 RGB,"_16GB_21,874원/1GB_349,980|_32GB_21,874원/1GB_699,980"
30341243,PATRIOT DDR5-5600 CL36 VIPER VENOM 패키지,"32GB(16Gx2)_21,243원/1GB_679,770"
30499496,PATRIOT DDR5-5600 CL38 VIPER Elite 5 RGB,"16GB_21,875원/1GB_350,000"
30350966,PATRIOT DDR5-5600 CL40 VIPER VENOM RGB 패키지,"64GB(32Gx2)_18,750원/1GB_1,199,980"
30341267,PATRIOT DDR5-5600 CL40 VIPER VENOM 패키지,"64GB(32Gx2)_18,268원/1GB_1,169,130"
57709748,PATRIOT DDR5-5600 CL46 EVO,"32GB_21,155원/1GB_676,960|_16GB_20,661원/1GB_330,560|_8GB_24,454원/1GB_195,620"
19390859,PATRIOT DDR5-5600 CL46 SIGNATURE,"_32GB_21,250원/1GB_680,000|_16GB_21,562원/1GB_344,990"
98783168,PATRIOT DDR5-5600 CL46 SIGNATURE CORE,"64GB_21,312원/1GB_1,363,990"
99946529,PATRIOT DDR5-5600 CL46 SIGNATURE PREMIUM 블랙,"8GB_26,104원/1GB_208,790"
95056655,PATRIOT DDR5-6000 CL28 VIPER Elite 5 ULTRA RGB 패키지,"32GB(16Gx2)_25,622원/1GB_819,890"
95057237,PATRIOT DDR5-6000 CL28 VIPER Elite 5 ULTRA 패키지,"32GB(16Gx2)_24,993원/1GB_799,780"
99946718,PATRIOT DDR5-6000 CL30 SIGNATURE PREMIUM EVO 블랙,"16GB_20,703원/1GB_331,250"
99946733,PATRIOT DDR5-6000 CL30 SIGNATURE PREMIUM EVO 화이트,"16GB_20,699원/1GB_331,180"
75465935,PATRIOT DDR5-6000 CL30 VIPER Elite 5,"16GB_20,628원/1GB_330,040"
71501804,PATRIOT DDR5-6000 CL30 VIPER Elite 5 RGB,"16GB_21,279원/1GB_340,470"
77785742,PATRIOT DDR5-6000 CL30 VIPER Elite 5 RGB 패키지,"32GB(16Gx2)_22,187원/1GB_709,990"
75466037,PATRIOT DDR5-6000 CL30 VIPER Elite 5 패키지,"_64GB(32Gx2)_19,531원/1GB_1,249,990|_32GB(16Gx2)_20,618원/1GB_659,770"
56144432,PATRIOT DDR5-6000 CL30 VIPER VENOM RGB 패키지,"_64GB(32Gx2)_19,844원/1GB_1,269,990|_32GB(16Gx2)_22,184원/1GB_709,880"
56144513,PATRIOT DDR5-6000 CL30 VIPER VENOM 패키지,"_64GB(32Gx2)_19,029원/1GB_1,217,840|_32GB(16Gx2)_20,268원/1GB_648,570"
30350996,PATRIOT DDR5-6000 CL36 VIPER VENOM RGB 패키지,"32GB(16Gx2)_22,187원/1GB_709,990"
30341372,PATRIOT DDR5-6000 CL36 VIPER VENOM 패키지,"32GB(16Gx2)_23,125원/1GB_740,000"
30499826,PATRIOT DDR5-6000 CL42 VIPER Elite 5 RGB,"32GB_21,617원/1GB_691,730"
30500066,PATRIOT DDR5-6000 CL42 VIPER Elite 5 RGB 패키지,"96GB(48Gx2)_16,665원/1GB_1,599,820"
30351029,PATRIOT DDR5-6200 CL40 VIPER VENOM RGB 패키지,"32GB(16Gx2)_22,500원/1GB_719,990"
30341402,PATRIOT DDR5-6200 CL40 VIPER VENOM 패키지,"32GB(16Gx2)_21,875원/1GB_699,990"
30500144,PATRIOT DDR5-6200 CL42 VIPER Elite 5 RGB 패키지,"_64GB(32Gx2)_20,088원/1GB_1,285,620|_32GB(16Gx2)_22,495원/1GB_719,850"
75466202,PATRIOT DDR5-6400 CL32 VIPER Elite 5 패키지,"_64GB(32Gx2)_20,012원/1GB_1,280,740|_32GB(16Gx2)_22,187원/1GB_709,990"
30351056,PATRIOT DDR5-6400 CL32 VIPER VENOM RGB 패키지,"32GB(16Gx2)_22,226원/1GB_711,220"
30341426,PATRIOT DDR5-6400 CL32 VIPER VENOM 패키지,"_64GB(32Gx2)_19,790원/1GB_1,266,560|_32GB(16Gx2)_21,617원/1GB_691,730"
30351077,PATRIOT DDR5-6600 CL34 VIPER VENOM RGB 패키지,"32GB(16Gx2)_27,187원/1GB_869,990"
30341480,PATRIOT DDR5-6600 CL34 VIPER VENOM 패키지,"32GB(16Gx2)_26,562원/1GB_849,990"
30612317,PATRIOT DDR5-6600 CL36 VIPER Elite 5 RGB 패키지,"32GB(16Gx2)_27,187원/1GB_869,990"
30351110,PATRIOT DDR5-6800 CL34 VIPER VENOM RGB 패키지,"32GB(16Gx2)_27,812원/1GB_889,990"
30341495,PATRIOT DDR5-6800 CL34 VIPER VENOM 패키지,"32GB(16Gx2)_26,875원/1GB_859,990"
71501885,PATRIOT DDR5-7000 CL32 VIPER Elite 5 RGB 패키지,"32GB(16Gx2)_28,463원/1GB_910,800"
30351131,PATRIOT DDR5-7000 CL32 VIPER VENOM RGB 패키지,"32GB(16Gx2)_31,250원/1GB_999,990"
30341504,PATRIOT DDR5-7000 CL32 VIPER VENOM 패키지,"32GB(16Gx2)_30,625원/1GB_979,990"
30500216,PATRIOT DDR5-7000 CL38 VIPER Elite 5 RGB 패키지,"32GB(16Gx2)_31,250원/1GB_1,000,000"
30351218,PATRIOT DDR5-7200 CL34 VIPER VENOM RGB 패키지,"32GB(16Gx2)_31,562원/1GB_1,009,990"
30341510,PATRIOT DDR5-7200 CL34 VIPER VENOM 패키지,"32GB(16Gx2)_30,937원/1GB_989,990"
30351236,PATRIOT DDR5-7400 CL36 VIPER VENOM RGB 패키지,"32GB(16Gx2)_31,875원/1GB_1,019,990"
30341525,PATRIOT DDR5-7400 CL36 VIPER VENOM 패키지,"32GB(16Gx2)_31,250원/1GB_999,990"
95057837,PATRIOT DDR5-8000 CL38 VIPER Xtreme5 RGB 패키지,"32GB(16Gx2)_25,879원/1GB_828,130"
11445372,PATRIOT 노트북 DDR4-3200 CL22 SIGNATURE,"_16GB_10,364원/1GB_165,820|_8GB_12,906원/1GB_103,250|4GB_13,743원/1GB_54,970"
71425031,PATRIOT 노트북 DDR5-5600 CL46 SIGNATURE,"_32GB_16,563원/1GB_530,000|_16GB_20,938원/1GB_335,000"
11627192,PNY DDR4-2666 Performance,"16GB_11,875원/1GB_190,000"
100447838,Ramaxel 노트북 DDR5-4800 중고,"12GB_12,416원/1GB_148,990"
5800064,SK하이닉스 DDR2-667 중고,"2GB_4,900원/1GB_9,800"
17241983,SK하이닉스 DDR2-800 중고,"_2GB_15,155원/1GB_30,310|_4GB_21,868원/1GB_87,470"
5728455,SK하이닉스 DDR3-1333 중고,"4GB_1,750원/1GB_7,000"
5947795,SK하이닉스 DDR3-1600,"2GB_9,000원/1GB_18,000"
5547988,SK하이닉스 DDR3-1600 중고,"_8GB_3,125원/1GB_25,000|_4GB_2,000원/1GB_8,000"
4340385,SK하이닉스 DDR4-2133,"4GB_7,500원/1GB_30,000"
18782606,SK하이닉스 DDR4-2133 ECC/REG 중고,"16GB_8,675원/1GB_138,800"
5718625,SK하이닉스 DDR4-2400,"4GB_7,750원/1GB_31,000"
19266986,SK하이닉스 DDR4-2400 중고,"4GB_8,750원/1GB_35,000"
10376604,SK하이닉스 DDR4-2666 중고,"_16GB_9,993원/1GB_159,890|_8GB_10,000원/1GB_80,000"
99639581,SK하이닉스 DDR4-3200,"16GB_14,844원/1GB_237,510"
15577976,SK하이닉스 DDR4-3200 중고,"_16GB_11,453원/1GB_183,250|_8GB_10,675원/1GB_85,400|4GB_7,198원/1GB_28,790"
18883523,SK하이닉스 DDR5-5600,"_32GB_26,757원/1GB_856,220|_16GB_24,312원/1GB_388,990|8GB_28,750원/1GB_230,000"
18698351,SK하이닉스 DDR5-5600 병행수입,"16GB_26,487원/1GB_423,790"
5800721,SK하이닉스 노트북 DDR2-533 중고,"512MB_10,000"
1001342,SK하이닉스 노트북 DDR2-667 병행수입,"2GB_7,950원/1GB_15,900"
5800734,SK하이닉스 노트북 DDR2-667 중고,"512MB_15,000"
929549,SK하이닉스 노트북 DDR2-800 병행수입,"_1GB_8,900원/1GB_8,900|_2GB_8,000원/1GB_16,000"
5799891,SK하이닉스 노트북 DDR2-800 중고,"_4GB_24,200원/1GB_96,800|_2GB_12,500원/1GB_25,000|1GB_16,000원/1GB_16,000"
1678154,SK하이닉스 노트북 DDR3-1066,"_4GB_12,500원/1GB_50,000|_2GB_8,450원/1GB_16,900|1GB_4,700원/1GB_4,700"
5728643,SK하이닉스 노트북 DDR3-1066 병행수입,"2GB_8,400원/1GB_16,800"
5728635,SK하이닉스 노트북 DDR3-1066 중고,"_4GB_14,875원/1GB_59,500|_2GB_1,235원/1GB_2,470"
1331603,SK하이닉스 노트북 DDR3-1333,"_4GB_6,250원/1GB_25,000|_2GB_5,000원/1GB_10,000|1GB_23,000원/1GB_23,000"
5728737,SK하이닉스 노트북 DDR3-1333 병행수입,"_1GB_15,800원/1GB_15,800|_4GB_7,375원/1GB_29,500"
5728302,SK하이닉스 노트북 DDR3-1333 중고,"8GB_11,188원/1GB_89,500|_4GB_4,250원/1GB_17,000|_2GB_1,495원/1GB_2,990|1GB_5,300원/1GB_5,300"
3380679,SK하이닉스 노트북 DDR3-1600 1.35V 병행수입,"4GB_6,975원/1GB_27,900"
17811926,SK하이닉스 노트북 DDR3-1600 1.35V 중고,"4GB_2,498원/1GB_9,990"
1883084,SK하이닉스 노트북 DDR3-1600 병행수입,"8GB_7,250원/1GB_58,000"
5547576,SK하이닉스 노트북 DDR3-1600 중고,"8GB_3,000원/1GB_24,000|_4GB_2,243원/1GB_8,970|_2GB_1,495원/1GB_2,990"
5706778,SK하이닉스 노트북 DDR4-2133,"8GB_12,125원/1GB_97,000"
5706426,SK하이닉스 노트북 DDR4-2133 중고,"_8GB_11,500원/1GB_92,000|_4GB_6,225원/1GB_24,900"
16946420,SK하이닉스 노트북 DDR4-2400 중고,"_8GB_9,013원/1GB_72,100|_4GB_6,975원/1GB_27,900|2GB_8,000원/1GB_16,000"
13057079,SK하이닉스 노트북 DDR4-2666 중고,"_4GB_8,000원/1GB_32,000|_16GB_8,663원/1GB_138,600|8GB_11,000원/1GB_88,000"
16121639,SK하이닉스 노트북 DDR4-3200 중고,"_8GB_11,150원/1GB_89,200|_4GB_8,525원/1GB_34,100"
17390087,SK하이닉스 노트북 DDR5-4800 중고,"8GB_17,871원/1GB_142,970"
20199452,SK하이닉스 노트북 DDR5-5600 중고,"_16GB_24,999원/1GB_399,990|_8GB_19,874원/1GB_158,990"
13603805,SOUTH BRIDGE DDR3-1600,"8GB_2,850원/1GB_22,800"
13568831,SOUTH BRIDGE 노트북 DDR4-2666,"16GB_8,625원/1GB_138,000"
14205473,SOUTH BRIDGE 노트북용 DDR3L-1600 1.35V,"8GB_3,200원/1GB_25,600"
1699045,TeamGroup DDR3-1600 Elite,"8GB_2,763원/1GB_22,100"
5680228,TeamGroup DDR4-2666 Elite,"8GB_10,750원/1GB_86,000"
10188141,TeamGroup DDR4-3200 Elite,"_16GB_12,813원/1GB_205,000|_8GB_11,871원/1GB_94,970"
14907443,TeamGroup DDR4-3200 Elite 서린,"32GB_13,250원/1GB_424,000|_16GB_12,868원/1GB_205,880|_8GB_12,244원/1GB_97,950"
17845256,TeamGroup DDR5-4800 CL40 Elite Plus 실버 서린,"_32GB_16,350원/1GB_523,200|_16GB_18,688원/1GB_299,000"
17535233,TeamGroup DDR5-4800 CL40 Elite 서린,"_32GB_17,891원/1GB_572,500|_16GB_22,927원/1GB_366,830"
18767360,TeamGroup DDR5-5200 CL42 Elite 서린,"16GB_23,063원/1GB_369,000"
37345886,TeamGroup DDR5-5600 CL46 Elite,"32GB_21,328원/1GB_682,500|_16GB_22,656원/1GB_362,500|_8GB_24,999원/1GB_199,990"
74421821,TeamGroup DDR5-5600 CL46 Elite Plus 블랙,"32GB_21,313원/1GB_682,000"
27545675,TeamGroup DDR5-5600 CL46 Elite Plus 블랙 서린,"_16GB_53,281원/1GB_852,500|_32GB_21,309원/1GB_681,890"
18768470,TeamGroup DDR5-5600 CL46 Elite Plus 실버 서린,"_32GB_17,888원/1GB_572,400|_16GB_19,119원/1GB_305,900"
17535839,TeamGroup DDR5-5600 CL46 Elite 서린,"_32GB_21,093원/1GB_674,990|_16GB_24,364원/1GB_389,830|8GB_25,048원/1GB_200,380"
31424087,TeamGroup DDR5-6000 CL48 Elite 서린,"32GB_19,912원/1GB_637,190"
13981076,TeamGroup T-CREATE DDR4-3600 CL18 EXPERT OC10L 패키지 서린,"16GB(8Gx2)_13,700원/1GB_219,200"
19566122,TeamGroup T-CREATE DDR5-5600 CL46 CLASSIC 패키지 서린,"_64GB(32Gx2)_20,306원/1GB_1,299,570|_32GB(16Gx2)_23,312원/1GB_745,990"
20546438,TeamGroup T-CREATE DDR5-6000 CL30 EXPERT 패키지 서린,"32GB(16Gx2)_23,062원/1GB_737,990"
20546684,TeamGroup T-CREATE DDR5-6000 CL30 EXPERT 화이트 패키지 서린,"32GB(16Gx2)_23,093원/1GB_738,990"
19566788,TeamGroup T-CREATE DDR5-6000 CL34 EXPERT 패키지 서린,"64GB(32Gx2)_21,088원/1GB_1,349,630"
20546735,TeamGroup T-CREATE DDR5-6000 CL34 EXPERT 화이트 패키지 서린,"64GB(32Gx2)_21,093원/1GB_1,349,980"
19567433,TeamGroup T-CREATE DDR5-6000 CL48 CLASSIC 패키지 서린,"32GB(16Gx2)_23,586원/1GB_754,750"
19567934,TeamGroup T-CREATE DDR5-6400 CL34 EXPERT 패키지 서린,"64GB(32Gx2)_24,683원/1GB_1,579,730"
20547080,TeamGroup T-CREATE DDR5-6400 CL34 EXPERT 화이트 패키지 서린,"64GB(32Gx2)_24,686원/1GB_1,579,890"
96773624,TeamGroup T-CREATE DDR5-6400 CL42 EXPERT 패키지 서린,"128GB(64Gx2)_21,875원/1GB_2,799,980"
96773702,TeamGroup T-CREATE DDR5-6400 CL42 EXPERT 화이트 패키지 서린,"128GB(64Gx2)_21,866원/1GB_2,798,880"
31424498,TeamGroup T-CREATE DDR5-7200 CL34 EXPERT 패키지 서린,"_48GB(24Gx2)_20,804원/1GB_998,610|_32GB(16Gx2)_24,357원/1GB_779,420"
31424435,TeamGroup T-CREATE DDR5-7200 CL34 EXPERT 화이트 패키지 서린,"_48GB(24Gx2)_20,809원/1GB_998,810|_32GB(16Gx2)_24,997원/1GB_799,900"
28806803,TeamGroup T-CREATE 노트북 DDR5-5600 CL46-45-45 CLASSIC 서린,"_32GB_21,562원/1GB_689,980|_16GB_21,862원/1GB_349,790"
8714552,TeamGroup T-Force DDR4-2666 CL18 T1 GAMING,"4GB_7,750원/1GB_31,000"
9268803,TeamGroup T-Force DDR4-3000 CL16 Vulcan Z Gray,"4GB_8,250원/1GB_33,000"
6935872,TeamGroup T-Force DDR4-3200 CL16 Delta RGB 패키지,"_32GB(16Gx2)_13,945원/1GB_446,240|_16GB(8Gx2)_14,375원/1GB_230,000"
7320400,TeamGroup T-Force DDR4-3200 CL16 Delta RGB 패키지 서린,"16GB(8Gx2)_14,006원/1GB_224,090"
11379687,TeamGroup T-Force DDR4-3200 CL16 Delta RGB 화이트 서린,"32GB_12,588원/1GB_402,800"
7320475,TeamGroup T-Force DDR4-3200 CL16 Delta RGB 화이트 패키지 서린,"_32GB(16Gx2)_14,219원/1GB_455,000|_16GB(8Gx2)_14,006원/1GB_224,090"
11462262,TeamGroup T-Force DDR4-3200 CL16 XTREEM ARGB 패키지,"16GB(8Gx2)_14,918원/1GB_238,680"
12958028,TeamGroup T-Force DDR4-3200 CL16-20-20 Delta RGB 패키지,"32GB(16Gx2)_14,078원/1GB_450,500"
12876455,TeamGroup T-Force DDR4-3200 CL16-20-20 Delta RGB 패키지 서린,"32GB(16Gx2)_14,016원/1GB_448,500"
12958241,TeamGroup T-Force DDR4-3200 CL16-20-20 Delta RGB 화이트 패키지,"32GB(16Gx2)_14,580원/1GB_466,550"
12876503,TeamGroup T-Force DDR4-3200 CL16-20-20 Delta RGB 화이트 패키지 서린,"32GB(16Gx2)_14,016원/1GB_448,500"
11858860,TeamGroup T-Force DDR4-3600 CL18 Delta RGB 패키지,"32GB(16Gx2)_14,240원/1GB_455,690"
11380119,TeamGroup T-Force DDR4-3600 CL18 Delta RGB 패키지 서린,"_32GB(16Gx2)_14,375원/1GB_460,000|_16GB(8Gx2)_14,191원/1GB_227,050"
11858869,TeamGroup T-Force DDR4-3600 CL18 Delta RGB 화이트 패키지,"_32GB(16Gx2)_14,375원/1GB_460,000|_16GB(8Gx2)_14,563원/1GB_233,000"
11380467,TeamGroup T-Force DDR4-3600 CL18 Delta RGB 화이트 패키지 서린,"_32GB(16Gx2)_14,375원/1GB_460,000|_16GB(8Gx2)_14,188원/1GB_227,000"
7305265,TeamGroup T-Force DDR4-3600 CL18 Night Hawk RGB 패키지 서린,"16GB(8Gx2)_8,388원/1GB_134,200"
7659601,TeamGroup T-Force DDR4-4000 CL18 XCALIBUR PG RGB 패키지 서린,"16GB(8Gx2)_14,300원/1GB_228,800"
18134786,TeamGroup T-Force DDR5-5600 CL32 Delta RGB 패키지,"32GB(16Gx2)_30,041원/1GB_961,320"
18497117,TeamGroup T-Force DDR5-5600 CL36 Delta RGB 패키지,"32GB(16Gx2)_23,274원/1GB_744,770"
19552202,TeamGroup T-Force DDR5-5600 CL36 Delta RGB 패키지 서린,"64GB(32Gx2)_21,083원/1GB_1,349,290"
18497126,TeamGroup T-Force DDR5-5600 CL36 Delta RGB 화이트 패키지,"32GB(16Gx2)_24,031원/1GB_769,000"
74341889,TeamGroup T-Force DDR5-6000 CL28 Delta RGB 블랙 패키지 서린,"32GB(16Gx2)_28,740원/1GB_919,670"
74341892,TeamGroup T-Force DDR5-6000 CL28 Delta RGB 화이트 패키지 서린,"32GB(16Gx2)_28,737원/1GB_919,590"
18134999,TeamGroup T-Force DDR5-6000 CL30 Delta RGB 패키지,"32GB(16Gx2)_23,750원/1GB_759,990"
18135029,TeamGroup T-Force DDR5-6000 CL30 Delta RGB 화이트 패키지,"32GB(16Gx2)_23,750원/1GB_759,990"
67693613,TeamGroup T-Force DDR5-6000 CL30 XTREEM ARGB 패키지 서린,"32GB(16Gx2)_26,875원/1GB_860,000"
16034945,TeamGroup T-Force DDR5-6000 CL38 Delta RGB 패키지 서린,"_64GB(32Gx2)_21,394원/1GB_1,369,210|_32GB(16Gx2)_23,114원/1GB_739,650"
29483009,TeamGroup T-Force DDR5-6000 CL38 Delta RGB 화이트 패키지,"32GB(16Gx2)_23,062원/1GB_737,990"
16443341,TeamGroup T-Force DDR5-6000 CL38 Delta RGB 화이트 패키지 서린,"_64GB(32Gx2)_21,391원/1GB_1,369,010|_32GB(16Gx2)_23,125원/1GB_740,000"
67693646,TeamGroup T-Force DDR5-6400 CL32 XTREEM ARGB 패키지 서린,"32GB(16Gx2)_27,187원/1GB_869,990"
18135167,TeamGroup T-Force DDR5-7200 CL34 Delta RGB 패키지,"32GB(16Gx2)_25,625원/1GB_819,990"
18135173,TeamGroup T-Force DDR5-7200 CL34 Delta RGB 화이트 패키지,"32GB(16Gx2)_25,625원/1GB_819,990"
67693715,TeamGroup T-Force DDR5-7200 CL34 XTREEM ARGB 패키지 서린,"32GB(16Gx2)_25,934원/1GB_829,890"
74341913,TeamGroup T-Force DDR5-7200 CL34 XTREEM ARGB 화이트 패키지 서린,"32GB(16Gx2)_25,928원/1GB_829,710"
18207182,TeamGroup T-Force DDR5-7600 CL36 Delta RGB 패키지,"32GB(16Gx2)_20,206원/1GB_646,600"
18207233,TeamGroup T-Force DDR5-7600 CL36 Delta RGB 화이트 패키지,"32GB(16Gx2)_20,206원/1GB_646,600"
20547287,TeamGroup T-Force DDR5-8000 CL38 Delta RGB 화이트 패키지,"32GB(16Gx2)_26,250원/1GB_839,990"
13965674,TeamGroup T-Force 노트북 DDR4-3200 CL22 ZEUS,"8GB_10,378원/1GB_83,020"
17712185,TeamGroup T-Force 노트북 DDR4-3200 CL22 ZEUS 해외구매,"8GB_7,399원/1GB_59,190"
7119331,Terabyte Ramonster DDR4-2666 CL19 BLACK,"_8GB_11,113원/1GB_88,900|_4GB_7,500원/1GB_30,000"
18274718,Terabyte Ramonster DDR4-3200 CL22,"_16GB_12,321원/1GB_197,140|_8GB_11,188원/1GB_89,500"
11055783,Terabyte Ramonster DDR4-3200 CL22 BLACK,"_16GB_13,098원/1GB_209,560|_8GB_11,550원/1GB_92,400"
7643122,Terabyte Ramonster 노트북 DDR4-2666 CL19,"4GB_7,250원/1GB_29,000"
18325712,Terabyte Ramonster 노트북 DDR4-3200 CL22,"4GB_5,750원/1GB_23,000"
19018217,V-Color DDR4-2666 CL19 ECC 패키지,"32GB(16Gx2)_17,130원/1GB_548,150"
11587076,V-Color DDR4-4000 CL19 PRISM PRO RGB SILVER 패키지,"16GB(8Gx2)_17,500원/1GB_280,000"
16025600,V-Color Manta DDR5-6200 CL40 RGB 골든아미스 패키지,"32GB(16Gx2)_21,500원/1GB_688,000"
104751800,V-Color Manta XSKY DDR5-6000 CL30 RGB EXPO 패키지,"32GB(16Gx2)_22,343원/1GB_714,990"
5514214,V-Color 컬러풀 DDR3-1600,"8GB_2,625원/1GB_21,000"
15176300,골든메모리 DDR3-1600,"8GB_2,875원/1GB_23,000"
15176405,골든메모리 노트북 DDR3-1600,"8GB_3,375원/1GB_27,000"
5850669,마이크론 Crucial DDR3-1600 중고,"_8GB_2,625원/1GB_21,000|_4GB_2,750원/1GB_11,000"
10294092,마이크론 Crucial DDR4-3200 CL22,"_16GB_11,249원/1GB_179,990|_8GB_13,999원/1GB_111,990"
100273145,마이크론 Crucial DDR4-3200 CL22 PRO 패키지 대원씨티에스,"32GB(16Gx2)_12,107원/1GB_387,420"
35805935,마이크론 Crucial DDR4-3200 CL22 대원씨티에스,"_16GB_13,369원/1GB_213,910|_8GB_14,819원/1GB_118,550"
101628713,마이크론 Crucial DDR4-3200 중고,"8GB_12,000원/1GB_96,000"
15988694,마이크론 Crucial DDR5-4800 CL40,"8GB_23,750원/1GB_190,000"
15627671,마이크론 Crucial DDR5-4800 CL40 패키지,"16GB(8Gx2)_30,000원/1GB_480,000"
76946597,마이크론 Crucial DDR5-5600 CL46,"_64GB_23,703원/1GB_1,517,020|32GB_21,866원/1GB_699,720|16GB_22,143원/1GB_354,290|_8GB_25,575원/1GB_204,600"
28640519,마이크론 Crucial DDR5-5600 CL46 PRO 대원씨티에스,"64GB_21,511원/1GB_1,376,680|_32GB_23,263원/1GB_744,430|_16GB_21,999원/1GB_351,990"
33386738,마이크론 Crucial DDR5-5600 CL46 PRO 아스크텍,"_32GB_24,278원/1GB_776,880|_16GB_23,827원/1GB_381,230"
20369066,마이크론 Crucial DDR5-5600 CL46 PRO 패키지 대원씨티에스,"_96GB(48Gx2)_20,518원/1GB_1,969,700|64GB(32Gx2)_23,078원/1GB_1,476,990|_32GB(16Gx2)_24,423원/1GB_781,540"
28553522,마이크론 Crucial DDR5-5600 CL46 PRO 패키지 아스크텍,"_64GB(32Gx2)_22,119원/1GB_1,415,610|_32GB(16Gx2)_25,716원/1GB_822,900"
20369126,마이크론 Crucial DDR5-5600 CL46 대원씨티에스,"64GB_20,305원/1GB_1,299,520|_32GB_20,854원/1GB_667,320|_16GB_22,020원/1GB_352,320|8GB_26,058원/1GB_208,460"
93806003,마이크론 Crucial DDR5-5600 CL46 패키지 대원씨티에스,"128GB(64Gx2)_20,377원/1GB_2,608,270"
91040711,마이크론 Crucial DDR5-5600 CL46 패키지 아스크텍,"64GB(32Gx2)_21,814원/1GB_1,396,110"
54100055,마이크론 Crucial DDR5-6000 CL36 PRO Overclocking White 패키지 대원씨티에스,"32GB(16Gx2)_29,063원/1GB_930,000"
54214406,마이크론 Crucial DDR5-6000 CL36 PRO Overclocking White 패키지 아스크텍,"32GB(16Gx2)_25,772원/1GB_824,690"
39102770,마이크론 Crucial DDR5-6000 CL36 PRO Overclocking 패키지 대원씨티에스,"32GB(16Gx2)_23,352원/1GB_747,270"
39767693,마이크론 Crucial DDR5-6000 CL36 PRO Overclocking 패키지 아스크텍,"32GB(16Gx2)_23,094원/1GB_739,000"
28480007,마이크론 Crucial DDR5-6000 CL48 PRO 패키지 대원씨티에스,"_48GB(24Gx2)_20,833원/1GB_1,000,000|_32GB(16Gx2)_31,250원/1GB_1,000,000"
100273628,마이크론 Crucial DDR5-6400 CL32 PRO Overclocking White 패키지 대원씨티에스,"32GB(16Gx2)_25,834원/1GB_826,700"
99553838,마이크론 Crucial DDR5-6400 CL32 PRO Overclocking White 패키지 아스크텍,"32GB(16Gx2)_26,007원/1GB_832,210"
100273607,마이크론 Crucial DDR5-6400 CL32 PRO Overclocking 패키지 대원씨티에스,"32GB(16Gx2)_26,111원/1GB_835,550"
99553832,마이크론 Crucial DDR5-6400 CL32 PRO Overclocking 패키지 아스크텍,"32GB(16Gx2)_25,773원/1GB_824,740"
71158334,마이크론 Crucial DDR5-6400 CL38 PRO Overclocking White 패키지 대원씨티에스,"32GB(16Gx2)_25,944원/1GB_830,210"
99749609,마이크론 Crucial DDR5-6400 CL38 PRO Overclocking 대원씨티에스,"16GB_25,279원/1GB_404,470"
71061959,마이크론 Crucial DDR5-6400 CL38 PRO Overclocking 패키지 대원씨티에스,"32GB(16Gx2)_21,844원/1GB_699,000"
69566999,마이크론 Crucial DDR5-6400 CL38 PRO Overclocking 패키지 아스크텍,"32GB(16Gx2)_27,383원/1GB_876,250"
77791217,마이크론 Crucial DDR5-6400 CL52 CUDIMM 대원씨티에스,"_32GB_23,793원/1GB_761,390|_16GB_25,900원/1GB_414,400"
76946702,마이크론 Crucial DDR5-6400 CL52 CUDIMM 아스크텍,"_64GB_23,375원/1GB_1,496,000|32GB_24,728원/1GB_791,300|_16GB_25,781원/1GB_412,500"
99749612,마이크론 Crucial DDR5-6400 CL52 CUDIMM 패키지 대원씨티에스,"32GB(16Gx2)_25,295원/1GB_809,450"
16343636,마이크론 Crucial 노트북 DDR4-3200 CL22,"32GB_12,031원/1GB_385,000|_16GB_10,229원/1GB_163,660|_8GB_8,319원/1GB_66,550"
74884730,마이크론 Crucial 노트북 DDR4-3200 CL22 대원씨티에스,"_32GB_10,684원/1GB_341,900|_8GB_13,345원/1GB_106,760"
16524281,마이크론 Crucial 노트북 DDR4-3200 CL22 중고,"4GB_5,500원/1GB_22,000"
17871047,마이크론 Crucial 노트북 DDR4-3200 CL22 해외구매,"_16GB_6,676원/1GB_106,810|_8GB_17,755원/1GB_142,040"
17285078,마이크론 Crucial 노트북 DDR5-4800 CL40,"8GB_21,250원/1GB_170,000"
30268256,마이크론 Crucial 노트북 DDR5-5600 CL46,"_32GB_20,568원/1GB_658,180|_16GB_22,241원/1GB_355,860"
54966677,마이크론 Crucial 노트북 DDR5-5600 CL46 대원씨티에스,"_32GB_21,491원/1GB_687,710|_16GB_22,489원/1GB_359,830"
18782588,마이크론 DDR4-2133 ECC/REG 중고,"_16GB_8,050원/1GB_128,800|_8GB_21,100원/1GB_168,800"
17443334,마이크론 DDR4-2400 중고,"8GB_9,625원/1GB_77,000"
31423763,마이크론 DDR5-4800 CL40 ECC/REG 대원씨티에스,"32GB_59,063원/1GB_1,890,000"
71502218,마이크론 노트북 DDR5-5600 중고,"8GB_18,749원/1GB_149,990"
65303783,비즈텍 TREAVE DDR4-2666 CL19,"_16GB_11,639원/1GB_186,220|_8GB_11,466원/1GB_91,730|4GB_5,173원/1GB_20,690"
65303720,비즈텍 TREAVE DDR4-3200 CL22,"32GB_12,311원/1GB_393,950|_16GB_11,801원/1GB_188,810|_8GB_13,494원/1GB_107,950"
64379654,비즈텍 TREAVE DDR5-5600 CL46,"_32GB_18,497원/1GB_591,900|_16GB_21,965원/1GB_351,440"
99128828,비즈텍 TREAVE DDR5-5600 CL46 ARGB 블랙,"32GB_18,983원/1GB_607,470"
65303753,비즈텍 TREAVE 노트북 DDR4-2666 CL19,"_16GB_11,360원/1GB_181,750|_8GB_11,681원/1GB_93,450"
64379612,비즈텍 TREAVE 노트북 DDR4-3200 CL22,"32GB_12,141원/1GB_388,500|_16GB_11,809원/1GB_188,940|_8GB_13,755원/1GB_110,040"
64379729,비즈텍 TREAVE 노트북 DDR5-5600 CL46,"_32GB_18,497원/1GB_591,900|_16GB_20,668원/1GB_330,670"
5580669,삼성전자 DDR2-667 중고,"_2GB_2,000원/1GB_4,000|_1GB_4,910원/1GB_4,910"
744616,삼성전자 DDR2-800 중고,"_2GB_4,990원/1GB_9,980|_1GB_3,800원/1GB_3,800"
5580431,삼성전자 DDR3-1066 중고,"_4GB_3,883원/1GB_15,530|2GB_2,140원/1GB_4,280|_1GB_3,080원/1GB_3,080"
5655412,삼성전자 DDR3-1333 ECC 중고,"8GB_11,250원/1GB_90,000"
12823511,삼성전자 DDR3-1333 ECC/REG 중고,"_8GB_1,975원/1GB_15,800|_4GB_1,450원/1GB_5,800"
1228209,삼성전자 DDR3-1333 방열판,"4GB_8,750원/1GB_35,000"
843710,삼성전자 DDR3-1333 병행수입,"2GB_5,900원/1GB_11,800"
5441273,삼성전자 DDR3-1333 중고,"8GB_3,313원/1GB_26,500|_4GB_1,118원/1GB_4,470|_2GB_1,000원/1GB_2,000|1GB_2,000원/1GB_2,000"
1144692,삼성전자 DDR3-1333U 중고,"4GB_1,373원/1GB_5,490"
1304396,삼성전자 DDR3-1600,"4GB_2,225원/1GB_8,900"
12823175,삼성전자 DDR3-1600 ECC 중고,"8GB_11,250원/1GB_90,000"
15253352,삼성전자 DDR3-1600 ECC/REG 중고,"_16GB_1,981원/1GB_31,700|_8GB_8,600원/1GB_68,800"
12823616,삼성전자 DDR3-1600 ECC/Unbuffered 중고,"_8GB_3,900원/1GB_31,200|_4GB_4,625원/1GB_18,500"
1772613,삼성전자 DDR3-1600 방열판,"_8GB_10,000원/1GB_80,000|_4GB_5,250원/1GB_21,000|2GB_12,350원/1GB_24,700"
1792298,삼성전자 DDR3-1600 병행수입,"_8GB_2,938원/1GB_23,500|_4GB_7,500원/1GB_30,000|2GB_7,500원/1GB_15,000"
5549101,삼성전자 DDR3-1600 중고,"_8GB_2,750원/1GB_22,000|_4GB_1,170원/1GB_4,680|2GB_2,370원/1GB_4,740"
3201319,삼성전자 DDR4-2133 ECC/REG,"_32GB_17,188원/1GB_550,000|16GB_11,875원/1GB_190,000|_8GB_10,590원/1GB_84,720"
17190479,삼성전자 DDR4-2133 ECC/REG 중고,"16GB_8,675원/1GB_138,800"
17288240,삼성전자 DDR4-2133 ECC/Unbuffered 중고,"16GB_18,125원/1GB_290,000"
5676841,삼성전자 DDR4-2133 중고,"16GB_8,156원/1GB_130,500|_8GB_7,841원/1GB_62,730|_4GB_5,973원/1GB_23,890"
4343051,삼성전자 DDR4-2400,"_16GB_9,435원/1GB_150,960|_8GB_7,999원/1GB_63,990|4GB_7,483원/1GB_29,930"
5448638,삼성전자 DDR4-2400 ECC/REG,"_32GB_14,214원/1GB_454,860|_16GB_13,908원/1GB_222,530|8GB_17,500원/1GB_140,000"
17899709,삼성전자 DDR4-2400 ECC/REG 중고,"_32GB_11,963원/1GB_382,800|_16GB_10,863원/1GB_173,800"
11644949,삼성전자 DDR4-2400 중고,"_16GB_8,400원/1GB_134,400|8GB_8,466원/1GB_67,730|_4GB_5,973원/1GB_23,890"
5941995,삼성전자 DDR4-2666,"_16GB_11,799원/1GB_188,790|_8GB_10,580원/1GB_84,640"
10824564,삼성전자 DDR4-2666 ECC/REG,"_32GB_17,522원/1GB_560,700|_16GB_11,875원/1GB_190,000|8GB_13,750원/1GB_110,000"
11631995,삼성전자 DDR4-2666 ECC/Unbuffered,"32GB_15,313원/1GB_490,000|_16GB_20,625원/1GB_330,000|_8GB_15,000원/1GB_120,000"
8158972,삼성전자 DDR4-2666 중고,"32GB_9,153원/1GB_292,910|_16GB_9,299원/1GB_148,780|_8GB_8,250원/1GB_66,000|4GB_6,053원/1GB_24,210"
10376427,삼성전자 DDR4-2933,"_32GB_10,684원/1GB_341,900|16GB_11,276원/1GB_180,410|_8GB_11,875원/1GB_95,000"
11541968,삼성전자 DDR4-2933 ECC/REG,"_128GB_13,672원/1GB_1,750,030|64GB_13,156원/1GB_842,000|32GB_18,031원/1GB_576,990|_16GB_16,052원/1GB_256,830"
13826867,삼성전자 DDR4-2933 ECC/Unbuffered,"32GB_17,830원/1GB_570,570|_16GB_20,625원/1GB_330,000|_8GB_10,219원/1GB_81,740"
17844794,삼성전자 DDR4-2933 중고,"8GB_7,880원/1GB_63,040"
11541857,삼성전자 DDR4-3200,"32GB_12,965원/1GB_414,870|_16GB_13,637원/1GB_218,190|_8GB_11,738원/1GB_93,900|4GB_9,888원/1GB_39,550"
13432970,삼성전자 DDR4-3200 ECC/REG,"128GB_17,889원/1GB_2,289,810|64GB_14,198원/1GB_908,660|_32GB_17,733원/1GB_567,460|_16GB_16,078원/1GB_257,250|8GB_21,250원/1GB_170,000"
37693463,삼성전자 DDR4-3200 ECC/Unbuffered,"32GB_20,313원/1GB_650,000"
15578048,삼성전자 DDR4-3200 중고,"32GB_10,875원/1GB_347,990|_16GB_11,110원/1GB_177,760|_8GB_10,625원/1GB_85,000|4GB_7,998원/1GB_31,990"
15764342,삼성전자 DDR5-4800,"_32GB_21,431원/1GB_685,800|_16GB_25,525원/1GB_408,400|8GB_25,960원/1GB_207,680"
21678716,삼성전자 DDR5-4800 ECC/REG,"_64GB_35,990원/1GB_2,303,380|_32GB_48,645원/1GB_1,556,650|16GB_51,888원/1GB_822,130"
16390268,삼성전자 DDR5-4800 병행수입,"32GB_26,559원/1GB_849,900"
18911780,삼성전자 DDR5-5600,"_32GB_25,281원/1GB_809,000|수량별배송비 32GB_27,008원/1GB_864,230|_16GB_24,269원/1GB_388,300|수량별배송비 16GB_26,023원/1GB_415,340|8GB_26,625원/1GB_213,000"
79408823,삼성전자 DDR5-5600 ECC/REG,"128GB_37,839원/1GB_4,843,360|_64GB_43,052원/1GB_2,755,310|_32GB_48,429원/1GB_1,549,740|16GB_53,125원/1GB_850,000"
103130627,삼성전자 DDR5-6400 ECC/REG,"64GB_36,499원/1GB_2,335,960"
5580681,삼성전자 노트북 DDR2-533 중고,"1GB_6,440원/1GB_6,440"
5580847,삼성전자 노트북 DDR2-667 병행수입,"2GB_9,000원/1GB_18,000"
863361,삼성전자 노트북 DDR2-667 중고,"_2GB_2,500원/1GB_5,000|_1GB_4,660원/1GB_4,660"
863346,삼성전자 노트북 DDR2-800 중고,"_2GB_1,600원/1GB_3,200|_1GB_3,000원/1GB_3,000"
1522397,삼성전자 노트북 DDR3-1066 병행수입,"_4GB_5,143원/1GB_20,570|_2GB_3,780원/1GB_7,560|1GB_12,900원/1GB_12,900"
5579854,삼성전자 노트북 DDR3-1066 중고,"_4GB_4,750원/1GB_19,000|_2GB_1,280원/1GB_2,560|1GB_1,490원/1GB_1,490"
925624,삼성전자 노트북 DDR3-1333,"2GB_4,290"
1719949,삼성전자 노트북 DDR3-1333 병행수입,"_8GB_12,375원/1GB_99,000|_4GB_6,250원/1GB_25,000|2GB_6,700원/1GB_13,400|1GB_26,000원/1GB_26,000"
5546469,삼성전자 노트북 DDR3-1333 중고,"8GB_4,486원/1GB_35,890|_4GB_1,998원/1GB_7,990|_2GB_1,450원/1GB_2,900|1GB_1,420원/1GB_1,420"
1962927,삼성전자 노트북 DDR3-1600,"2GB_3,340"
2568994,삼성전자 노트북 DDR3-1600 1.35V,"_4GB_2,350원/1GB_9,400|_2GB_3,500"
2747282,삼성전자 노트북 DDR3-1600 1.35V 병행수입,"8GB_7,125원/1GB_57,000"
14183372,삼성전자 노트북 DDR3-1600 1.35V 중고,"_8GB_2,530원/1GB_20,240|_4GB_1,995원/1GB_7,980"
1719958,삼성전자 노트북 DDR3-1600 병행수입,"_8GB_3,554원/1GB_28,430|_4GB_6,475원/1GB_25,900|2GB_9,850원/1GB_19,700"
5548947,삼성전자 노트북 DDR3-1600 중고,"_8GB_3,049원/1GB_24,390|_4GB_1,875원/1GB_7,500|2GB_1,245원/1GB_2,490"
3493083,삼성전자 노트북 DDR4-2133,"_16GB_9,666원/1GB_154,660|_8GB_8,238원/1GB_65,900"
12970748,삼성전자 노트북 DDR4-2133 중고,"16GB_8,717원/1GB_139,470|_8GB_7,570원/1GB_60,560|_4GB_7,750원/1GB_31,000"
5202063,삼성전자 노트북 DDR4-2400,"_16GB_9,138원/1GB_146,200|_8GB_9,203원/1GB_73,610|4GB_7,480원/1GB_29,920"
14960162,삼성전자 노트북 DDR4-2400 중고,"16GB_8,240원/1GB_131,830|_8GB_8,375원/1GB_67,000|_4GB_7,803원/1GB_31,210"
6274195,삼성전자 노트북 DDR4-2666,"32GB_9,941원/1GB_318,110|_16GB_8,428원/1GB_134,840|_8GB_9,416원/1GB_75,330|4GB_8,528원/1GB_34,110"
12920054,삼성전자 노트북 DDR4-2666 중고,"32GB_9,635원/1GB_308,330|16GB_8,744원/1GB_139,900|_8GB_9,021원/1GB_72,170|_4GB_7,993원/1GB_31,970"
10853625,삼성전자 노트북 DDR4-3200,"32GB_10,970원/1GB_351,050|_16GB_10,563원/1GB_169,000|_8GB_10,849원/1GB_86,790|4GB_9,223원/1GB_36,890"
17009480,삼성전자 노트북 DDR4-3200 중고,"_16GB_10,181원/1GB_162,890|32GB_9,250원/1GB_296,000|_8GB_10,250원/1GB_82,000|4GB_9,428원/1GB_37,710"
17666243,삼성전자 노트북 DDR5-4800,"_32GB_17,656원/1GB_565,000|16GB_21,369원/1GB_341,910|_8GB_19,859원/1GB_158,870"
16686116,삼성전자 노트북 DDR5-4800 병행수입,"8GB_20,775원/1GB_166,200"
16633067,삼성전자 노트북 DDR5-4800 중고,"_16GB_20,241원/1GB_323,850|_8GB_19,875원/1GB_159,000"
20629313,삼성전자 노트북 DDR5-5600,"_32GB_18,161원/1GB_581,150|_16GB_25,019원/1GB_400,310|8GB_20,988원/1GB_167,870"
28609379,삼성전자 노트북 DDR5-5600 중고,"_8GB_21,370원/1GB_170,960|_16GB_24,312원/1GB_388,990"
5747131,실리콘파워 DDR3-1600 중고,"8GB_2,625원/1GB_21,000"
54482270,실리콘파워 DDR3-1600 패키지 해외구매,"16GB(8Gx2)_6,969원/1GB_111,500"
13304453,실리콘파워 DDR4-2666 CL19,"_16GB_12,375원/1GB_198,000|_4GB_7,750원/1GB_31,000"
72969482,실리콘파워 DDR4-2666 CL19 패키지,"32GB(16Gx2)_12,375원/1GB_396,000"
9805785,실리콘파워 DDR4-3200 CL16 Xpower Turbine RGB 패키지,"_32GB(16Gx2)_14,519원/1GB_464,600|_16GB(8Gx2)_14,531원/1GB_232,500"
40719185,실리콘파워 DDR4-3200 CL16 Xpower Turbine RGB 패키지 해외구매,"16GB(8Gx2)_51,000원/1GB_816,000"
16047350,실리콘파워 DDR4-3200 CL16 Xpower Zenith RGB 패키지,"_32GB(16Gx2)_14,772원/1GB_472,700|_16GB(8Gx2)_14,969원/1GB_239,500"
73697936,실리콘파워 DDR4-3200 CL16 Xpower Zenith 패키지,"16GB(8Gx2)_14,625원/1GB_234,000"
13574633,실리콘파워 DDR4-3200 CL22,"16GB_14,400원/1GB_230,400"
73697915,실리콘파워 DDR4-3600 CL16 Xpower Turbine 패키지,"16GB(8Gx2)_16,075원/1GB_257,200"
73697921,실리콘파워 DDR4-3600 CL18 Xpower Turbine RGB 패키지,"32GB(16Gx2)_15,519원/1GB_496,600"
16047473,실리콘파워 DDR4-3600 CL18 Xpower Zenith RGB 패키지,"_32GB(16Gx2)_15,519원/1GB_496,600|_16GB(8Gx2)_15,700원/1GB_251,200"
73698065,실리콘파워 DDR4-3600 CL18 Xpower Zenith 패키지,"32GB(16Gx2)_15,397원/1GB_492,700"
40718189,실리콘파워 DDR4-3600 CL18 Xpower Zenith 패키지 해외구매,"16GB(8Gx2)_16,075원/1GB_257,200"
74115305,실리콘파워 DDR5-5600 CL40 Xpower Zenith RGB 블랙 패키지,"32GB(16Gx2)_25,759원/1GB_824,300"
74115320,실리콘파워 DDR5-5600 CL40 Xpower Zenith RGB 화이트 패키지,"32GB(16Gx2)_25,759원/1GB_824,300"
77015942,실리콘파워 DDR5-5600 CL46,"16GB_25,394원/1GB_406,300"
77015954,실리콘파워 DDR5-5600 CL46 패키지,"32GB(16Gx2)_25,238원/1GB_807,600"
55044851,실리콘파워 DDR5-6000 CL30 Xpower Zenith 화이트 패키지 해외구매,"32GB(16Gx2)_36,053원/1GB_1,153,700"
39768890,실리콘파워 노트북 DDR4-2666 해외구매,"16GB_11,175원/1GB_178,800"
78714443,실리콘파워 노트북 DDR4-3200 CL22 패키지,"16GB(8Gx2)_14,625원/1GB_234,000"
40717424,실리콘파워 노트북 DDR4-3200 CL22 패키지 해외구매,"16GB(8Gx2)_49,000원/1GB_784,000"
40717352,실리콘파워 노트북 DDR4-3200 CL22 해외구매,"32GB_14,906원/1GB_477,000"
104616377,써멀테이크 DDR5-5600 CL36 TOUGHRAM RC 패키지,32GB(16Gx2)_가격비교예정
48480317,아이티젠 DDR3-1333,"8GB_2,750원/1GB_22,000"
47840942,아이티젠 DDR3-1600,"8GB_2,834원/1GB_22,670"
54481355,아이티젠 DDR3-1600 1.35V,"8GB_2,836원/1GB_22,690"
54482123,아이티젠 DDR4-2133,"_8GB_9,875원/1GB_79,000|_16GB_10,248원/1GB_163,970"
54481793,아이티젠 DDR4-2400,"_8GB_9,750원/1GB_78,000|_16GB_10,258원/1GB_164,130"
54481835,아이티젠 DDR4-2666,"32GB_11,524원/1GB_368,770|_16GB_10,813원/1GB_173,000|_8GB_10,000원/1GB_80,000"
54482201,아이티젠 DDR4-3200,"32GB_12,480원/1GB_399,360|_16GB_12,089원/1GB_193,430|_8GB_10,625원/1GB_85,000"
92523398,아이티젠 DDR5-5600,"16GB_22,813원/1GB_365,000"
54481535,아이티젠 노트북 DDR3-1333 1.5V,"8GB_2,676원/1GB_21,410"
54481385,아이티젠 노트북 DDR3-1600 1.35V,"8GB_2,784원/1GB_22,270"
54481580,아이티젠 노트북 DDR3-1600 1.5V,"8GB_2,739원/1GB_21,910"
54482150,아이티젠 노트북 DDR4-2133,"8GB_9,574원/1GB_76,590"
54481820,아이티젠 노트북 DDR4-2400,"_8GB_9,549원/1GB_76,390|_16GB_8,981원/1GB_143,690"
54481937,아이티젠 노트북 DDR4-2666,"_16GB_9,688원/1GB_155,000|_8GB_9,625원/1GB_77,000"
54482195,아이티젠 노트북 DDR4-3200,"_16GB_10,313원/1GB_165,000|_8GB_11,166원/1GB_89,330"
101186585,에이서 DDR5-4800 CL40 UD200,"16GB_20,563원/1GB_329,000"
101186612,에이서 DDR5-5600 CL46 UD200,"16GB_23,063원/1GB_369,000"
104615258,옵티머스 DDR4-3200 아인스시스템,_16GB_가격비교예정|_8GB_가격비교예정
8540480,이메이션 DDR3-1600 CL11,"_8GB_2,625원/1GB_21,000|_4GB_2,475원/1GB_9,900"
8072551,이메이션 DDR4-2666 Black Edition,"16GB_11,875원/1GB_190,000"
15860627,이메이션 DDR4-3200 CL22,"_32GB_12,396원/1GB_396,660|16GB_12,993원/1GB_207,890|_8GB_13,184원/1GB_105,460"
94450658,이메이션 DDR4-3200 CL22-22-22-52,"32GB_12,344원/1GB_395,000|_16GB_12,062원/1GB_192,990|_8GB_13,125원/1GB_105,000"
61544036,이메이션 DDR5-5600 CL46,"16GB_20,579원/1GB_329,270"
94450400,이메이션 DDR5-5600 CL46-46-46,"16GB_22,697원/1GB_363,150"
94450724,이메이션 노트북 DDR4-3200 CL22-22-22-52,"16GB_11,813원/1GB_189,000"
61442444,이메이션 노트북 DDR5-5600 CL46,"16GB_20,376원/1GB_326,020"
94450436,이메이션 노트북 DDR5-5600 CL46-46-46,"_32GB_21,020원/1GB_672,630|_16GB_20,563원/1GB_329,000"
88136900,커널앤코어 노트북용 DDR4-3200 CL22,"_8GB_11,625원/1GB_93,000|_4GB_4,130원/1GB_16,520"
104045429,컴이지 킹덤 DDR4-3200 CL22,"16GB_11,617원/1GB_185,870"
104571350,컴이지 킹덤 DDR5-5600 CL46,"16GB_21,508원/1GB_344,120"
2375179,킹스톤 DDR3-1600,"8GB_3,725원/1GB_29,800"
7013641,킹스톤 DDR4-2666,"_8GB_11,563원/1GB_92,500|_4GB_7,750원/1GB_31,000"
21538046,킹스톤 DDR5-5600 CL46,"8GB_27,875원/1GB_223,000"
101628701,킹스톤 DDR5-5600 CL46 중고,"8GB_24,874원/1GB_198,990"
104043956,킹스톤 FURY DDR4-3200 CL16 Beast 블랙 병행수입,"16GB_12,243원/1GB_195,880"
103414928,킹스톤 FURY DDR5-5600 CL36 Beast 블랙 병행수입,"_16GB_22,052원/1GB_352,830|_32GB_가격비교예정"
96773372,킹스톤 FURY DDR5-5600 CL36 Beast 블랙 코잇,"_32GB_22,187원/1GB_709,990|_16GB_25,344원/1GB_405,500"
103414910,킹스톤 FURY DDR5-5600 CL36 Beast 화이트 병행수입,16GB_가격비교예정
96773399,킹스톤 FURY DDR5-5600 CL36 Beast 화이트 코잇,"_32GB_20,140원/1GB_644,480|_16GB_25,344원/1GB_405,500"
104595902,킹스톤 FURY DDR5-5600 CL46 병행수입,"32GB_19,856원/1GB_635,390"
96773492,킹스톤 FURY DDR5-5600 CL46 코잇,"_32GB_21,693원/1GB_694,180|_16GB_24,896원/1GB_398,330"
96773297,킹스톤 FURY DDR5-6000 CL30 Beast RGB 블랙 패키지 코잇,"_64GB(32Gx2)_19,988원/1GB_1,279,230|_32GB(16Gx2)_27,580원/1GB_882,550"
96773315,킹스톤 FURY DDR5-6000 CL30 Beast RGB 화이트 패키지 코잇,"_64GB(32Gx2)_19,988원/1GB_1,279,230|_32GB(16Gx2)_27,580원/1GB_882,550"
103753163,킹스톤 FURY DDR5-6000 CL30 Beast 블랙 코잇,"_16GB_27,195원/1GB_435,120|_32GB_가격비교예정"
103753172,킹스톤 FURY DDR5-6000 CL30 Beast 화이트 코잇,"_16GB_27,500원/1GB_440,000|_32GB_가격비교예정"
103808213,킹스톤 FURY 노트북 DDR4-2666 CL40 병행수입,"16GB_9,598원/1GB_153,560"
103808225,킹스톤 FURY 노트북 DDR4-3200 CL40 병행수입,"16GB_10,589원/1GB_169,430"
103753112,킹스톤 FURY 노트북 DDR5-5600 CL40 Impact 코잇,"16GB_20,938원/1GB_335,000"
103415228,킹스톤 FURY 노트북 DDR5-5600 CL40 병행수입,"_16GB_20,444원/1GB_327,100|_32GB_19,440원/1GB_622,070"
3233702,킹스톤 노트북 DDR3-1600,"8GB_6,250원/1GB_50,000"
103752911,킹스톤 노트북 DDR5-5600 CL46 코잇,_16GB_가격비교예정|_32GB_가격비교예정
4838666,타무즈 DDR3-1600 CL11,"_8GB_3,870원/1GB_30,960|_4GB_5,135원/1GB_20,540"
4525099,타무즈 DDR4-2133 CL15,"8GB_10,875원/1GB_87,000"
5093440,타무즈 DDR4-2400 CL17,"8GB_9,625원/1GB_77,000"
6018766,타무즈 DDR4-2666 CL19,"16GB_13,086원/1GB_209,370|_8GB_12,119원/1GB_96,950|_4GB_12,028원/1GB_48,110"
13137290,타무즈 DDR4-3200 CL22,"32GB_14,208원/1GB_454,640|_16GB_12,194원/1GB_195,100|8GB_13,111원/1GB_104,890|_4GB_13,323원/1GB_53,290"
99128864,타무즈 DDR5-5600 CL40 XMP,"16GB_21,529원/1GB_344,460"
31998278,타무즈 DDR5-5600 CL46,"_32GB_20,804원/1GB_665,720|_16GB_21,412원/1GB_342,590|8GB_25,879원/1GB_207,030"
96368429,타무즈 DDR5-5600 CL46 S5,"16GB_23,439원/1GB_375,030"
4545912,타무즈 노트북 DDR3-1333 CL9,"4GB_2,683원/1GB_10,730"
5215088,타무즈 노트북 DDR3L-1600 CL11 1.35V,"_8GB_5,131원/1GB_41,050|_4GB_5,010원/1GB_20,040"
4546081,타무즈 노트북 DDR4-2133 CL15,"8GB_6,988원/1GB_55,900"
5971453,타무즈 노트북 DDR4-2400 CL17,"8GB_11,934원/1GB_95,470"
11655968,타무즈 노트북 DDR4-2666 CL19,"_16GB_12,379원/1GB_198,050|8GB_11,935원/1GB_95,480|_4GB_12,325원/1GB_49,300"
13137365,타무즈 노트북 DDR4-3200 CL22,"32GB_13,977원/1GB_447,260|_16GB_6,506원/1GB_104,100|_8GB_11,768원/1GB_94,140|4GB_11,550원/1GB_46,200"
43488485,타무즈 노트북 DDR5-5600 CL46,"_32GB_19,403원/1GB_620,890|_16GB_21,022원/1GB_336,340"
8111455,트랜센드 DDR3-1600,"4GB_2,500원/1GB_10,000"
12076634,트랜센드 DDR4-3200 CL22,"32GB_13,250원/1GB_424,000|_16GB_13,209원/1GB_211,340|_8GB_13,186원/1GB_105,490|4GB_7,750원/1GB_31,000"
104374586,트랜센드 DDR5-5600 CL46 Jetram,"32GB_21,562원/1GB_689,990|_16GB_21,563원/1GB_345,000|_8GB_24,354원/1GB_194,830"
74421911,트랜센드 DDR5-6400 CL52 CUDIMM,"_32GB_24,375원/1GB_780,000|_16GB_25,000원/1GB_400,000"
2264343,트랜센드 노트북 DDR3-1600,"2GB_52,310"
11272668,트랜센드 노트북 DDR4-2666 CL19,"4GB_5,305원/1GB_21,220"
12076664,트랜센드 노트북 DDR4-3200 CL22,"_32GB_13,250원/1GB_424,000|_16GB_10,590원/1GB_169,440"
74056385,트랜센드 노트북 DDR5-5600 CL46,"_32GB_21,562원/1GB_689,990|_16GB_21,562원/1GB_344,990|8GB_24,999원/1GB_199,990"
95523926,트랜센드 노트북 DDR5-6400 CL52 CSODIMM,"16GB_31,250원/1GB_500,000"
