Id,Name,2023-08-01 10:48:24
15298781,7NC NCS-801,"6,270"
17593529,7RYMS SR-USB MINI,"해외구매_62,940"
4840541,AION BOSSWIZ BS80,"정품_15,330"
15715286,AKG ARA,"정품_98,275|해외구매_130,820"
13317413,AKG LYRA,"정품_159,000|해외구매_173,400"
3776653,ANKER Classic A7908,"정품_25,382"
5626664,ANKER Soundcore 2,"해외구매_56,740"
14227157,ANKER Soundcore 3 A3117,"정품_79,000|해외구매_59,120"
13960964,ANKER Soundcore A3102,"정품_49,900|해외구매_58,890"
12686909,ANKER Soundcore Flare Mini A3167,"정품_49,900|해외구매_68,630"
13449473,ANKER Soundcore Mini 3 A3119,"정품_47,900|해외구매_44,990"
20137493,ANKER Soundcore Mini 3 Pro A3127,"해외구매_46,990"
13647944,ANKER Soundcore Motion Boom A3118,"정품_149,000|해외구매_121,000"
12060809,ANKER Soundcore Motion Plus A3116,"정품_159,000|해외구매_116,880"
20606933,ANKER Soundcore Motion X600 A3130,"정품_248,580|해외구매_210,710"
20702843,ANKER Soundcore Motion X600 A3130,"정품_248,580|해외구매_210,710"
12990614,ANKER Soundcore Rave Neo A3395,"정품_199,000|해외구매_161,100"
5626894,ANKER Soundcore 부스트,"해외구매_88,990"
13613234,APF SPORTS BT-208,"40,900"
13613519,APF SPORTS BT-209,"35,900"
16502792,ASHTON AT-1000 WOOD,"48,790"
4734179,ASHTON AT-1000K,"블랙_49,800|우드_49,800"
1432584,ASHTON AT-3800,"블랙_84,790|우드_84,800"
5790657,AVerMedia AM310,"정품_99,000|해외구매_130,990"
13715300,AVerMedia AM310 + 관절스탠드 + 팝필터,"160,000"
5523411,Actto BTS-10 LX,"정품_105,938"
11954609,Actto BTS-38,"49,890"
11297406,Actto BTS-39,"24,900"
15827006,Actto BTS-51,"23,630"
21361673,Actto BTS-52,"18,900"
11546738,Actto MIC-14,"19,800"
11487399,Actto MIC-16,"정품_26,010"
15605411,Actto MIC-25,"29,900"
5700649,Actto MICS-03,"21,390"
6913132,Actto MICS-06,"26,390"
1930379,Actto SPK-07,"13,920"
6400960,Actto SPK-17,"6,370"
10490214,Actto SPK-20,"블랙_29,500|화이트_29,500"
16049186,Actto SPK-23,"11,110"
14581652,Actto 레브 BTS-47,"37,310"
3767720,Actto 무드 터치램프 BTS-01,정품_일시품절
11481537,Actto 뮤즈 BTS-41,"26,290"
5293065,Actto 미러볼 BTS-06,"정품_42,140"
4608162,Actto 바이브 BTS-08,"정품_19,990"
9385533,Actto 소울 BTS-27,"38,640"
9482628,Actto 아모르 BTS-35,"29,302"
8175451,Actto 캐리 BTS-21,"19,700"
16857533,Antelope Audio Axino Synergy Core,"해외구매_683,660"
17475959,Anyzone AZ-L100,"28,500"
12997271,Avaya B109,"정품_390,000"
4653801,Axxen BS10 Mood,"정품_21,140"
5827517,Axxen BS11,"정품_11,564"
19685300,Axxen BS120,"84,550"
8019724,Axxen BS22,"24,050"
12970832,Axxen BS40,"70,500"
14449802,Axxen BS50,"32,000"
14159984,Axxen SK 104,"22,070"
19022795,Axxen 에디슨 램프 블루투스 스피커 BS80,"32,890"
20741903,Axxen 플레임 라이트 블루투스 스피커 BS70,"24,940"
6220285,BITWAY M5,"22,460"
9286689,BITWAY MC-450,"82,450"
7068940,BITWAY PC-Fi Aria PRO-A50,"730,000"
4235373,BITWAY Soundbar V2,"블랙_13,030|화이트_13,030"
2542643,BLAUPUNKT BPA-3004KR,"15,800"
13377044,BLUE MORE BS-2020U,"화이트 핑크_5,390|2개, 화이트 핑크_9,350|화이트 블루_6,620"
14618513,BLUE MORE BS700,"26,700"
3871347,BOSE COMPANION 20,"해외구매_508,140"
5670842,BOSE COMPANION 50,"정품_427,990|해외구매_461,260"
2202229,BOSE COMPANION2 Series III,"정품_129,000|해외구매_190,410"
9979386,BOSE Frames ALTO,"정품_269,000"
12330623,BOSE Frames Soprano,"정품_349,000|해외구매_312,000"
10080753,BOSE Portable Home,"정품_519,000|해외구매_591,770"
4969862,BOSE SoundLink Color 2,"해외구매_175,400"
16335788,BOSE SoundLink Flex,"정품_175,420|해외구매_149,340"
5675652,BOSE SoundLink Micro,"정품_139,000|해외구매_88,900"
2181641,BOSE SoundLink Mini,해외구매_일시품절
3256293,BOSE SoundLink Mini 2,"정품_290,000|해외구매_171,860"
5267518,BOSE SoundLink Mini 2 Limited Edition,해외구매_일시품절
10528404,BOSE SoundLink Mini 2 SE,"정품_225,800|해외구매_196,350"
5180528,BOSE SoundLink Revolve,"정품_278,369|2개, 정품_598,000|해외구매_362,400"
13759832,BOSE SoundLink Revolve II,"정품_299,000|해외구매_296,320"
5126080,BOSE SoundLink Revolve+,해외구매_일시품절
13760336,BOSE SoundLink Revolve+ II,"1개, 정품_399,000"
18914423,BOSSWIZ BOS-GS350U,"22,900"
10672644,BOSSWIZ BOS-N10,"15,900"
11140242,BOSSWIZ T-NEON,"31,123"
19806947,BOYA BY-CM1,"해외구매_29,210|병행수입_일시품절"
17595800,BOYA BY-CM5,"해외구매_69,930"
17595617,BOYA BY-CM6,"해외구매_106,900"
19807187,BOYA BY-GM18CU,"해외구매_117,310"
13311158,BOYA BY-PM500,"정품_99,000|해외구매_144,720"
2969210,BTS-06,"정품_6,200"
12915308,BUGANI M83,"해외구매_125,570"
13674800,Beecaro BM02,해외구매_일시품절
13673894,Beecaro GF701,해외구매_일시품절
13673468,Beecaro X114,해외구매_일시품절
11024109,Bluedio BS-1,해외구매_일시품절
15993998,Bluedio LS,"해외구매_52,060"
4950307,BonoBoss BOS-5000 TITAN,"74,800"
16115144,BonoBoss BOS-522BT,"19,320"
874529,BonoBoss BOS-A2,"정품_13,500"
3438123,BonoBoss BOS-BS200 벌크 (20팩 1BOX),일시품절
5068263,BonoBoss BOS-BS221 STATS,"10,900"
1921991,BonoBoss BOS-H1,"86,600"
15192092,BonoBoss BOS-H1BT,"99,000"
20587874,BonoBoss BOS-H5BT,"129,000"
594007,BonoBoss BOS-N303,"87,000"
6935185,BonoBoss BOS-P330 Soundvill,"55,000"
4840442,BonoBoss BOS-S100A TIARA,"정품_13,500"
4475673,BonoBoss BOS-S20 AMOUR,"정품_13,910"
18635972,BonoBoss BOS-S700,"34,770"
8113471,BonoBoss BOS-TOTO ARGB,"13,890"
6407136,BonoBoss MIJAC,"48,900"
18983789,Britz BA-RK707,"77,100"
12685256,Britz BE-STM900P,"146,500"
3313658,Britz BZ-A40,"정품_14,700"
4092689,Britz 브리츠액세서리즈 BA-C1 SoundRoom,"정품_61,270"
5427069,Britz 브리츠액세서리즈 BA-C7,"정품_52,800"
4825469,Britz 브리츠액세서리즈 BA-CM1 SoundCase,"정품_29,800"
2828841,Britz 브리츠액세서리즈 BA-E30 Metalic,정품_일시품절
5097553,Britz 브리츠액세서리즈 BA-FB1 SoundBox,"정품_59,900"
5344107,Britz 브리츠액세서리즈 BA-FS1,"정품_31,550"
5085363,Britz 브리츠액세서리즈 BA-SB2 SoundBrick,"정품_58,702"
4763727,Britz 브리츠액세서리즈 BA-SF1 SoundCup,"정품_9,410"
3416910,Britz 브리츠액세서리즈 BA-UM2 SlimMetal,"정품_48,830"
2338063,Britz 브리츠액세서리즈 BA-V200 Mini.B,"정품_24,900"
2338096,Britz 브리츠액세서리즈 BA-V400 Lightning,"정품_67,900"
5502243,Britz 브리츠액세서리즈 BA-V5 SoundBox,"정품_27,800"
3221626,Britz 브리츠액세서리즈 BZ-A1 Cradle,"정품_23,650"
4983649,Britz 브리츠액세서리즈 BZ-C90 Denim,"정품_40,990"
2823793,Britz 브리츠액세서리즈 BZ-D100 Surfing,정품_일시품절
2534032,Britz 브리츠액세서리즈 BZ-D20 Reflex,"정품_45,000"
2571321,Britz 브리츠액세서리즈 BZ-G400 BlueDuo,"정품_60,900"
2823911,Britz 브리츠액세서리즈 BZ-J2 Blui,"정품_23,520"
3021715,Britz 브리츠액세서리즈 BZ-Q1 EGG,"정품_15,900"
3021761,Britz 브리츠액세서리즈 BZ-Q30 Tree,"정품_88,010"
3221669,Britz 브리츠액세서리즈 BZ-V3 SoundSkin,"정품_50,100"
2267173,Britz 브리츠인터내셔널 AD-S900 Taurus,"67,740"
8663756,Britz 브리츠인터내셔널 Air Pulse A100,"정품_1,032,470"
6619600,Britz 브리츠인터내셔널 Air Pulse A200,"정품_3,537,000|해외구매_1,212,500"
8673254,Britz 브리츠인터내셔널 Air Pulse A300,"정품_1,394,980"
14158196,Britz 브리츠인터내셔널 Air Pulse A80,"674,000"
11687093,Britz 브리츠인터내셔널 BA-AKMU,"62,900"
3686387,Britz 브리츠인터내셔널 BA-BL2 SoundPainting,"정품_49,500"
11134299,Britz 브리츠인터내셔널 BA-C310,"66,300"
18753089,Britz 브리츠인터내셔널 BA-C7 Plus,"69,190"
5495238,Britz 브리츠인터내셔널 BA-D1,"정품_87,980"
6223785,Britz 브리츠인터내셔널 BA-DL1,"55,900"
6226793,Britz 브리츠인터내셔널 BA-DL2,"51,300"
6057618,Britz 브리츠인터내셔널 BA-FU2 SoundWood,"79,800"
16877819,Britz 브리츠인터내셔널 BA-HMK31,"98,800"
17079803,Britz 브리츠인터내셔널 BA-K10,"39,000"
5104971,Britz 브리츠인터내셔널 BA-K9 Sound Bar Solo,"33,880"
13060217,Britz 브리츠인터내셔널 BA-MCK2,"58,870"
13060622,Britz 브리츠인터내셔널 BA-MCK4,"54,500"
6967855,Britz 브리츠인터내셔널 BA-MK1,"29,900"
10673013,Britz 브리츠인터내셔널 BA-MK10,"59,800"
16012718,Britz 브리츠인터내셔널 BA-MK100,"128,000"
10492221,Britz 브리츠인터내셔널 BA-MK11,"49,050"
13163999,Britz 브리츠인터내셔널 BA-MK11 PLUS,"49,000"
9961458,Britz 브리츠인터내셔널 BA-MK15,"69,590"
6472411,Britz 브리츠인터내셔널 BA-MK2,"44,900"
15078662,Britz 브리츠인터내셔널 BA-MK21 Plus,"79,190"
14375969,Britz 브리츠인터내셔널 BA-MK25,"59,590"
19235888,Britz 브리츠인터내셔널 BA-MK250,"49,790"
9584139,Britz 브리츠인터내셔널 BA-MK29,"38,690"
16357970,Britz 브리츠인터내셔널 BA-MK30,"98,800"
14288366,Britz 브리츠인터내셔널 BA-MK33,"99,000"
17166692,Britz 브리츠인터내셔널 BA-MK33 Plus,"99,000"
10582866,Britz 브리츠인터내셔널 BA-MK38,"24,900"
15936515,Britz 브리츠인터내셔널 BA-MK39,"50,140"
15281384,Britz 브리츠인터내셔널 BA-MK50,"29,690"
17159687,Britz 브리츠인터내셔널 BA-MK60,"49,000"
6434389,Britz 브리츠인터내셔널 BA-MK7,"28,150"
18189842,Britz 브리츠인터내셔널 BA-MK77,"78,990"
16006442,Britz 브리츠인터내셔널 BA-MK80,"28,900"
6434511,Britz 브리츠인터내셔널 BA-MK9,"41,000"
12557543,Britz 브리츠인터내셔널 BA-MK90,"26,430"
13459376,Britz 브리츠인터내셔널 BA-MK95,"49,500"
7504639,Britz 브리츠인터내셔널 BA-MLB10,"58,500"
15330770,Britz 브리츠인터내셔널 BA-NK9,"29,890"
17476055,Britz 브리츠인터내셔널 BA-R1,"21,030"
17625404,Britz 브리츠인터내셔널 BA-R10,"22,490"
2404537,Britz 브리츠인터내셔널 BA-R9,"블랙_21,840|화이트_21,850|2개, 블랙_190,000"
4498517,Britz 브리츠인터내셔널 BA-R90,"블랙_27,700|화이트_20,240"
6262457,Britz 브리츠인터내셔널 BA-RBT1,"66,800"
6681373,Britz 브리츠인터내셔널 BA-RBW1,"44,900"
13552142,Britz 브리츠인터내셔널 BA-RBW1 Plus,"43,800"
10582968,Britz 브리츠인터내셔널 BA-RG100,"24,800"
16752431,Britz 브리츠인터내셔널 BA-RK1100,"124,190"
18344237,Britz 브리츠인터내셔널 BA-RS2,"124,950"
6012885,Britz 브리츠인터내셔널 BA-SB20,"정품_69,700"
5637842,Britz 브리츠인터내셔널 BA-SD7 사운드 포켓,"정품_44,100"
5505755,Britz 브리츠인터내셔널 BA-TW1,"정품_48,290"
16237925,Britz 브리츠인터내셔널 BA-UMK120,"27,900"
16237724,Britz 브리츠인터내셔널 BA-UMK90,"19,490"
1755019,Britz 브리츠인터내셔널 BE-100,일시품절
13689140,Britz 브리츠인터내셔널 BE-100 Plus,"24,920"
18842333,Britz 브리츠인터내셔널 BE-300UBT,"39,800"
4882601,Britz 브리츠인터내셔널 BE-AM300,"정품_30,800"
5815197,Britz 브리츠인터내셔널 BE-L30,"68,000"
4882538,Britz 브리츠인터내셔널 BE-LM500,"정품_34,890"
4844062,Britz 브리츠인터내셔널 BE-M150,"정품_40,690"
7002736,Britz 브리츠인터내셔널 BE-M150 PLUS,"28,550"
17861270,Britz 브리츠인터내셔널 BE-S200U,"38,100"
13420733,Britz 브리츠인터내셔널 BE-STM10,"51,090"
14612288,Britz 브리츠인터내셔널 BE-STM300,"49,900"
12637031,Britz 브리츠인터내셔널 BE-STM30U,"49,000"
7310392,Britz 브리츠인터내셔널 BE-STM500,"96,200"
7310836,Britz 브리츠인터내셔널 BE-STM700,"109,000"
13133738,Britz 브리츠인터내셔널 BE-STM800P,"108,900"
42312,Britz 브리츠인터내셔널 BR-1000A,"105,000"
2744513,Britz 브리츠인터내셔널 BR-1000A 2,"85,260"
128941,Britz 브리츠인터내셔널 BR-1000A Cuve,"33,900"
1644221,Britz 브리츠인터내셔널 BR-1000A Cuve Black 2,"32,920"
851259,Britz 브리츠인터내셔널 BR-1000A Plus,"84,580"
1764478,Britz 브리츠인터내셔널 BR-1200,"정품_48,900"
20226941,Britz 브리츠인터내셔널 BR-1200A BT,"45,580"
16408466,Britz 브리츠인터내셔널 BR-1300BT,"105,730"
5584299,Britz 브리츠인터내셔널 BR-1600BT,"132,780"
2900001,Britz 브리츠인터내셔널 BR-1700BT,"207,460"
6493426,Britz 브리츠인터내셔널 BR-1900DB,"286,550"
1247375,Britz 브리츠인터내셔널 BR-2100S5,"121,600"
1932406,Britz 브리츠인터내셔널 BR-2100S5 Gold,"104,940"
5422462,Britz 브리츠인터내셔널 BR-2500M2,"620,000"
5635508,Britz 브리츠인터내셔널 BR-2750BT,일시품절
1171155,Britz 브리츠인터내셔널 BR-2900,"42,000"
9514704,Britz 브리츠인터내셔널 BR-3000 Pro,"838,000"
13350164,Britz 브리츠인터내셔널 BR-340FC,"164,990"
11504966,Britz 브리츠인터내셔널 BR-3600M,"80,000"
1932526,Britz 브리츠인터내셔널 BR-3900 M4,"430,000"
6181691,Britz 브리츠인터내셔널 BR-4390BT,"429,990"
431688,Britz 브리츠인터내셔널 BR-Coupe,"정품_12,890|3개, 정품_84,840"
11480091,Britz 브리츠인터내셔널 BR-M120,"51,410"
13114739,Britz 브리츠인터내셔널 BR-MEC10,"68,990"
11584520,Britz 브리츠인터내셔널 BR-MEC20,"97,260"
16304156,Britz 브리츠인터내셔널 BR-MEC2000,"519,800"
4656653,Britz 브리츠인터내셔널 BR-MP1100,"정품_24,390"
5252735,Britz 브리츠인터내셔널 BR-MP2200,"정품_56,230"
8118520,Britz 브리츠인터내셔널 BR-MP250,"79,240"
11583317,Britz 브리츠인터내셔널 BR-NS30BT,"112,700"
20719118,Britz 브리츠인터내셔널 BR-NT93BT,"65,000"
2967170,Britz 브리츠인터내셔널 BR-Orion,"29,100"
5873557,Britz 브리츠인터내셔널 BR-Orion Plus,"28,690"
9415791,Britz 브리츠인터내셔널 BR-R607BT,"블랙_98,310|화이트_98,310"
18557882,Britz 브리츠인터내셔널 BR-T10,"109,000"
18387668,Britz 브리츠인터내셔널 BR-T9,"78,360"
17873510,Britz 브리츠인터내셔널 BR-Vbutton,"159,000"
3670542,Britz 브리츠인터내셔널 BR-istana,"23,300"
9312606,Britz 브리츠인터내셔널 BZ-505 Roll,"21,390"
3866978,Britz 브리츠인터내셔널 BZ-A10 BlueMoon,"정품_52,880"
16450424,Britz 브리츠인터내셔널 BZ-A2,"24,900"
5183770,Britz 브리츠인터내셔널 BZ-A20 Super Moon,"정품_40,000"
6931762,Britz 브리츠인터내셔널 BZ-A50,"37,210"
17024162,Britz 브리츠인터내셔널 BZ-A6,"34,000"
4131044,Britz 브리츠인터내셔널 BZ-A650 SoundCream,"정품_32,400"
16751516,Britz 브리츠인터내셔널 BZ-A9,"29,800"
11472486,Britz 브리츠인터내셔널 BZ-CM7,"35,900"
7366384,Britz 브리츠인터내셔널 BZ-CM880,"66,860"
5958990,Britz 브리츠인터내셔널 BZ-CR1020BT,일시품절
4955713,Britz 브리츠인터내셔널 BZ-G10 Dia,"정품_16,500"
5734953,Britz 브리츠인터내셔널 BZ-G50 Toy,"정품_15,000"
17926562,Britz 브리츠인터내셔널 BZ-GX35,"73,900"
18096314,Britz 브리츠인터내셔널 BZ-GX38,"74,800"
16048862,Britz 브리츠인터내셔널 BZ-HT400,"28,990"
5958861,Britz 브리츠인터내셔널 BZ-JB3050BT,"69,210"
7287136,Britz 브리츠인터내셔널 BZ-JB5607,"144,080"
19730924,Britz 브리츠인터내셔널 BZ-JB5609PT,"199,000"
5591506,Britz 브리츠인터내셔널 BZ-JT660,"59,400"
4496631,Britz 브리츠인터내셔널 BZ-L7300 Luna,"정품_75,000"
18674327,Britz 브리츠인터내셔널 BZ-LF11,"33,400"
20708330,Britz 브리츠인터내셔널 BZ-LT50SP,"49,000"
2752516,Britz 브리츠인터내셔널 BZ-M300,"정품_44,220"
4823696,Britz 브리츠인터내셔널 BZ-M3060,"정품_35,100"
4577611,Britz 브리츠인터내셔널 BZ-MAB16 BasketBall,"정품_17,000"
4577833,Britz 브리츠인터내셔널 BZ-MAB17 TennisBall,"정품_17,000"
4404148,Britz 브리츠인터내셔널 BZ-MAB18 FootBall,"정품_17,000"
14690153,Britz 브리츠인터내셔널 BZ-MS2000,"32,600"
16876340,Britz 브리츠인터내셔널 BZ-MV100,"45,080"
18006065,Britz 브리츠인터내셔널 BZ-MV400,"57,000"
19937360,Britz 브리츠인터내셔널 BZ-MV5,"40,480"
19033247,Britz 브리츠인터내셔널 BZ-MV5000,"69,190"
18584837,Britz 브리츠인터내셔널 BZ-MX2100,"36,000"
19033508,Britz 브리츠인터내셔널 BZ-MX2700,"63,300"
18636776,Britz 브리츠인터내셔널 BZ-MX2800,"74,000"
13115006,Britz 브리츠인터내셔널 BZ-NS10BT,"58,100"
13077116,Britz 브리츠인터내셔널 BZ-NS14BT,"78,210"
13240643,Britz 브리츠인터내셔널 BZ-NS15BT,"88,900"
4825595,Britz 브리츠인터내셔널 BZ-P4000BT,"정품_49,900"
17871116,Britz 브리츠인터내셔널 BZ-R800BT,"59,900"
16279403,Britz 브리츠인터내셔널 BZ-REC200,"27,500"
7481998,Britz 브리츠인터내셔널 BZ-S5 Leo,"54,880"
6160755,Britz 브리츠인터내셔널 BZ-SB8100,"61,900"
12512135,Britz 브리츠인터내셔널 BZ-SL10,"31,900"
18270002,Britz 브리츠인터내셔널 BZ-SL2140,"43,180"
16877105,Britz 브리츠인터내셔널 BZ-SL30,"1개_57,990"
13400534,Britz 브리츠인터내셔널 BZ-SL4,"블랙_33,900|화이트_33,900"
12658382,Britz 브리츠인터내셔널 BZ-SL7 Bluetooth,"28,900"
11640404,Britz 브리츠인터내셔널 BZ-SP20BT,"정품_49,800"
19609472,Britz 브리츠인터내셔널 BZ-SP300X,"39,800"
16279250,Britz 브리츠인터내셔널 BZ-SP30BT,"59,760"
5933715,Britz 브리츠인터내셔널 BZ-SP600X,"블랙_43,500|화이트_43,500"
18700832,Britz 브리츠인터내셔널 BZ-SP700X,"34,900"
4740103,Britz 브리츠인터내셔널 BZ-T190,"정품_36,900"
4501205,Britz 브리츠인터내셔널 BZ-T470,정품_일시품절
5219323,Britz 브리츠인터내셔널 BZ-TWS120,"정품_29,302"
5860207,Britz 브리츠인터내셔널 BZ-V90,"정품_167,030"
16446092,Britz 브리츠인터내셔널 BZ-V99,"38,900"
16564496,Britz 브리츠인터내셔널 BZ-V990S,"45,000"
13509641,Britz 브리츠인터내셔널 BZ-VX20BT,"68,360"
4919933,Britz 브리츠인터내셔널 BZ-XO1,"16,500"
2568599,Britz 브리츠인터내셔널 DH-Z2,"23,600"
8201950,Britz 브리츠인터내셔널 MVtube5,"63,900"
3363509,Britz 브리츠인터내셔널 Z2100 Pinacle 2,"정품_31,000"
12692576,Britz 브리츠인터내셔널 Z2100BT Edition,"35,790"
9934761,Britz 브리츠인터내셔널 Z2200 Cheek,"32,000"
10156575,Britz 브리츠전자 BE-300M,일시품절
6067665,Brookstone 회전식 미니,"해외구매_24,650"
146457,CAMAC CMK 3040DX,"37,010"
705470,CAMAC CMK 808N USB,"18,360"
146453,CAMAC CMK 858,"8,600"
297257,CAMAC CMK 858 USB,"8,880"
819000,CAMAC CMK-160,"6,350"
948220,CAMAC CMK-2030D,"41,920"
953897,CAMAC CMK-2030R,"29,220"
2761114,CAMAC CMK-208,"블랙_4,810|오렌지_4,510"
2781013,CAMAC CMK-209,"블랙/블루_6,100"
1745644,CAMAC CMK-3050,"37,320"
1272999,CAMAC CMK-30A BARSONIC,"블랙_15,000"
1784856,CAMAC CMK-30A Click BARSONIC,"15,000"
2935260,CAMAC CMK-30K Click Soundbar,"11,580"
2935241,CAMAC CMK-30M Click SoundBar,"9,510"
2935246,CAMAC CMK-30M USB Click SoundBar,"10,890"
1703376,CAMAC CMK-5050 블랙,"8,490"
2473429,CAMAC CMK-505CBS,"정품_7,140"
2347370,CAMAC CMK-5100 USB 블랙,"13,550"
2347377,CAMAC CMK-5100 USB 화이트,"14,660"
1095875,CAMAC CMK-620A,"11,500"
1095892,CAMAC CMK-620A USB,"10,110"
6235814,CAMAC CMK-727,"화이트, AC전원_14,540|AC전원, 벌크_15,460|블랙, USB전원_13,000|화이트, USB전원_35,140"
911819,CAMAC CMK-858 II,"8,770"
16417793,CAMAC CMK-929,"20,960"
6550554,CAMAC K-2,"USB전원, 정품_14,430|AC전원, 리퍼/중고_14,520|AC전원, 정품_13,630|USB전원, 리퍼/중고_23,430"
11261250,CAMAC K-3 RGB LED Soundbar,"AC전원_15,590|USB전원_13,440"
9949248,CAMAC UNIZONE UZ-U2,"87,420"
4392603,CERWIN VEGA XD3,"정품_74,990"
17171381,CMTECK CM001,"해외구매_36,400"
17356523,CMTECK CM003,"해외구매_31,360"
13166573,COBY CSBT70,"15,900"
3933134,COBY CSBT77,"정품_27,900"
7065193,COMWOOD GPOP BTS-Q16,"18,270"
15844988,COUGAR SCREAMER-X,"187,790"
11914438,COX CBM02,"19,900"
11927629,COX CBM03,"49,900"
12011414,COX CPS300,"9,500"
16837631,COX CS03,"9,900"
6208938,COX CSB10,"블랙_13,900|화이트_23,270"
15225872,COX CSB100 BT,"34,000"
7228036,COX CSB20,"15,470"
14000387,COX CSB30 BT,"24,500"
16383761,COX CSB50,일시품절
20757134,COX MAST CDS30,"77,580"
6234778,Celly 버블비트 컬러,"39,900"
11050194,Celly 스퀴드 사운드,"21,900"
4513126,Chemi HIBS-3300,"정품_12,900"
995542,Creative GIGAWORKS T20 II,"정품_124,000|해외구매_119,780"
995534,Creative GIGAWORKS T40 II,"정품_179,000|해외구매_167,990"
7490038,Creative PEBBLE 2.0,"블랙, 정품_31,900|화이트, 정품_31,900|블랙, 해외구매_46,100|화이트, 해외구매_25,650"
12755594,Creative PEBBLE PLUS,"해외구매_49,070"
19064918,Creative PEBBLE PRO,"정품_89,000|해외구매_101,990"
9864111,Creative PEBBLE V2,"정품_43,900|해외구매_37,010"
12423611,Creative PEBBLE V3,"블랙, 정품_64,900|화이트, 정품_64,900|해외구매_52,240"
18406727,Creative STAGE AIR V2,"정품_79,000|해외구매_83,040"
19806677,Creative STAGE SE,"정품_69,000|해외구매_111,990"
10266726,Creative T100,"정품_169,000|해외구매_106,300"
15244412,Creative T60,"정품_134,000|해외구매_127,850"
15884300,Creative 사운드 블라스터 KATANA V2,"419,000"
19709639,Creative 사운드 블라스터 KATANA V2X,"정품_379,000|해외구매_500,500"
5683210,Creative 사운드 블라스터X KATANA,"정품_259,000|해외구매_372,050"
14047598,D30 레트로 블루투스 스피커,"해외구매_59,750"
15183935,DDZONE DS-U1050,"10,020"
7550839,DELL AC511M,"정품_55,900|해외구매_45,330"
6404907,DELL AE515 Professional,"82,900"
13979750,DELL AE515M,"정품_82,900|해외구매_81,680"
16617923,DELL AX510,"해외구매_33,600"
12583628,DELL SB521A,"정품_65,680|해외구매_52,520"
16985795,DELL SB522A,"104,360"
6278359,DIDO X9,"해외구매_65,900"
8649710,DISIZ WCBS-D200,일시품절
10780449,DIVOOM DITOO,"해외구매_65,570"
19938917,DIVOOM DITOO PRO,"정품_92,120|해외구매_86,350"
4533188,DIVOOM Timebox,"정품_일시품절|해외구매_67,150"
3185087,DIVOOM VOOMBOX-ONGO,"해외구매_86,430"
8217409,DIVOOM 마끼아또,"해외구매_69,800"
10783065,DIVOOM 에스프레소,"정품_52,070"
2794932,DOSS DS-1511,"정품_18,390"
12702251,DOSS SoundBox Touch,"해외구매_49,000"
9524229,E&W APOLLO,일시품절
6380222,EARISE EARISE-F38,"해외구매_15,500"
13322612,ELENKER Laptop,"해외구매_25,090"
14540495,EPOS 젠하이저 B20 USB,"238,270"
12985181,EWA A115,"해외구매_38,790"
6995602,EWA-D501,해외구매_일시품절
14940224,Earthworks ICON,"정품_490,000"
17417471,Elgato Wave 3 WHITE EDITION,"정품_236,510|해외구매_189,130"
7211125,Elvis Radio MW-R,해외구매_일시품절
16119659,F&D H40BT,"79,900"
11352204,F&D R218,"80,400"
13128353,F&D R23BT,"96,400"
11888191,F&D R24,블랙_일시품절
11389272,F&D R27BT,"154,990"
4988736,F&D R30BT,"블랙_237,150"
16120004,F&D V720,"22,790"
21223343,FANTECH GS301 Trifecta,"해외구매_14,960"
21228581,FANTECH RESONANCE BS150,"해외구매_9,900"
12036884,FAWEI RGB-210,일시품절
19118429,FIFINE Technology A6V,"정품_49,000|해외구매_79,300"
17041886,FIFINE Technology AmpliGame,"해외구매_49,401"
14842562,FIFINE Technology K050,"정품_33,840|해외구매_일시품절"
8697116,FIFINE Technology K052,"정품_31,400|해외구매_35,890"
11547551,FIFINE Technology K053,"정품_24,230"
19121363,FIFINE Technology K651,"정품_91,190|해외구매_71,100"
16302017,FIFINE Technology K658,"정품_85,140|해외구매_105,544"
16549799,FIFINE Technology K668,"정품_38,390|해외구매_일시품절"
11549231,FIFINE Technology K669B,"정품_64,150|해외구매_65,500"
11550983,FIFINE Technology K669B + 탁상용 스탠드,"79,040"
13089014,FIFINE Technology K670,"정품_56,790|해외구매_64,170"
13330046,FIFINE Technology K678,"정품_86,400|해외구매_84,630"
14190236,FIFINE Technology K683A,"82,730"
13856300,FIFINE Technology K683B,"74,780"
13330730,FIFINE Technology K690,"정품_103,490"
13335941,FIFINE Technology K780A,"64,390"
11547227,FIFINE Technology T669,"정품_53,100"
19121510,FIFINE Technology T669pro3,"97,020"
13335812,FIFINE Technology T670,"정품_61,500"
16302869,FIFINE Technology T683,"정품_78,390"
11549168,FIFINE Technology T730,"정품_83,000"
2860598,FREECOM TOUGH SPEAKER,"정품_37,360"
10798107,Fgoola FENES,해외구매_일시품절
21503735,FiiO SP3,"해외구매_404,000"
14227061,Flickers,"해외구매_26,210"
20443142,Fosi Audio A5,"해외구매_99,540"
20441648,Fosi Audio C1,"해외구매_46,000"
20441780,Fosi Audio C2,"해외구매_68,990"
20442923,Fosi Audio C4,"해외구매_73,500"
15931052,G GOON GS-4000,"28,990"
11313429,G GOON GS-8000,"화이트 핑크_4,900|화이트 블루_4,820"
14660105,G GOON GSP-270,"18,360"
14072201,G GOON VM-5500,"30,100"
10344168,G GOON VM-600,"36,900"
9253596,G GOON VM-700,"53,930"
14540669,G GOON VM-8050U,"42,720"
10344114,G GOON VM-900,"57,910"
10374603,GNS GA-40C,"90,000"
10375356,GNS GA-40W,"140,000"
17721533,GODOX UMic10,"211,360"
17721476,GODOX UMic12,"202,390"
17324612,GODOX UMic82,"정품_198,430|해외구매_197,820"
6390004,H8 Bluetooth Speaker,일시품절
12953321,HACRAY TWIST,"해외구매_71,530"
2603201,HAJEN HANDY,"정품_39,900"
21212426,HAVIT M19,"해외구매_15,600"
11317515,HDC영창 커즈와일 KM1U,"90,000"
11317017,HDC영창 커즈와일 KM2U,"188,000"
13009076,HK-5007,"해외구매_18,390"
13330496,HOPESTAR T5 mini,"해외구매_18,800"
14000060,HP DHE-6000,"정품_14,670|해외구매_37,200"
14002049,HP DHE-6001,정품_일시품절
14006231,HP DHE-6002,"정품_14,900|해외구매_16,440"
14980322,HP DHE-6003,"14,900"
15318812,HP DHE-6005,"13,880"
18150407,HP S101,"정품_49,700"
17568866,HyperX DuoCast,"124,990"
8146516,HyperX QuadCast,"정품_195,020|해외구매_134,990"
12902381,HyperX QuadCast S,"정품_244,020|해외구매_187,760"
13154471,HyperX SoloCast,"정품_59,000|해외구매_68,150"
17262701,HyperX Streamer Starter Pack,"135,010"
7344424,ICON U24,"247,820"
11699483,IK Multimedia iRig Mic Cast HD,"정품_141,550"
6313471,IKON-005,"32,750"
1336243,INFRASONIC UFO,"130,000"
11056581,INFRASONIC UFO Mini,"79,900"
11057373,INFRASONIC UFO Mini 패키지,"굴절스탠드_94,950|탁상용스탠드_112,900"
17482292,INFRASONIC UFO ON,"128,990"
4351481,INFRASONIC UFO Pro,"정품_222,270"
11060382,INFRASONIC UFO Pro + 굴절스탠드 + 팝필터 + 헤드폰,일시품절
11063961,INFRASONIC UFO Pro X + 굴절 스탠드 + 팝필터,"274,550"
11063865,INFRASONIC UFO Pro X + 굴절스탠드 + 팝필터 + 헤드폰,일시품절
9620670,INFRASONIC UFO Pro X + 롱 스탠드 + 팝필터,"270,000"
11063661,INFRASONIC UFO Pro X + 롱스탠드 + 팝필터 + 헤드폰,일시품절
11063316,INFRASONIC UFO Pro X 블랙에디션 + 굴절 스탠드 + 팝필터,"268,400"
5252441,INFRASONIC UFO Pro 패키지세트001,"258,000"
20718734,INFRASONIC UFO Ring Light Kit,"86,350"
5465993,INFRASONIC UFO 블랙 에디션,"131,100"
11068203,INFRASONIC UFO 블랙 에디션 + 굴절 스탠드 + 팝필터,"149,150"
5465991,INFRASONIC UFO 블랙 에디션 + 롱 스탠드,"193,000"
11068860,INFRASONIC UFO 블랙 에디션 + 롱 스탠드 + 팝필터,"161,500"
5465987,INFRASONIC UFO 블랙 에디션 + 탁상용 스탠드,"168,000"
5457129,INFRASONIC UFO 블랙 에디션 + 탁상용 스탠드 + 팝필터,"158,000"
11069313,INFRASONIC UFO 블랙 에디션 + 팝필터,"185,000"
5465988,INFRASONIC UFO 블랙 에디션 패키지 2,"149,600"
10731564,INFRASONIC UFO 블랙 에디션 패키지 3,"149,990"
6857683,INFRASONIC UFO# 블랙 에디션,"138,000"
11065062,INFRASONIC UFO# 블랙 에디션 + 굴절 스탠드 + 팝필터,"178,600"
11067033,INFRASONIC UFO# 블랙 에디션 + 굴절스탠드,"220,000"
11065419,INFRASONIC UFO# 블랙 에디션 + 롱 스탠드 + 팝필터,"170,000"
11066790,INFRASONIC UFO# 블랙 에디션 + 탁상용 스탠드,"215,000"
11065734,INFRASONIC UFO# 블랙 에디션 + 탁상용 스탠드 + 팝필터,"198,000"
11066511,INFRASONIC UFO# 블랙 에디션 + 팝필터,"215,000"
11066664,INFRASONIC UFO# 블랙 에디션 + 헤드셋,"199,000"
11065158,INFRASONIC UFO# 블랙 에디션 패키지 1,"175,000"
11064801,INFRASONIC UFO# 블랙 에디션 패키지 2,"162,900"
11064624,INFRASONIC UFO# 블랙 에디션 패키지 3,"168,990"
4318365,INNO Flask 2.0,"정품_145,000"
12312476,JBL BOOMBOX 2,"정품_399,000|해외구매_146,670"
4258989,JBL CHARGE 3,"정품_171,940|해외구매_150,900"
8662382,JBL CHARGE 4,"해외구매_150,000"
15252161,JBL CHARGE 5,"정품_169,200|해외구매_136,500"
19713329,JBL CHARGE ESSENTIAL 2,"정품_150,300|해외구매_168,590"
6443596,JBL CLIP 3,"정품_200,000|해외구매_55,000"
13559384,JBL CLIP 4,"정품_64,826|해외구매_42,600"
20757419,JBL CLIP 4 ECO,"정품_89,000|해외구매_118,900"
5297259,JBL FLIP 4,"해외구매_145,550"
9774684,JBL FLIP 5,"정품_120,000|해외구매_58,690"
16764821,JBL FLIP 6,"정품_128,708|해외구매_41,760"
18988883,JBL FLIP ESSENTIAL 2 JBLFLIPES2,"정품_128,970|해외구매_132,790"
6255722,JBL GO 2,"해외구매_27,000"
12721577,JBL GO 3,"1개, 정품_38,720|2개, 정품_80,900|해외구매_37,310"
20757614,JBL GO 3 ECO,"정품_49,000|해외구매_71,400"
12829451,JBL PARTYBOX 100,"정품_439,110|해외구매_409,900"
8164114,JBL PARTYBOX 300,"정품_880,000"
4835166,JBL PULSE 3,"정품_299,000|병행수입_일시품절|해외구매_193,200"
10457631,JBL PULSE 4,"정품_129,890|해외구매_150,800|2개, 해외구매_566,100"
17483756,JBL QUANTUM STREAM,"115,440"
11597447,JBL Quantum DUO,"정품_157,330|해외구매_162,930"
6170495,JBL SOUND GEAR,"해외구매_162,300"
13647131,JBL TUNER 2,"정품_89,169|해외구매_105,800"
13647731,JBL TUNER XL,"99,000"
12872792,JBL TURBO,"해외구매_57,580"
12973466,JBL WIND,"해외구매_109,990"
18994994,JBL WIND 3S,"정품_74,690|해외구매_91,300"
9428703,JBL XTREME 2,"해외구매_309,900"
14369000,JBL XTREME 3,"정품_313,000|해외구매_172,090"
17393789,JD-900,"해외구매_36,000"
14558771,JLAB TALK,"정품_94,900"
14128751,JLAB TALK GO,"정품_52,900|해외구매_65,900"
14128616,JLAB TALK PRO,"정품_119,000"
19564826,JOUNIVO JV601,"해외구매_34,200"
19565321,JOUNIVO JV601 PRO,"해외구매_66,000"
19565483,JOUNIVO JV603,"해외구매_41,000"
19564130,JOUNIVO JV605 PRO,"해외구매_26,950"
19566908,JOUNIVO JV806,"해외구매_38,410"
19566566,JOUNIVO JV808,"해외구매_36,500"
19569671,JOUNIVO S100,"해외구매_124,290"
6512110,JTORY JT2,"39,800"
11792242,K-SORI GAM-309,"154,000"
12119339,KAWOO,"해외구매_28,579"
15081728,KH바텍 BTS 타이니탄 미니 블루투스 스피커,"RM_58,940|진_58,940|슈가_58,940|제이홉_58,940|지민_58,940||"
19525349,KKACHI G1,"39,590"
6143597,KOSS BTS1,"해외구매_97,410"
20776271,KT CS 데이니즈 LED 블루투스 스피커,"59,000"
20776469,KT CS 데이니즈 핑구 블루투스 스피커,"29,900"
21687503,LEXON MINO+ LA125,"정품_37,500|해외구매_59,000"
9816798,LEXON TWIN MINO LA114,"정품_90,000"
15659264,LEXON TYKHO 3 LA119,"정품_96,490|해외구매_77,520"
4237557,LG전자 PH1 무드,"정품_1,165,000"
15247499,LG전자 엑스붐 360 RP4,"328,990"
17815205,LG전자 엑스붐 360 XO3Q,"278,990"
6194236,LG전자 엑스붐 고 PK7,"정품_384,030"
11751497,LG전자 엑스붐 고 PL2,"정품_74,900"
11751515,LG전자 엑스붐 고 PL5,"정품_142,000|해외구매_99,890"
11751545,LG전자 엑스붐 고 PL7,"정품_199,640|해외구매_259,500"
13933091,LG전자 엑스붐 고 PN1,"31,890"
18848132,LG전자 엑스붐 고 XG5Q,"128,900"
17868266,LG전자 엑스붐 고 XG7Q,"162,260"
16473329,LG전자 울트라기어 GP3,"정품_178,010|해외구매_161,670"
15664028,LG전자 울트라기어 GP9,"정품_417,350|해외구매_390,210"
12158234,LOCI 아날로그,"해외구매_107,000"
5804748,LP-08,"정품_일시품절|해외구매_34,000"
16614107,MATA STUDIO C10,"39,900"
15675467,MATA STUDIO C3,"19,900"
18148241,MAXTILL GM-BT100S,"19,790"
18212438,MAXTILL GM-BT200S,"21,170"
18302249,MAXTILL GM-BT300S,"34,900"
4036417,MAXTILL SB-100,"블랙, AC 전원_일시품절|블랙, USB전원_15,000|화이트, USB전원_15,000"
4974330,MAXTILL SB-200,"블랙, USB전원_17,000|블랙, AC전원_일시품절|화이트, USB전원_16,900"
18674543,MAXTILL SB-200 PLUS RGB,"28,320"
13923455,MAXTILL TIARA-500,"136,320"
13672733,MDY06,"해외구매_36,900"
7251301,MEIER M-113BT,해외구매_일시품절
16618631,MG MG-D8,"38,990"
13500416,MIFA A4,"해외구매_36,272"
16167830,MIFA A90,"해외구매_88,300"
13499849,MIFA F60,"해외구매_77,200"
16108865,MIRFAK TU1,"해외구매_42,680"
11555753,MK101,"해외구매_8,560"
11555444,MK201,"해외구매_9,120"
14199575,MOMAX SPACE 360,"73,470"
13420994,MPGIO 소나보스 SB11599,"17,890"
21338156,MPIO B-330,"55,980"
7467715,MPIO B3800,"67,700"
8120395,MPLUV MB-V2 PLUS,"59,030"
3072783,MPLUV MB-V3,"정품_64,000"
6385789,MUMU C330,해외구매_일시품절
12108539,MUSICA WJ-C2,"해외구매_79,000"
20631407,MUZEN OTR 메탈 블루투스 스피커 MW-2AI,"정품_96,270|해외구매_76,250"
20632001,MUZEN X 라인프렌즈 OTR 메탈 블루투스 스피커 MW-2AI,"본품, 정품_149,400|본품+무드등, 정품_149,400|본품, 해외구매_241,090"
19530683,MUZEN 사이버 큐브 스탠다드,"정품_111,200|해외구매_91,600"
19530851,MUZEN 사이버 큐브 프리미엄,"정품_135,200|해외구매_119,500"
20615636,MUZEN 와일드 고,"정품_66,230|해외구매_95,790"
15135032,MUZEN 와일드 미니,"정품_88,100|해외구매_58,630"
6256319,MXL Studio One Red Dot USB,"정품_123,900"
12483356,Mackie CARBON,"370,000"
18254156,Mackie CR StealthBar,"정품_220,000|해외구매_392,000"
20400488,Mackie CR2-X BAR PRO,"해외구매_354,190"
20400125,Mackie CR2-X CUBE,"정품_272,000|해외구매_274,680"
14781650,Maono AU-902,해외구매_일시품절
15840269,Maono AU-HD300T,"해외구매_62,900"
17630303,Maono AU-PM401,"해외구매_123,890"
15130847,Maono AU-PM421,"기본구성, 해외구매_96,870"
17618705,Maono AU-PM421T,해외구매_일시품절
14700956,Maono AU-PM422,"해외구매_58,560"
15025796,Maono AU-PM461TR,"해외구매_27,790"
19234343,Maono DM30,"해외구매_60,460"
7082218,Maxon MXBT-2200,"34,900"
13486295,Mifa K3,"해외구매_55,000"
19563122,Miffy x mipow,"해외구매_25,290"
12994007,Monster High,해외구매_일시품절
11014167,Morui MR-BTS01,"6,000"
12062633,NBY 5540,"해외구매_31,820"
15283847,NZXT CAPSULE,"정품_130,750|해외구매_125,090"
6878194,Neat Microphones Widget A,"정품_109,000"
6878344,Neat Microphones Widget B,"91,560"
6878416,Neat Microphones Widget C,"정품_139,000"
7071163,Nickelodeon 닌자거북이 블루투스 스피커,해외구매_일시품절
13937876,OHAYO E9,"해외구매_85,400"
13925012,OHAYO X10,"해외구매_47,000"
13921691,OHAYO X15,해외구매_일시품절
6210126,ONTOP-YX2,해외구매_일시품절
11312616,ORBIS OSB-1000,"35,100"
6956473,Oumir C5,해외구매_일시품절
9787389,PHOENIX RXS-300S,"7,900"
6018479,PISEN-SB SPK-B003,해외구매_일시품절
13522316,PSI코리아 Nutz NC-02,"53,900"
8159572,PSI코리아 Nutz NM-100,"53,900"
13522541,PSI코리아 Nutz NM-100A,"34,900"
18185258,PSI코리아 Nutz NM-500,"44,900"
13523120,PSI코리아 Nutz UM-100,"49,000"
14832224,PSI코리아 Nutz UM-200,"79,000"
14746937,PSI코리아 Nutz UM-300,"69,000"
16234157,PreSonus Revelator,"정품_149,000|해외구매_114,410"
11322909,PureAV PM-2000 USB,"정품_69,570|스탠드+팝필터_82,000"
16113065,QSENN AULA N-107,"11,450"
16107206,QSENN AULA N-169B,"정품_12,540|해외구매_19,060"
16113440,QSENN AULA N-189,"17,410"
16114073,QSENN AULA N-301,"9,570"
19089800,Q어쿠스틱 M20,"정품_990,000|해외구매_1,133,200"
18371297,RHINO GEAR RG-S100,"8,900"
6808576,RIZUM R2000,"19,900"
8947616,RIZUM RS3000,"블랙_14,880|레드_14,880|화이트_14,880"
15341600,ROCCAT TORCH,"119,970"
14824826,ROYCHE BTS-280,"21,900"
5543216,ROYCHE MUSES BTS-220,"정품_22,800"
4141183,ROYCHE MUSES BTS-250,"정품_19,890"
19183430,Razer Leviathan V2,"정품_364,780|해외구매_341,100"
19423985,Razer Leviathan V2 Pro,해외구매_일시품절
17886434,Razer Leviathan V2 X,"정품_146,500|해외구매_107,290"
5901704,Razer Nommo Chroma,"정품_198,000|해외구매_197,900"
20250497,Razer Nommo V2,"398,990"
20250239,Razer Nommo V2 Pro,"598,990"
20249510,Razer Nommo V2 X,"정품_208,350|해외구매_223,460"
13197293,Razer SEIREN MINI,"정품_69,000|병행수입_93,900|해외구매_43,950"
13198226,Razer SEIREN MINI Mercury,"정품_67,430|해외구매_40,990"
13197764,Razer SEIREN MINI Quartz,"정품_67,440|해외구매_39,130"
15760721,Razer SEIREN V2 PRO,"정품_248,990|해외구매_189,300"
15761828,Razer SEIREN V2 X,"157,350"
5955639,Razer Seiren Elite,"정품_299,000|해외구매_198,100"
5955614,Razer Seiren X,"블랙_132,500|머큐리_149,000|쿼츠_132,500"
13838009,Redragon GS550 ORPHEUS,"정품_22,900"
19229357,Redragon GS570 Darknets,"해외구매_26,587"
12840740,SADA V-193,"해외구매_18,080"
12975278,SAFA SBL-101,"14,900"
10982043,SAMSON G-Track Pro,"정품_260,000"
14046077,SANSUI S56,"해외구매_259,400"
6977524,SANSUI T20,해외구매_일시품절
6926548,SAST N612,해외구매_일시품절
2435813,SICRON DICE Boom Box,"정품_7,430"
12088100,SICRON ENG-82,"14,280"
20405933,SKY 붐 S1,"32,900"
17712083,SKY 핏 ASMR 블루투스 스피커 SKY-ASMR1,"44,930"
3678481,SKYWORKS ShockWave G-9,"19,500"
1934479,SKYWORKS ShockWave K-POP,"24,500"
10160088,SK네트웍스 에이프릴스톤 A30,"35,900"
4215967,SK네트웍스서비스 MOCAT SK-BTS100,"정품_25,200"
4569552,SK네트웍스서비스 MOCAT SK-BTS300,"정품_26,100"
5081925,SNK테크 Jackpot X3 plus Bar Speaker,"블랙_31,330"
13485815,SOAIY SH16,"해외구매_69,700"
4800265,SODO S3,"정품_29,000"
3778433,SONY LSPX-S1,"해외구매_1,287,200"
9343965,SONY LSPX-S2,"해외구매_573,500"
18014567,SONY SRS-NB10,"해외구매_146,990"
7391041,SONY SRS-XB01,"정품_45,720|해외구매_29,900"
4818452,SONY SRS-XB10,"정품_299,000"
20119403,SONY SRS-XB100,"정품_89,000|해외구매_85,700"
7675273,SONY SRS-XB12,"정품_279,000|해외구매_일시품절"
14300135,SONY SRS-XB13,"정품_63,510|해외구매_49,600"
8091523,SONY SRS-XB22,"해외구매_204,320"
11457738,SONY SRS-XB23,"해외구매_114,750"
4818314,SONY SRS-XB30,"정품_399,000"
6043111,SONY SRS-XB31,"해외구매_195,960"
8091274,SONY SRS-XB32,"해외구매_197,330"
12997835,SONY SRS-XB33,"해외구매_225,680"
17435144,SONY SRS-XE200,"정품_148,710|해외구매_172,930"
17435228,SONY SRS-XE300,"정품_225,270|해외구매_211,230"
14300753,SONY SRS-XP500,"정품_450,390|해외구매_435,990"
15476267,SONY 크리스탈 사운드 스피커 LSPX-S3,"정품_351,120|해외구매_390,490"
9818124,Sabrent SP-BYTA,해외구매_일시품절
14065061,Saramonic LavMicro+ DC,"96,000"
14922068,Saramonic SMARTIC MTV550,"88,000"
14917991,Saramonic SR-MV2000,"정품_76,840|해외구매_75,000"
14926778,Saramonic SR-MV7000,"정품_245,258|해외구매_282,600"
14064293,Saramonic SR-ULM10,"정품_25,000"
14931707,Saramonic SR-ULM10L,"정품_34,000"
14536031,Smartek KF-PN1002,"54,220"
7158931,Smartek STBT-BAR1000,"36,950"
5232218,Smartek STBT-LS1000,"정품_14,750"
13561766,Smartek STBT-MS100,"20,900"
6194411,Smartek STBT-RS200,"정품_23,390"
9416331,Smartek STBT-RS300,"23,030"
8841596,Smartek STBT-S1300,"12,000"
8427291,Smartek STBT-WS100,"16,910"
5847726,Smartek STMC-1000,"15,300"
6106506,Smartek STMC-2000,"정품_25,890"
6382103,Smartek STMC-3000,"19,900"
5730026,SonicGearLab 소닉기어 NEO1000 판도라 네오 클래식,"정품_39,900"
5969145,SonicGearLab 소닉기어 SPACE3,"53,500"
6018437,SonicGearLab 소닉기어 SPACE5,"57,000"
7319161,SonicGearLab 소닉기어 TITAN2,"13,740"
5031703,SonicGearLab 소닉기어 TITAN7 BTMI 블루투스 컴퓨터 스피커,"56,160"
5760910,SonicGearLab 소닉기어 모로2200,"블랙_16,890"
9599796,SonicGearLab 소닉기어 타이탄3 BTMI,"36,000"
4778500,SonicGearLab 소닉기어 타이탄5 BTMI 블루투스 컴퓨터 스피커,"77,180"
6971788,SonicGearLab 오디오박스 SONICBAR BT150,"24,190"
13471889,SooPii Conch NO.1,"24,270"
19165619,SooPii 멜로디코리아 Conch NO.1,"29,490"
19913270,Sudio F2,"119,000"
18592904,Sudio 펨티오,"해외구매_78,270"
20229041,T&G T3 LED,"정품_31,900|해외구매_19,570"
13499201,T&G TG146,"해외구매_19,900"
15419552,TASCAM TM-250U,"정품_112,000|해외구매_56,120"
2839020,TDK TREK Micro A12,"정품_25,900"
3445028,TGIC컴퓨터 TGC-6000U,"3,090"
12698021,TGIC컴퓨터 TGS-1500,"2,780"
12697916,TGIC컴퓨터 TGS-747,"정품_14,800"
12654296,TGIC컴퓨터 TGS-U1,"8,510"
12656792,TGIC컴퓨터 TGS-U2,"9,300"
12656840,TGIC컴퓨터 TGS-U3,"9,560"
14641469,TGIC컴퓨터 TGS-U7,"8,160"
12011294,TGS HI-FI 360,"32,150"
6681916,TKDS Tsound,"9,210"
6390110,TKDS 스타워즈 K-2SO 미니,"164,753"
6562856,TMG DumBee,"48,700"
20746343,TRANSPARENT 라이트 스피커,"블랙, 정품_441,000|화이트, 정품_440,990|블랙, 해외구매_580,280|화이트, 해외구매_625,290"
12881936,TRIBIT StormBox,"해외구매_109,000"
17342024,TRIBIT StormBox Mirco 2 BTS12,"정품_78,900|해외구매_96,000"
13546367,TRIBIT XSound Go TS-BTS20,"정품_75,000|해외구매_41,630"
14168525,TW-M2,일시품절
11960216,TYMINE USB MIC 1,"61,100"
12376664,TYMINE USB MIC 1 KIT,"69,900"
12703181,TYMINE USBMIC2,"40,900"
5588778,Trendwoo Freeman X6 Plus,"정품_42,990"
21466994,Tronsmart Nimo,"해외구매_14,600"
14977970,V-111,"해외구매_19,100"
13460876,VOLT VC7,"1개, 정품_34,310|2개, 정품_88,000"
14088968,VONTAR E27,"해외구매_19,000"
14088347,VONTAR S4,"해외구매_165,610"
10102242,VTIN R4,해외구매_일시품절
14342876,WD101GN,"해외구매_245,700"
11999471,WEZEL WZ-S875U,"4,280"
11999630,WEZEL WZ-S900U,"9,490"
6342484,WOOD M3,해외구매_일시품절
5068341,X-Sound SOUNDBAR K6,"25,000"
4099462,X-Sound XB-550,"19,500"
12992984,XDOBO WAKE1983,"해외구매_60,000"
12991328,XDOBO X8,"해외구매_58,700"
6385491,XIMU A6,해외구매_일시품절
15134492,XTRA WCP-170,"49,800"
15132347,XTRA WCP-180,"39,790"
16469609,XTRA 마카롱 스피커 gni-111,"14,500"
4514971,XTRA 지니-101,"정품_28,500"
5905963,XTRA 지니-106,"정품_20,880"
18013958,XUKE B-3600,"79,380"
13044293,Xdobo NIRVANA,"해외구매_45,574"
16222097,YXSM9010BL,"정품_29,790"
11575355,Yanmai SF-960B,"65,910"
13376069,ZEALOT A1,"해외구매_50,090"
13213511,ZEALOT S35,해외구매_일시품절
18222626,ZOOM ZUM-2,"169,000"
7878067,Zizzy CMP-3000U SIGNAL,"28,830"
5386315,Zizzy CMP-G7 USB COBRA 게이밍,"레드 LED_18,180|블루 LED_18,150"
15831359,Zyon Z-BAR20,"9,300"
13941476,archon A5,일시품절
17512424,awei Y666,"정품_35,000|해외구매_39,100"
20419523,enkor MINI2,"해외구매_7,800"
14159354,fineblue 레벨투 S107,"89,630"
12119789,iFKOO S11,해외구매_일시품절
7145137,infoThink 마블 타노스 건틀렛 BSP299,"790,000"
5679220,jarre AeroBull Nano,"정품_94,990"
18302897,on stage AS700,"98,000"
7290130,rombica Mysound Driver BT-S018,"해외구매_144,960"
6385563,velev T102,해외구매_일시품절
4463361,vifa Oslo,"정품_1,050,000|해외구매_880,000"
5798509,vifa 레이캬비크,"정품_390,000"
9783450,vifa 시티,"정품_230,000|해외구매_233,070"
6704455,vifa 코펜하겐 2.0,"정품_1,670,000|해외구매_1,058,920"
3388292,vifa 헬싱키,"정품_770,000|해외구매_654,110"
11753927,가우넷 OH-HO S10,"44,820"
6313658,가우넷 OH-HO S30,"48,800"
9555444,강원전자 NETmate NM-BC01,"20,000"
9556251,강원전자 NETmate NM-BC03,"52,000"
9557034,강원전자 NETmate NM-BC04,"41,490"
9561039,강원전자 NETmate NM-BC05,"41,400"
9561372,강원전자 NETmate NM-BC06,"24,310"
13583813,강원전자 NETmate NM-BC13,"29,060"
10436400,건평정보통신 IPLEX IPBS-RGBK100,"13,800"
17505443,건평정보통신 IPLEX IPBS-RGBK200,"14,148"
13651289,건평정보통신 IPLEX IPBS-RGBK300,"16,500"
11322645,건평정보통신 IPLEX KP-S1000,"USB전원_10,187|AC전원_12,870"
4714598,건평정보통신 IPLEX KP-SPK200U USB,"2,700"
11977025,고양이 캐릭터,해외구매_일시품절
10935867,그라바스타 MARS G1,"정품_300,000"
21436373,그라바스타 MARS PRO,"정품_277,140|해외구매_247,700"
21437399,그라바스타 MARS PRO AUROCHS,"정품_390,600|해외구매_695,870"
21436550,그라바스타 MARS PRO DAMAGED YELLOW,"정품_390,600|해외구매_378,660"
21436730,그라바스타 MARS PRO SHARK 14,"정품_420,000|해외구매_680,000"
20104487,그라바스타 Supernova,"해외구매_232,100"
14227538,그라바스타 Venus,"정품_119,970|해외구매_112,230"
7129102,금영 뮤즐 KY-K200S,"145,000"
17696672,긱스타 GS2000,"16,900"
5431653,나오테크 NAO-3010 화분 스피커,"정품_7,020"
13474310,낯선사람 펭수 턴테이블 스피커,"54,900"
10393476,네코 NK-UA400S,"62,900"
13250636,노벨뷰 NV123,"37,400"
6197956,뉴빛 STIL ST-CP1,"49,900"
16253330,달리 KATCH G2,"정품_454,090|해외구매_507,980"
5837090,대명전자통신 CANTO-017,"정품_20,490"
10393986,대영음향 DY-1004,"300,000"
6135781,대원미디어 춤추는 스피커 짱구와 친구들 NEW BT-SD,"38,500"
11024652,더블유아이 카카오프렌즈 브릭 피규어 BT WKFBS-G1,"53,900"
18534902,더블유아이 카카오프렌즈 블루투스 턴테이블 스피커 XDB-SK1,"라이언_38,900|어피치_45,650"
18044342,더홀릭 WYT-U07,"3,000"
2741076,데논 Envaya DSB-200,"정품_254,790"
2981123,데논 Envaya Mini DSB-100,"정품_196,000"
4418602,데이비드테크 엔보우 Rainbow,"정품_15,900"
16820396,데이티 Pocket Wireless,"268,990"
6407336,데코정보 아가새 WB1004,"21,900"
11828896,도어스 미라클 M100,"정품_69,160"
11817763,도어스 미라클 M70 플러스,"43,900"
19823429,도어스 미라클 M70 플러스 + 파우치 + 미러볼 + 스탠드,"48,900"
9577932,도어스 미라클 M90,"정품_48,800"
14867366,도어스 미라클 MC40U,"단품_34,800|패키지_57,600"
5667545,두온 아이멍키 VB-1000,"정품_51,000"
13894679,두원통상 디보이스 RM-50,"41,990"
12059879,두코 로이브 U1,"59,000"
6401512,드림웨이브 BUBBLE PODS,"63,410"
9937293,드림웨이브 EXPLORER,"238,000"
18541715,드비알레 MANIA,"본품, 정품_1,350,000|무선충전크래들 포함, 정품_1,529,000|본품, 해외구매_1,289,820"
18542033,드비알레 MANIA GOLD OPERA,"정품_1,525,930"
20510111,드비알레 MANIA 스페셜 에디션,"1,470,000"
17682335,디알고 BS103,"17,720"
15810677,디알고 BT-RGB2CH,"29,500"
17949794,디알고 BT-RGBT1,"44,000"
17380154,디알고 BT7RGB,"46,490"
12728849,디알고 DRGO-STM01,"25,380"
14176337,디알고 DRGO-STM02NC,"39,800"
16186994,디알고 GM-RGBNC,"46,040"
17682011,디알고 RGB356,"16,790"
17608631,디엠케이코리아 밸류엠 LED 랜턴 블루투스 스피커 BTS5200,"59,310"
5829013,디자인 잭슨 KMS-J210,"정품_18,522"
2284839,디지클럽 QNIX QS-1000U,"3,100"
5888051,디지클럽 QNIX QS-3000U,"3,850"
6804277,디지클럽 QS-2000,"17,940"
2277424,디지클럽 Qnix QS-130U,"3,040"
2710176,디지탈그리고나 e-STAR ES-X3,"10,700"
21235457,디지털케미 DCB-U1,"8,500"
3986739,디코엔터테인먼트 CWM-102,"정품_38,990"
5836917,디클 팅클 미니 링 TINKLE,"16,400"
14268284,라마투 RM-B1000,"정품_16,150"
6956122,라미 RM-DB101,"43,000"
6405104,라미 RM-MB101,"42,990"
11480646,라온 BT-SB1000,"26,890"
6930187,라이트컴 COMS BT116,"19,570"
18359411,라이트컴 COMS BT117,"17,700"
6902605,라이트컴 COMS BT122,"72,340"
6389644,라이트컴 COMS BT426,"10,710"
6296166,라이트컴 COMS CH541,"38,700"
6296097,라이트컴 COMS CH542,"36,500"
6296142,라이트컴 COMS CH543,"36,500"
6482661,라이트컴 COMS CH544,"48,412"
6296079,라이트컴 COMS CH545,"36,500"
6296025,라이트컴 COMS CH546,"38,700"
6182277,라이트컴 COMS CH559,"8,930"
6182328,라이트컴 COMS CH560,"14,570"
6182340,라이트컴 COMS CH568,"14,900"
6182357,라이트컴 COMS CH569,"9,850"
5926056,라이트컴 COMS CS4425,"56,000"
6975052,라이트컴 COMS EF122,"10,830"
6975268,라이트컴 COMS EF123,"11,010"
16714133,라이트컴 COMS EQ815,"37,300"
16969367,라이트컴 COMS EQ816,"37,300"
14784605,라이트컴 COMS HT224,"29,380"
14452514,라이트컴 COMS HT233,"9,600"
5452334,라이트컴 COMS HT342,"18,590"
10118037,라이트컴 COMS HU728,"20,400"
3831662,라이트컴 COMS IB894,"정품_32,470"
8000620,라이트컴 COMS ID600,"32,460"
15078986,라이트컴 COMS ID819,"65,180"
15078974,라이트컴 COMS ID819L,"65,180"
15081053,라이트컴 COMS ID819LU,"69,700"
15080948,라이트컴 COMS ID819U,"72,350"
10532718,라이트컴 COMS IF045,"63,510"
6497860,라이트컴 COMS KY203,"56,100"
8002294,라이트컴 COMS LY218,"15,990"
8002588,라이트컴 COMS LY219,"15,300"
10139088,라이트컴 COMS MT195,"33,790"
16955513,라이트컴 COMS MT413,"76,220"
17229380,라이트컴 COMS MT719,"41,230"
1832913,라이트컴 COMS NB520,"25,730"
9709545,라이트컴 COMS NS144,"59,210"
9709386,라이트컴 COMS NS145,"59,210"
9708789,라이트컴 COMS NS181,"15,890"
9709179,라이트컴 COMS NS182,"15,700"
1610994,라이트컴 COMS PMR-70 (A3428),"2,780"
2410483,라이트컴 COMS SD930,"12,600"
14538107,라이트컴 COMS TB035,"3,630"
11921839,라이트컴 COMS TB168,"46,250"
12829682,라이트컴 COMS TB280,"17,000"
13476401,라이트컴 COMS TB329,"5,260"
21196289,라이트컴 COMS TB600,"43,350"
21196307,라이트컴 COMS TB700,"42,090"
10392516,라이트컴 COMS WW412,"40,800"
10392846,라이트컴 COMS WW413,"44,990"
10207281,라이트컴 COMS WW471,"57,200"
10210086,라이트컴 COMS WW477,"68,600"
19302719,레노버 DS107,"해외구매_25,900"
20405576,레노버 K3 Pro,"해외구매_6,880"
13380608,레노버 L022,"해외구매_35,110"
19302299,레노버 M550,"해외구매_14,370"
16679819,레노버 TS32B,"해외구매_16,740"
20337902,레노버 ThinkVision MS30,"38,169"
3768588,레노버 USB Soundbar,"정품_34,900|해외구매_41,500"
20408888,레노버 씽크플러스 TS13,"해외구매_13,828"
15657104,레이니 F67 LIONHEART,"정품_330,000|해외구매_376,280"
15657041,레이니 F67 SUPERGROUP,"정품_324,306"
5938404,레토 댄서 뮤직박스 NM-RBT1000,"27,900"
7076302,레토GMS LBT-W04S,"38,900"
5727071,레토GMS NEOVOX LBT-R01,"정품_49,900|해외구매_49,900"
18534530,레토GMS 마그네틱 컴팩트 블루투스 스피커 LBT-M05,"정품_28,900|해외구매_28,600"
20737103,로랜텍 캠핑 불멍 블루투스 스피커 RRT-CPET16,"88,800"
6742981,로에베 Speaker 2 go,"440,000"
8887910,로이체 BTS-240,"9,900"
18917558,로이체 RSB-200,"29,900"
12663194,로이체 RSB-3000,"18,900"
20759678,로이체 RSB-G1000,"15,900"
13967804,로이체 RSB-G5000,"28,900"
6308663,로지텍 G560 LIGHTSYNC PC 게이밍 스피커,"정품_142,100|리퍼/중고_421,510|병행수입_268,990|해외구매_234,930"
7784785,로지텍 UE 얼티밋 이어 메가붐 3,"1개, 정품_138,990|2개, 정품_298,000|병행수입_일시품절|해외구매_193,160|벌크_177,690"
7631440,로지텍 UE 얼티밋 이어 붐3,"정품_199,000"
9632181,로지텍 UE 원더붐2,"해외구매_140,800"
2359027,로지텍 Z150 블랙,"정품_29,900|해외구매_71,260"
3670569,로지텍 Z200 블랙,"해외구매_68,070"
3628561,로지텍 Z906,"해외구매_591,900"
6399151,로지텍 블루 마이크로폰 Blackout Spark SL,"정품_298,340"
3078248,로지텍 블루 마이크로폰 Snowball,정품_일시품절
3072898,로지텍 블루 마이크로폰 Snowball iCE,"정품_77,330"
1647157,로지텍 블루 마이크로폰 YETI,"정품_174,800|리퍼/중고_129,000"
13630286,로지텍 블루 마이크로폰 YETI + 스트림캠,"378,000"
11896612,로지텍 블루 마이크로폰 YETI NANO,"정품_99,000|해외구매_115,490"
11897086,로지텍 블루 마이크로폰 YETI X,"정품_216,000|해외구매_169,120"
13192691,로지텍 블루 마이크로폰 YETI X + Compass,"378,000"
13192742,로지텍 블루 마이크로폰 YETI X + Radius III,"318,000"
13192928,로지텍 블루 마이크로폰 YETI X + Radius III + Compass,"467,000"
13630088,로지텍 블루 마이크로폰 YETI X + 스트림캠,"428,000"
20058950,로지텍 블루 마이크로폰 YETI X + 오토케 룩스패드,"310,000"
17600510,로지텍 블루 마이크로폰 YETI 오로라컬렉션,"178,420"
16341725,로지텍 블루 마이크로폰 YETI-무직타이거 스페셜 에디션,"178,420"
16325948,로지텍 블루 마이크로폰 YETICASTER,"정품_299,000|해외구매_259,000"
12126260,롯데전자 PINGKY30,"23,890"
17340794,루아즈 LUAZ-185,"13,500"
17340938,루아즈 LUAZ-485,"21,500"
5421910,루악 MR1 Mk2,"정품_634,800|해외구매_790,270"
6115893,리맥스 PB-M8 미니,"43,400"
11395908,리버네트워크 NEXI NX-AMPS01,"24,600"
12197750,리버네트워크 NEXI NX-AMPS01P,"24,600"
5699203,리브라톤 Too,"해외구매_168,760"
5718435,리브라톤 Zipp,"해외구매_297,000"
5699208,리브라톤 Zipp Mini,"해외구매_251,180"
15087830,리썬즈몰 BOB TALK,"44,100"
15842057,마란츠프로페셔널 M4U,"해외구매_58,850"
11743361,마샬 Emberton,"정품_279,000|해외구매_90,840"
17904734,마샬 Emberton II,"정품_289,000|해외구매_124,200"
3760973,마샬 KILBURN,"정품_450,000"
6887443,마샬 KILBURN II,"정품_479,990|해외구매_214,990"
21053084,마샬 MIDDLETON,"정품_489,000|해외구매_267,900"
21533078,마샬 MIDDLETON,"정품_489,000|해외구매_267,900"
4114124,마샬 STOCKWELL,"해외구매_186,150"
8078188,마샬 STOCKWELL II,"정품_399,000|해외구매_155,480"
8100046,마샬 TUFTON,"정품_710,000|해외구매_690,040"
17904596,마샬 Willen,"정품_168,990|해외구매_68,120"
19526210,마이크로닉스 MANIC UB2000,"15,980"
8164057,마이크로닉스 ROUND STUDIO BT-1000,"47,900"
11871712,마이크로닉스 ROUND STUDIO BT-1000 V2,"다크그레이_40,700|핑크_40,700|화이트_40,700"
9311622,마이크로닉스 ROUND STUDIO UB-1000,"20,100"
14629655,마이크로닉스 SOUND TRIPOD,"그레이_75,820|퍼플_87,570"
17575610,마이크로랩 B77BT,"해외구매_104,990"
2517382,마이크로랩 FC50 BT,"132,500"
21679556,마하 돔 블루투스 스피커 F3,"75,990"
5544186,만방코리아 V7,"정품_20,000"
2834846,머레이 BS-A301,일시품절
9698154,머레이 X-11,"51,950"
2628899,머레이 에이스원 BS-C203,일시품절
10780101,메이크메이크 52 speaker,"60,710"
16235198,모락 CYLER,"86,000"
15595379,모락 MRMK02,"17,200"
16777175,모비프렌 MFB-SP300,"58,260"
20724173,모비프렌 춘식이 블루투스 사운드바,"67,500"
7257430,모토로라 Sonic-Boost210,"17,100"
12668216,모토로라 SonicSub 500,"34,900"
8164996,모토로라 스피어 플러스,"정품_150,480"
12604001,몬스타기어 가츠 BT SOUND,"35,000"
10546122,몬스타기어 가츠 LIVE 200,"정품_24,090|리퍼/중고_17,500"
10933761,몬스타기어 가츠 LIVE10,"블랙_10,920|화이트_10,480"
20257622,몬스타기어 가츠 LIVE20,"정품_12,600|리퍼/중고_15,600"
19102370,몬스타기어 가츠 Live BT SOUL,"24,990"
12300440,몬스타기어 가츠 Live100,"블랙_15,720|핑크_17,000|화이트_15,720|리퍼/중고_13,600"
18633086,몬스타기어 가츠 Live100S,"12,990"
18633269,몬스타기어 가츠 Live200S,"18,990"
18633209,몬스타기어 가츠 Live20BT,"34,990"
18023750,몬스타기어 가츠 클래식 BT SOUND,"108,990"
3248482,몬스터 SUPERSTAR,"정품_179,000"
11062806,무니 앤데일,"178,000"
11073531,무니 오보,"162,440"
11072526,무니 이클립스,"156,640"
19586273,무아스 MBS11,"29,900"
20525588,무아스 MBS2,"42,900"
20247713,무아스 잠자는 고양이 무드등 무선 스피커 MBS7,"15,900"
6089373,무인양품 MJDBS-1,"해외구매_120,800"
6555764,뮤즈-104,"31,440"
8364525,뮤직펫 ZXS-616,해외구매_일시품절
12087740,미디어 미디어테크 와일드프로 MT-PBLT,"17,880"
21325223,미디어 미디어테크 와일드프로 MT-PBLT DUAL,"36,790"
13338719,미디어 미디어테크 와일드프로 MT-PBLT PARTY,"25,640"
13043312,미디어테크 와일드프로 SOLJAM,"89,000"
2371411,바톤스 BT-S10,일시품절
10557273,반얀시스템 SMART VOICE CAP SB-X10,"94,260"
13496768,발뮤다 M01A-BK,"해외구매_321,500"
12722375,발뮤다 더 스피커 블랙 M01B-BK,"341,290"
18523826,발뮤다 더 스피커 화이트 M01B-WH,"442,490"
5113988,방방코리아 H25,"정품_39,000"
14507699,뱅앤올룹슨 B&O PLAY Beosound Explore,"정품_238,990|해외구매_138,570"
2884181,뱅앤올룹슨 BEOPLAY A2,해외구매_일시품절
5126430,뱅앤올룹슨 BEOPLAY P2,"해외구매_194,400"
6126746,뱅앤올룹슨 BEOPLAY P6,"정품_1,249,990"
12590405,뱅앤올룹슨 Beolit 20,"정품_648,990|해외구매_560,290"
11753300,뱅앤올룹슨 Beosound A1 2nd,"정품_316,610|병행수입_335,000|해외구매_235,150"
19961807,뱅앤올룹슨 Beosound A5,"노르딕위브, 정품_1,490,000|다크오크, 정품_1,490,000|노르딕위브, 해외구매_1,515,220|다크오크, 해외구매_1,768,810"
13463744,뱅앤올룹슨 Beosound Level,"정품_1,999,000|해외구매_1,780,200"
18965759,뱅앤올룹슨 Beosound Level Gold,"정품_2,230,000|해외구매_2,259,300"
3628969,범우 아이룸 BWS001,"정품_15,090"
6023685,범진시엔엘 BTA-300 톤,"11,700"
15278987,베링거 BIGFOOT,"정품_88,400"
16594406,베링거 BU100,"정품_90,280|해외구매_159,000"
18167372,베링거 BV-BOMB,"115,000"
18167684,베링거 BV4038,"115,000"
18166328,베링거 BV44,"162,000"
18167549,베링거 BV635,"149,000"
18166478,베링거 BVR84,"185,000"
17095712,벨레 W201T,"139,000"
12327668,벨레 멜로우 W001T,"209,900"
13724045,벨레 멜로우 W001T WOOD,"247,000"
15087143,벨레 멜로우 W301T,"해외구매_532,600"
8114308,벨레 멜로우 W501T,"정품_348,000|해외구매_134,170"
11591960,벨레브 아이멍키 VB-1000,"55,110"
20248901,벨리곰 턴테이블 스피커,"43,490"
9319797,브로스앤컴퍼니 POUT Ears1,"13,975"
5341779,브로스앤컴퍼니 POUT Ears1 2017,"정품_9,900"
5627411,브로스앤컴퍼니 Pout Ears2,"정품_33,500"
20245934,브리츠 BR-MF60,"53,900"
17342747,브이디코랩 세비즈 BLACK20W,"34,900"
15302690,브이디코랩 세비즈 BS-MNI10W,"32,900"
10666752,브이디코랩 세비즈 FOUR40W,"정품_36,800"
10667343,브이디코랩 세비즈 MINI10W,"정품_32,400"
10661151,브이디코랩 세비즈 REALGOLD20W,"정품_34,900"
10659963,브이디코랩 세비즈 RETRO10W,"23,900"
10660863,브이디코랩 세비즈 RETRO20W,"정품_34,900"
17342630,브이디코랩 세비즈 ROSEGOLD20W,"34,900"
17342834,브이디코랩 세비즈 WHITE20W,"34,900"
11406531,블레슈 굿뉴스,"9,500"
6296619,블루선 LS700,"13,120"
14536640,블루투스 넥스피커 BBH-929S,"해외구매_26,980"
2781115,비젼퓨쳐 VIVOX 206,"2,790"
18128249,비치온 VN12-BS300,"블랙_18,940|오렌지_18,940|블루_18,940"
19844129,빅트랙 SB-01,"56,800"
19844345,빅트랙 SB-02,"16,900"
20139686,사운드 퍼퓸 블루투스 스피커 SPK-1,"119,000"
18770558,사운드룩 SL-BR200,"블랙_79,000|화이트_79,000"
12063434,사운드바이감성 LUNA 엔틱 BT01,일시품절
12066869,사운드바이감성 음악행성,해외구매_일시품절
12841052,산와 MM-SPL11UBK,"해외구매_67,580"
12848813,산진 WR-7WL,"해외구매_143,500"
6473654,삼성전자 SMS-A90UB,"22,900"
1802734,삼성전자 SMS-M60U,"15,400"
1843515,삼성전자 SMS-M70U,"14,420"
5289959,삼성전자 SMS-M80U,"17,660"
3405616,삼성전자 SMS-S20B,"39,000"
12659405,삼성전자 SMS-S20W,"39,000"
7026913,삼지아이티 피스넷 드림,"33,990"
5696089,삼지아이티 피스넷 리우,"59,900"
4618345,삼지아이티 피스넷 무드사운드,"16,900"
16879949,삼지아이티 피스넷 뮤직라이더 시즌2,"59,900"
12310970,상도아이앤티 ANYZONE SDS-1000U USB,"3,528"
14549972,상도아이앤티 ANYZONE SDS-2000U,"6,060"
13375286,샤오미 BINNIFA Play 1D,"해외구매_15,500"
18132191,샤오미 Mi 포터블 블루투스 스피커 XMYX04WM,"정품_26,800|해외구매_29,990"
10035594,샤오미 미니2 MDZ-28-DI,"해외구매_19,600"
6066071,샤오미 큐브박스 2 XMYX03YM,"해외구매_41,060"
13700567,샤이닝몰 컴썸 MG800,"39,800"
11485614,샤이닝몰 컴썸 MIC-1000,"35,820"
12680942,샤이닝몰 컴썸 MIC-1100,"44,900"
8206120,샤이닝몰 컴썸 MIC-600,"정품_47,780"
11486127,샤이닝몰 컴썸 MIC-800,"54,860"
11324799,샤이닝몰 컴썸 MIC-900 PRO,"57,000"
14987741,샤이닝몰 컴썸 MK500U,"20,000"
21447167,샤이닝몰 컴썸 MK600U,"11,000"
14749016,샤이닝몰 컴썸 PIN-500,"23,000"
11011608,서원씨엔케이 카카오프렌즈 리틀프렌즈 LFBTS-APK-001,"32,300"
5641923,서진네트웍스 UNICORN FLOWER S30,"정품_21,630"
7220944,서진네트웍스 UNICORN KTV-Q7,"47,380"
5426288,서진네트웍스 UNICORN LB-500R,"정품_14,900"
3004923,서진네트웍스 UNICORN MB-550S,"16,550"
5848003,서진네트웍스 UNICORN MB-A80,일시품절
18022937,서진네트웍스 UNICORN MF-S580,"28,900"
13460780,서진네트웍스 UNICORN SB-500BT,"18,900"
13460330,서진네트웍스 UNICORN SB-700BT,"18,900"
6637726,서진네트웍스 UNICORN SB-M5,"13,520"
6637564,서진네트웍스 UNICORN SB-M7,"19,220"
18106727,서진네트웍스 UNICORN SB-M9,"24,900"
8466975,선진 BT-M100,"21,900"
5863981,세이펜 도레미,"정품_25,950"
11850784,세컨드찬스 GEEKSTAR GBS-1000,"16,900"
6499701,세컨드찬스 GEEKSTAR GS1000,"블랙_38,210|블루_14,400|핑크_30,700|화이트_15,890"
15657713,소노로 이지,"정품_520,000|해외구매_365,900"
11988002,소니에릭슨 S35,해외구매_일시품절
11988965,소니에릭슨 S98,해외구매_일시품절
11988629,소니에릭슨 S99,해외구매_일시품절
3524574,소닉사운드 SF-BT103,"정품_24,690"
12972431,쉬즈엠 쉬즈미러 SZM201,"69,900"
14403281,슈미드 SCM-BTS-100TWS,"45,090"
12428201,슈미드 아이슈미드 SCM-BTS420,"31,000"
15342059,슈어 MV7 PODCAST KIT,"정품_412,000|해외구매_354,050"
12976157,슈페라르 RXS-300S,"18,900"
10976784,스맵 에어뮤직 불꽃 SMC-WFB1,"68,030"
4832309,스웨거코리아 SW-S10,"정품_7,490"
13222001,스카이디지탈 SBS201,"25,670"
6240478,스카이디지탈 SKY SB101,"15,900"
11226789,스카이디지탈 SKY SB102,"17,900"
6005494,스캔소닉 PA4601,"정품_47,770"
7655614,스톤루프 STB10A,일시품절
18382955,스틸시리즈 Arena 3,"정품_197,720|해외구매_168,170"
5590428,스피티 몬스터 M3,"정품_48,990"
16049108,스피티 티커브 자켓,"39,000"
15659522,아남전자 ATX-15BT,"19,420"
20274605,아이노비아 오르미 ORM1,"22,900"
4014735,아이담테크 BT-88,"정품_13,690"
19170725,아이로나 식스비 SB-stmike,"19,800"
6538937,아이리버 EQwear-S10,"블랙_19,990|화이트_19,990"
11556389,아이리버 EQwear-SB7,"16,030"
17210180,아이리버 EQwear-SBT3,"37,500"
19490573,아이리버 IBS-200,"블랙_14,500|화이트_14,500"
13352654,아이리버 IBS-300,"블랙_19,440|화이트_19,900"
3519004,아이리버 IBS-400(B),"AC전원_40,330|USB전원_31,730"
3518992,아이리버 IBS-400(W),"USB전원_33,000|AC전원_40,600"
17230538,아이리버 IBS-700,"27,890"
17293784,아이리버 IBS-Z70,"35,900"
17625152,아이리버 IM-200,"24,180"
17581964,아이리버 IM-400,"39,900"
5549825,아이리버 IR-S50 WOODEN BLOCK,"베이지_24,800|블랙_30,000"
15061646,아이리버 IR-SB1,"19,800"
5516225,아이리버 IR-SB100 EQWEAR,"블랙_38,000"
5553186,아이리버 IR-SB200,"블랙_32,900|로즈골드_32,890|코발트블루_32,890"
16720247,아이리버 IR-SB560,"35,460"
18271745,아이리버 IRC-SB60,"52,100"
18851957,아이리버 IRC-SB70,"39,900"
5519923,아이리버 메탈블럭 IR-BT100,"정품_20,130"
5519908,아이리버 미니미 IR-R100,정품_일시품절
2616047,아이리버 블랭크 BTS D3N,"정품_45,080"
3303313,아이리버 블랭크 BTS-H5N,"정품_74,260"
3314038,아이리버 블랭크 BTS-M2N,"정품_98,000"
3498954,아이리버 블랭크 BTS-P1,"정품_32,900"
2222079,아이리버 블랭크 사운드 드럼 BTS-D1,"정품_31,900"
4968991,아이리버 블랭크 사운드 드럼 BTS-D1 시즌2,"정품_32,900"
4258354,아이리버 블랭크 사운드 웨이브 시즌2,"정품_13,890"
5721243,아이리버 사운드 에펠 TWS-EF7,"1개, 정품_29,150|2개, 정품_52,000"
15560363,아이리버 사운드블럭 ISB-W01,"26,900"
6514695,아이리버 스핀 IR-BT300,"25,440"
5552551,아이리버 우든 박스 IR-R1000,"정품_49,000"
5519934,아이리버 커피 IR-BT500,"정품_27,720"
5553394,아이리버 헤비스톤 IR-BT400,"정품_43,390"
9708198,아이보스 IBOSS-600,"26,310"
10725222,아이사운드 Hang On,해외구매_일시품절
5583710,아이온오디오 Helios,"정품_29,930"
4279402,아이온오디오 PATIO MATE,"정품_80,000"
7999990,아이온오디오 머스탱 스테레오,"정품_88,900"
5885639,아이온오디오 스펙트라붐,"정품_179,000"
5583439,아이온오디오 파티 스타터,"정품_19,900"
2635111,아이온코리아 BOSSWIZ BOS-120,"21,000"
10429269,아이온코리아 BOSSWIZ BOS-502U,"14,800"
14363717,아이온코리아 BOSSWIZ BOS-G102U,"19,400"
13809899,아이온코리아 BOSSWIZ OCS-S20,"24,010"
1889994,아이온코리아 BOSSWIZ SP-330,"12,000"
11719307,아이온코리아 BOSSWIZ SP-335,"13,820"
13381094,아이온코리아 OBS-MOOD,"12,700"
5875695,아이온코리아 PLANTIUM DS-W10,"정품_13,900"
6188985,아이온코리아 PLANTIUM SP-500U,"7,900"
6504641,아이온코리아 PLANTIUM SP-858,"24,000"
971899,아이온코리아 YAKIMA SP-6200,"54,000"
824611,아이온코리아 YAKIMA SP-747 블랙,"23,570"
14325200,아이존아이앤디 EZ ECHO4400,"그레이_31,950|레드_32,300"
7860898,아이존아이앤디 EZ-Mirror Watch,"13,800"
3545891,아이존아이앤디 EZ-Z10,"정품_23,000"
4601492,아이존아이앤디 EZ-Z440 Combo,"정품_23,400"
5794511,아이홈 iCVBT7,"정품_97,020"
11390502,아임커머스 UM2 UMWHBT10,"47,900"
9534753,아크로아이앤티 S1,"6,810"
18332567,아포지 ClipMic digital 2,"정품_209,000|해외구매_149,600"
12470999,아포지 HypeMiC,"정품_358,000"
12492692,아포지 Mic+,"정품_280,000"
12972782,아프로원 Elecwear 백팩,"119,250"
5883840,알리오 붐,"정품_13,390"
5705520,알텍랜싱 BA11 Drop,"정품_57,820"
5709502,알텍랜싱 BA21 TRI,"정품_29,900"
1917590,알텍랜싱 IMW725,"해외구매_574,000"
5863604,알텍랜싱 PYRE MAX,"정품_49,000"
6263943,알토디자인 엑스트라 Genie-104,"33,740"
6405387,애니게이트이앤씨 BT-Q1LF,"45,000"
6486231,애니게이트이앤씨 BT-Q2,"29,310"
8839046,애니게이트이앤씨 Egg Mommy BSL-1,"18,630"
6222596,액티몬 ACTIMON-S100,"15,300"
10425372,앱코 BEATONIC ASL100,"112,000"
10931139,앱코 BEATONIC ASL30,"20,400"
12087401,앱코 BEATONIC BBS150,"35,990"
12025094,앱코 BEATONIC BBS160,"40,990"
11813773,앱코 BEATONIC BCX100,"95,000"
11814046,앱코 BEATONIC BCX110,"118,200"
12730994,앱코 BEATONIC BFA10,"32,500"
11933251,앱코 BEATONIC BSA10,일시품절
12690512,앱코 BEATONIC BSA20,"정품_79,710|해외구매_89,000"
11568731,앱코 BEATONIC BSL110,"39,000"
11800375,앱코 BEATONIC BSL120,"19,900"
2443442,앱코 BONITA SP1 블랙/레드,"4,900"
2443446,앱코 BONITA SP1 블랙/블랙,"4,900"
2443448,앱코 BONITA SP1 블랙/화이트,"4,890"
2117297,앱코 BONITA SP10 블랙/레드,"6,500"
2117304,앱코 BONITA SP10 블랙/블루,"6,500"
2117310,앱코 BONITA SP10 화이트/레드,"6,500"
2117315,앱코 BONITA SP10 화이트/블루,"6,500"
12744746,앱코 COX AWC20,"46,500"
13135013,앱코 HACKER AGS200,"95,300"
9832332,앱코 HACKER MP300 게이밍,"23,900"
5409620,앱코 HACKER S1000,"화이트, 정품_19,900|블랙, 정품_19,900"
12718247,앱코 HACKER S1400,"37,100"
7695307,앱코 HACKER S500AC,"블랙_19,800|화이트_19,800"
13877288,앱코 MP16,"10,500"
19921202,앱코 MP3050 XLR 구즈넥 스탠드 마이크,"52,000"
11725949,앱코 MP3300,"46,500"
13322903,앱코 MP3600,"45,900"
10425066,앱코 MP400,"블랙_23,000|화이트_23,000"
14540381,앱코 MP4000,"49,900"
14689895,앱코 MP500,"39,900"
3564958,앱코 MP5000 IMPACT,"38,500"
11545121,앱코 S1200AC,"정품_17,000"
12320138,앱코 S1300,"40,900"
21496970,앱코 S2000RVBT,"68,900"
18851717,앱코 S550,"블랙_15,700|화이트_15,700"
12616754,앱코 SLP10,"18,500"
12631322,앱코 SLP15,"5,500"
19362698,앱코 SLP20,"3,900"
11450676,앱코 SP20 MULTIMEDIA,"12,500"
10455414,앱코 SP200 Hybrid,"12,500"
15845849,앱코 SP220 Hybrid,"10,900"
16396205,앱코 SP250BT,"24,000"
9426546,앱코 SP290,"22,130"
11342934,앱코 SP30 MULTIMEDIA,"16,000"
7527442,앱코 SP300,"14,000"
7527523,앱코 SP350,"15,000"
11335062,앱코 SP40,"16,000"
9398958,앱코 SP400,"브라운_23,490|실버_23,490|블랙_23,500|화이트_23,500"
10386402,앱코 SP400BT,"42,490"
17777798,앱코 SP450BT,"37,000"
11556458,앱코 SP60 2.0채널,"8,490"
16429226,앱코 SP70,"10,500"
5070212,앱코 메카닉 S1,"블랙바디, 블랙 메쉬_15,340|블랙바디, 메탈그레이 메쉬_22,200|화이트 바디, 화이트 메쉬_22,870"
14244797,앱코 비토닉 BSA30,"15,000"
17145548,야마하 AG01,"339,980"
18387260,야마하 MS101-4,"정품_206,990|해외구매_190,830"
2430116,야마하 NX-P100,"해외구매_721,000"
19731392,야마하 WS-B1A,"199,000"
12967148,야마하 YVC-200,"해외구매_399,000"
14688203,야모 S801PM,"정품_420,000|해외구매_383,340"
19747775,야인컴퓨터 YAIN YS-B01,"8,000"
9586875,어반이어스 Ralis,"정품_297,000|해외구매_382,400"
8192710,얼리봇 LHV780,"46,640"
14976173,에디파이어 E3360BT,"해외구매_196,080"
10675758,에디파이어 M120,"해외구매_58,900"
18714065,에디파이어 M230,"해외구매_56,110"
13722074,에디파이어 M260,"해외구매_91,100"
13085657,에디파이어 R-1700BT,"해외구매_90,900"
16299758,에디파이어 R1080BT,"해외구매_72,960"
19074365,에디파이어 R12U,"해외구매_19,800"
14260970,에디파이어 R2000DB,"해외구매_172,860"
17700470,에디파이어 R2850DB,"해외구매_954,700"
16795634,에디파이어 S1000MKII,"해외구매_311,990"
16637642,에디파이어 S2000MKIII,"해외구매_385,250"
9274494,에디파이어 S3000Pro,"해외구매_2,048,800"
14975657,에디파이어 S360DB,"해외구매_937,470"
13698365,에디파이어 S880,"해외구매_162,210"
15656810,에어굿즈 불꽃 블루투스 스피커,"72,930"
6709207,에이데이타 DDZONE DS-BT2000,"5,900"
6235077,에이데이타 GOON-BT305,"63,120"
2136477,에이데이타코리아 DDZONE DS-800 블랙레드,"6,800"
2136481,에이데이타코리아 DDZONE DS-800 화이트레드,"4,700"
6125490,에이데이타코리아 DDZONE DS-U10,"3,100"
2837064,에이데이타코리아 DDZONE DS-U50,"정품_6,860|4개, 정품_44,820"
2844925,에이데이타코리아 DDZONE DS-U70,"정품_8,090|4개, 정품_69,080"
7232320,에이데이타코리아 GOON BT301,"11,000"
14942726,에이링크 SM-U,"5,430"
2602830,에이스원 BS-C201,일시품절
6346283,에이원오디오 AURORA 1,"439,000"
21372446,에이치앤오 P7,"27,290"
18541316,에이투 AT3201,"59,800"
6482830,에이투 AT9,"39,800"
13459823,에이투 AW332,"47,400"
16095458,에이튜브 A101V,"39,000"
16116515,에이튜브 A300MI,"29,800"
12972620,에이튜브 A450V,"43,640"
18986657,에이튜브 A502V,"77,000"
12308771,에이튜브 A601V,"정품_63,470|리퍼/중고_일시품절"
16396739,에이튜브 A701RV,"134,840"
17565497,에이튜브 A901VU 진공관 사운드바,"144,930"
11296623,에펠 FR-10BT,"29,000"
12734537,에펠 FR-320BT,"41,390"
12734918,에펠 KA-30BT,"86,480"
12776912,에펠 LOG-30BT,"28,710"
12695864,엑토 BTS-42,"18,280"
14964779,엑토 MIC-24,"75,600"
18751664,엑토 SPK-24,"16,900"
18524657,엑토 오브제 블루투스 스피커 BTS-53,"20,690"
7119166,엔터그레인 EG-100N,"157,440"
8092672,엔터그레인 GK-900R,"245,000"
6858865,엔터기술 매직씽 AP500,"49,000"
16036919,엔터빅 ET-V80,"58,100"
19548419,엘레컴 MS-P08USB2,"해외구매_30,470"
14080199,엘레컴 SP-EL001CGD,일시품절
5746251,엘리시움 IRON MINI 레트로 클래식,"정품_56,010"
18640829,엠소닉 SAVER,"138,000"
11682326,엠지텍 GB770 Plus,"98,700"
4458968,엠지텍 락 클래식 A20,"107,604"
5084421,엠지텍 락 클래식 B900,"198,000"
5076941,엠지텍 락 클래식 C70,"99,000"
5789704,엠지텍 락 클래식 Q50,"162,000"
4801324,엠지텍 락 클래식 Q80,"129,000"
6139084,엠지텍 락 클래식 Q80 미니,"49,800"
6054979,엠지텍 락 클래식 Q8800,"342,290"
5616996,엠지텍 락 클래식 베이스,"238,800"
12949895,엠지텍 마제스티5,"192,670"
12580598,엠지텍 마제스티7,"145,300"
9764802,엠피보스 MS-BTS10,"음원미포함_28,920"
10371846,엠피보스 MS-WBS500,"36,230"
14623076,오디오엔진 A1,"정품_249,000|해외구매_377,480"
7565926,오디오엔진 A2+ Wireless,"정품_325,450|정품, DS1 스탠드_404,990|정품, DS1M 스탠드_400,800|해외구매_380,070|정품, 삼각대 포함_411,790"
7568113,오디오엔진 A5+ Wireless,"정품_699,000|해외구매_일시품절"
5513476,오디오엔진 HD3,"정품_539,000|해외구매_509,990"
15725510,오디오엔진 HD4,"정품_649,000|해외구매_674,680"
5512988,오디오엔진 HD6,"정품_968,060|해외구매_1,171,350"
15090668,오디오엔진 NEW HD6,"정품_998,000"
16267337,오디오테크니카 AT-SP95,"정품_46,550|해외구매_39,000"
3201421,오디오테크니카 AT2020USB,"정품_188,990"
4018449,오디오테크니카 AT2020USB+,정품_일시품절
15842621,오디오테크니카 ATR4750-USB,"정품_33,900|해외구매_66,630"
16469945,오디오프로 Addon C3,"정품_469,000|해외구매_602,400"
5537518,오디오프로 Addon T3,"정품_260,000|해외구매_일시품절"
19815893,오디오프로 Addon T3+,"정품_194,630|해외구매_340,190"
5907903,오로라모바일 Re:QM Soundbox M1,"39,760"
19583477,오아 글로우벨,"19,710"
20283071,오아 레트로 블루투스 스피커,"36,310"
19585973,오아 미니 턴테이블 블루투스 스피커,"35,820"
8466303,오아 아이브릭 OA-SP600,"정품_22,320"
17634596,오징어 게임 마스크 블루투스 스피커,"해외구매_56,310"
21205229,오케이마트 OMT OBS-RTR1,"15,720"
13022426,오케이마트 OMT OSP-N7,"4,470"
11246997,오퍼스원 댄싱 로봇 씽고,"88,000"
15207368,오피아컴 블루사운드 BS-S100,"9,900"
19278731,오피아컴 블루사운드 BS-S200,"14,900"
15209678,오피아컴 블루사운드 BS-S300,"9,900"
19562327,오피아컴 블루사운드 BS-S400,"23,900"
21195755,온꿈사 투랩 턴테이블 블루투스 스피커 TL-29,"36,900"
13674422,와일드프로 Eco Drift Plus,"49,590"
13037360,와피데일 DS-2,"276,800"
14829911,요소프로젝트 요소미디어 GH-M500,"68,240"
8092942,원 ONE601,"12,710"
6024910,웨이코스 씽크웨이 TONE BS3 트라이앵글,"정품_18,040"
6537241,웨이코스 씽크웨이 TONE SM5 LIVE,"블랙_74,750"
8880584,웨이코스 씽크웨이 TONE SM9 LIVE KIT,"블랙_108,990"
12691331,웨이코스 씽크웨이 TONE SM9 LIVE USB KIT,"블랙_130,890"
8879960,웨이코스 씽크웨이 TONE SM9 LIVE USB 콘덴서 마이크,"블랙_145,670"
10619181,위드뉴 사운드폼 SF-10,"48,380"
10546824,위드앤올 WNA-RS1,"22,900"
15840839,위자드스톤 비센드 하울링 BS-BT10,"34,500"
17158952,위젤 오랜웰 OR-S1500,"9,490"
17793386,위젤 오랜웰 OR-S70RGB,"9,900"
11451786,유니공작소 아리스노보 UMC-500,"55,000"
15153743,유니공작소 아리스노보 UMC-850,"37,950"
13076027,유니공작소 아리스노보 UMC250M,"44,690"
6413547,유니공작소 아리스노보 UMW3000,"19,500"
7656463,유진정밀 모리모리 LED 랜턴,"93,000"
20747021,유진정밀 모리모리 Mood LED 스테레오 W,"178,990"
20746775,유진정밀 모리모리 라스모 스피커 LM1701WH,"119,970"
16928555,유커머스 UC-CP231,"38,200"
16990856,유커머스 UC-CP266,"26,260"
16990691,유커머스 UC-CP267,"39,100"
9715905,이노맥스 HE101,일시품절
19840697,이녹스프랑 마카롱 블루투스 스피커 MCR-BTS100,"14,890"
10279986,이디연 Cork mini,"114,730"
17747891,이마트 노브랜드 WS-N2101,일시품절
14974262,이시웍스 DKIT FL-100,"42,790"
11424918,이시웍스 DKIT SF-911BN,"14,800"
13657742,이안시스테크 BeMax BM-350U,"17,500"
5811739,이엠테크 EM-W100,"정품_58,800"
12081677,이음전산 스마텍 KF-BS300,"114,300"
16362347,이음전산 스마텍 ST-BAR2000,"15,890"
11671202,이음전산 스마텍 STBT-WS300,"31,900"
12491978,이케아 에네뷔 15x7.5,"39,300"
10246959,인켈 CLASSIC 1,"38,500"
2317242,인켈 EXM-50,"정품_69,000"
19395170,인켈 IK-BT31,"월넛_39,900|메이플_39,900"
16470815,인켈 IK-BT33C,"월넛_45,000|메이플_45,000"
19939760,인켈 IK-C35RS,"화이트_69,800|블랙_69,800"
12037967,인켈 IK-KM300,"33,870"
12038120,인켈 IK-KM500,"42,780"
13513352,인켈 IK-KS1500,"13,890"
10481451,인켈 IK-KS500,"10,610"
10798869,인켈 IK-M310,"73,470"
15282527,인켈 IK-WA100MIR,"38,330"
15372878,인켈 IK-WA200,"49,000"
20247296,인켈 아날로그,"95,000"
5096238,인터구즈 WAVE-407U,"18,750"
19584209,일리안 휴대용 블루투스 스피커 IS50,"정품_25,500|해외구매_37,920"
19938755,잇서 배그롤 게이밍 마이크,"32,550"
5054984,자운드 Z3,"정품_37,180"
12578429,자이로컴 ATM-70E,"34,300"
18091955,제네바 Touring M,"해외구매_358,760"
15657833,제네바 Touring S,"해외구매_502,390"
15658655,제네바 Touring S+,"해외구매_370,990"
5801261,제닉스 ARENA XWAVE SOUNDBAR,"블랙_14,900|화이트_14,900"
2881824,제닉스 Mr.B 야구공 스피커,"류현진 에디션_9,900"
16373984,제닉스 STORMX RGB USB 게이밍 스탠드마이크,"블랙_25,680|화이트_25,680"
14353172,제닉스 퓨어 라이브 마이크,"34,000"
9536706,젠하이저 XSW-D PORTABLE INTERVIEW SET,"359,000"
9534102,젠하이저 XSW-D VOCAL SET,"499,000"
8002738,젬스트 Canleen CDS-100,"4,890"
13461497,조이룸 MG-S01,"해외구매_27,630"
15787832,조이트론 ALL MASTER,"67,830"
11759057,조이트론 CM200U PRO X,"259,000"
13855748,조이트론 GM25U,"24,800"
14558414,조이트론 GM35U,"28,730"
19209380,조이트론 GM40Q,"27,500"
14168201,조이트론 GM50U,"정품_55,810|리퍼/중고_39,800"
17146058,조이트론 GM70U,"69,800"
11648387,조이트론 JTUM200 블랙 에디션,"54,580"
12807158,조이트론 JTUM400 올인원 에디션,일시품절
14994449,조이트론 LOTI,"29,800"
18038180,조이트론 MAEST,"89,800"
19428071,조이트론 P5 U,"17,800"
11186775,조이트론 PURER,"19,800"
15962891,조이트론 STM600,"39,800"
13195934,조이트론 Studio All-In-One Kit,일시품절
11683325,조이트론 TSG 아이언,일시품절
15440474,조이트론 TSG-NEON,"55,600"
17355563,조이트론 TSG-STUDION,"82,600"
8373825,조이트론 TWS200,"39,800"
8313561,조이트론 스피어볼,"36,800"
12240944,주닉스 BM-800 + 숏 스탠드,"25,000"
19769498,주닉스 ZJ014MR,"10,120"
19769630,주닉스 ZJ026MR,"16,990"
20718419,주닉스 ZNS-061MR,"19,990"
18475295,주연테크 JSB01BT,"37,310"
18475397,주연테크 JSB02,"21,180"
6309476,지미스튜디오 JSD-R50 에디션,"139,000"
6182773,지미스튜디오 R50 ET 602,"189,000"
7484347,지미스튜디오디자인 R50SE,"149,000"
9789072,지성아이엔씨 플라이토 댄싱 JsFDPo,"34,900"
13690913,지피클럽 강블리라이프 GL-DA0004,"34,790"
9490839,챌린지하이브리드 S-1808,"20,650"
13691168,챌린지하이브리드 오브릭 CH-OWL80,"26,210"
8907008,청연MnS naVee NV46-COMS10,"16,900"
11701046,청연MnS naVee NV70-BTS10,"35,870"
14079719,청연MnS naVee NV83-BM50,"33,000"
14052071,청연MnS naVee NV86-PPM10,"15,900"
4840619,카렉스 붐마스터 BAMBOO BT B302R,"정품_33,000"
18638135,카렉스 붐마스터 X 테라 콜라보 오프너 블루투스 스피커 TB-01,"19,800"
8151682,카렉스 빌보드 BM-M003,"39,004"
8179003,카렉스 빌보드 MD-01,"19,800"
8180389,카렉스 빌보드 WV-01,"31,990"
6564404,카렉스 빌보드 레트로 올인원 RT-02,"31,000"
6354439,카렉스 빌보드 레트로 혼 RH-01,"151,080"
6565647,카렉스 빌보드 뱀부 B305R,"166,450"
7883482,카렉스 빌보드 뱀부 B320R,"78,000"
6418461,카렉스 빌보드 뱀부 NB-10M,일시품절
9718071,카렉스 빌보드 큐티 쥬크박스 JB-200,"68,238"
6572293,카렉스 빌보드 판타스틱 듀오 FD-01,"99,000"
9916971,카렉스 빌보드 퍼니 사운드 FS-100,"36,170"
3819165,카이스터 DECO 005,정품_일시품절
6922174,카이스터 ENTIC,"42,300"
18535754,카카오프렌즈 라이언 춘식이 턴테이블 스피커,"63,290"
18535829,카카오프렌즈 죠르디 턴테이블 스피커,"77,390"
17790521,칸타빌 CM-3000,"44,730"
18646754,칸토오디오 YU,"428,000"
7891543,칸토오디오 YU2,"정품_295,000|해외구매_557,590"
7891297,칸토오디오 YU4,"600,000"
7891618,칸토오디오 YU6,"714,000"
19978319,칼리아 샤론 TW-890,"35,900"
5764004,캐논 RAYO DUAL BTS 아크릴,정품_일시품절
5763932,캐논 RAYO DUAL BTS 우드,"정품_79,900"
11549105,캐맥 CMK-30KK AC,"정품_15,220"
11549078,캐맥 CMK-30KK USB,"정품_14,240"
11549024,캐맥 CMK-30KKK USB BT,"정품_17,510"
13013606,캐맥 CMK-M101A,"43,000"
13013303,캐맥 CMK-M101S,"54,000"
9218751,캔스톤 ATP-1,"정품_49,000|리퍼/중고_일시품절"
12706520,캔스톤 ATP-3,"69,000"
18237209,캔스톤 C601 제페토,"72,000"
7350058,캔스톤 D1080MKII KR,"349,000"
14902286,캔스톤 D1100KR,"정품_250,000"
17770589,캔스톤 FX2021,"정품_40,000|리퍼/중고_일시품절"
16319117,캔스톤 FX5021,"정품_89,000|리퍼/중고_일시품절"
9623565,캔스톤 GX-201,"70,000"
3533127,캔스톤 H300 SoundTable,"정품_35,000|리퍼/중고_일시품절"
18917489,캔스톤 H5MKII,"699,000"
2641505,캔스톤 LX-3000 Eclipse,"50,000"
1484007,캔스톤 LX-350 Renovatio,"49,500"
6375000,캔스톤 LX-C500,"46,650"
7215358,캔스톤 LX-C7,"79,000"
6289210,캔스톤 LX-GM3,"51,880"
4411144,캔스톤 LX15 스타크,"65,000"
16696847,캔스톤 LX25,"정품_68,000"
6617386,캔스톤 LX55,"116,320"
15461660,캔스톤 NX301 ZENELEC,정품_일시품절
17855792,캔스톤 NX303,"정품_116,100"
2387823,캔스톤 R224,"97,650"
14019944,캔스톤 R30BT PLUS,"정품_159,000|리퍼/중고_일시품절"
13405271,캔스톤 R360,"정품_71,250|리퍼/중고_107,320"
20148734,캔스톤 R40BT PLUS,"198,000"
13162235,캔스톤 R680BT,"정품_119,000"
14563712,캔스톤 R770BT,"정품_105,000"
17407034,캔스톤 R850BT,"정품_155,000|리퍼/중고_일시품절"
5935752,캔스톤 S3BT 스털링,"27,900"
18628514,캔스톤 S7BT,"정품_40,000|리퍼/중고_일시품절"
17770736,캔스톤 S9BT,"47,000"
12836177,캔스톤 SPS300BT,"블랙, 정품_125,000|체리_129,000"
15711566,캔스톤 SPS500BT,"정품_189,000"
17856422,캔스톤 T160X,"75,600"
16245881,캔스톤 T180X,"정품_98,990"
8361663,캔스톤 TR-1100,"31,050"
16131611,캔스톤 VX301 진공관 사운드바,"59,000"
14020595,캔스톤 W15,"음원미포함_49,050"
14244518,캔스톤 W16,"58,500"
2292027,캔스톤 W18BT SWAN,"정품_39,600"
15057842,캔스톤 X1BT,"정품_167,190|리퍼/중고_일시품절"
15288755,캔스톤 X3BT,"정품_194,020|리퍼/중고_일시품절"
17132717,캔스톤 X5BT,"195,800"
14324390,캔스톤 X7BT,"250,000"
3308635,캔스톤 드럼 LX10,"15,990"
6978352,캔스톤 드로이드 LX-C2,"38,000"
5123379,캔스톤 라우더 M60,"51,900"
5356399,캔스톤 럭스펠 M79,"26,400"
7158475,캔스톤 루틴 W17,"29,800"
3884520,캔스톤 문라이트 LX30,"50,000"
9624354,캔스톤 붐박스 M5,"88,110"
4628702,캔스톤 셔플 W1,"27,900"
4293685,캔스톤 시그니처 LX-C4,"50,000"
9839421,캔스톤 제페토 LX-C600,"69,340"
5628053,캔스톤 파라핀 M77,"정품_27,900"
20525216,캠브리지사운드웍스 운츠 Angle solo,"정품_26,230|해외구매_36,100"
4538760,캠브리지오디오 YOYO-S,"정품_324,000|해외구매_272,330"
11576840,컨텐츠큐브 카카오프렌즈 무드사운드 FRPBAPSMD8400,"52,540"
8815772,컴소닉 MD-A7,"141,500"
3329353,컴소닉 PILLAR BT-100,"정품_13,150"
5719870,컴소닉 PILLAR BT-201,"정품_29,500"
6281476,컴소닉 PILLAR BTC-K39,"75,600"
7025608,컴소닉 PILLAR CM-001 USB,"26,000"
10270446,컴소닉 PILLAR CM-004C C타입 핀마이크,일시품절
10295091,컴소닉 PILLAR CM-006,"28,900"
12286439,컴소닉 PILLAR CM-101 USB,"22,000"
12278072,컴소닉 PILLAR CM-102M USB,"28,000"
12401567,컴소닉 PILLAR CM-103 USB,"28,000"
12751319,컴소닉 PILLAR CM-104 USB,"22,000"
3802934,컴소닉 PILLAR CM-700USB,"화이트_20,240|핑크_20,240|블랙_20,240"
1564256,컴소닉 PILLAR CM-7010USB,"56,990"
4367370,컴소닉 PILLAR CM-7010USB premium,"47,000"
12191897,컴소닉 PILLAR CM-7050 USB EV,"54,000"
14667188,컴소닉 PILLAR CM-710 USB TRIANGLE,"화이트_20,190|블랙_20,190"
6348655,컴소닉 PILLAR CM-730 USB 게이밍,"19,500"
10265031,컴소닉 PILLAR CM-750 USB EV,"블랙_25,900|화이트_25,900"
9654591,컴소닉 PILLAR CM-9010 USB,"98,700"
15567737,컴소닉 PILLAR CM-T10USB,"39,500"
1752623,컴소닉 PILLAR CS-2900,"13,800"
4211346,컴소닉 PILLAR CS-30,"44,800"
1193289,컴소닉 PILLAR CS-3000 plus,"정품_11,190|3개, 정품_78,490"
474034,컴소닉 PILLAR CS-3000 블랙,"14,000"
1360801,컴소닉 PILLAR CS-3100 plus,"9,200"
6449153,컴소닉 PILLAR CS-3200U,"9,570"
5898413,컴소닉 PILLAR CS-3500U,"8,700"
7537588,컴소닉 PILLAR CS-50U,"15,890"
1529427,컴소닉 PILLAR CS-5100,"9,400"
7164055,컴소닉 PILLAR CS-5500UL,"15,170"
1700607,컴소닉 PILLAR CS-770U,"9,420"
10341750,컴소닉 PILLAR CS-90USB,"21,990"
2560352,컴소닉 PILLAR CSB-2000SU,"16,310"
1558835,컴소닉 PILLAR CSB-2000Select,"13,480"
2201634,컴소닉 PILLAR CSB-2100S2,"46,600"
3202640,컴소닉 PILLAR CSB-2200 셀렉트,일시품절
6890446,컴소닉 PILLAR CSB-2200SU,"정품_16,710"
2913076,컴소닉 PILLAR CSB-2200U,"34,500"
6555109,컴소닉 PILLAR CSB-2500U,"20,800"
3353070,컴소닉 PILLAR CSB-2700 USB,"19,790"
6232058,컴소닉 PILLAR CSB-2750U,"26,500"
7255564,컴소닉 PILLAR CSB-2807UL,"13,500"
6126259,컴소닉 PILLAR CSB-2900,"블랙_18,000|화이트_18,000"
10397757,컴소닉 PILLAR CSB-5050USL,"24,490"
2281664,컴소닉 PILLAR CX-7,"11,830"
2761125,컴소닉 PILLAR CX-7U,"10,010"
13096211,컴스마트 COMS EP567,"21,720"
13311140,컴스마트 COMS TB316,"16,290"
5450003,케이탑아이앤티 NOVOMAX NS-8000U,"4,940"
4385091,케이투씨아이 OA OA-BRICK,"정품_34,900"
4864575,케이투씨아이 OA OA-I-BRICK,"정품_24,900"
5459505,케이투씨아이 OA 더블 아이브릭 OA-SP900,"정품_35,910"
11362875,코바스 K36,"22,900"
13311116,코비 CMB9,"20,400"
7047886,코비 XM70,"17,900"
2435214,코시 MK1220UB,"35,460"
3568532,코시 MK1343UB,"33,010"
16058195,코시 MK2092UB,"31,610"
17147876,코시 MK2114UB,"149,690"
17591837,코시 MK2159UB,"42,550"
11917282,코시 MK3416UB,"86,760"
13311182,코시 MK3513UB,"139,600"
17839715,코시 MK4020UB,"28,420"
11923807,코시 SP1314MK,"161,500"
3183423,코시 SP1335BT,"정품_38,770"
13497227,코시 SP2083BT,"18,830"
6199001,코시 SP3244BT,"29,000"
9587286,코시 SP3341BT,"33,800"
11697791,코시 SP3472BT,"16,200"
13310582,코시 SP3512MK,"45,660"
21197036,코시 SP4081BT,"18,720"
6482294,코시 네온 SP3236MKBT,"21,990"
6478178,코시 미러볼 SP3235MKBT,"15,900"
6310190,코시 블랑 SP3268MKBT,"23,900"
11490747,코시 블랙마노 SP2001MKBT,"단품, 정품_25,790|미러볼, 정품_28,224"
6455662,코시 스윙 MK3227UB,"13,410"
11922832,코시 원더 SP2033BT,"44,600"
5490535,코시 줌멘 SP3174MKBT,"19,900"
13497107,코시 테라 SP4013BT,"23,390"
11922454,코시 팩토리 SP2034BT,"19,270"
11492205,코시 페스타 SP2032MKBT,"미러볼, 정품_27,990|단품, 정품_27,990"
11554958,코시 프라임 SP3471BT,"60,590"
6500103,클라인즈 KLZS-L2,"66,877"
18949055,클립쉬 Groove PGA Tour Edition,"해외구매_121,500"
13461386,클립쉬 Heritage Groove,"해외구매_154,990"
2651524,클립쉬 KMC3,해외구매_일시품절
4547914,클립쉬 레퍼런스 R-15PM,"해외구매_530,000"
7926001,클립쉬 레퍼런스 R-41PM,"정품_466,990|해외구매_445,090"
7928404,클립쉬 레퍼런스 R-51PM,"정품_551,690|해외구매_591,360"
15158534,클립쉬 프로미디어 2.1 THX,"해외구매_233,910"
18485723,클립쉬 프로미디어 헤리티지 2.1,"해외구매_627,990"
5494598,클립쉬 헤리티지 The Sixes,"정품_1,020,000|해외구매_985,400"
13109108,타오트로닉스 TT-SK027,"해외구매_80,750"
13449083,타오트로닉스 TT-SK028,"해외구매_80,750"
6485314,태진씨앤아이 ADRET PBS-L115,"16,500"
12031034,테크노니아 미니 큐브박스 SH-102,"42,630"
6420213,톤 BTA-303,일시품절
13934648,트론스마트 FORCE 2,해외구매_일시품절
20012411,트론스마트 Groove 2,"해외구매_26,290"
20102093,트론스마트 T7,"해외구매_43,590"
20101595,트론스마트 T7 Lite,"해외구매_35,890"
20101079,트론스마트 T7 Mini,"해외구매_23,510"
20104919,트론스마트 Trip,"해외구매_17,990"
13377173,트론스마트 메가 프로,"해외구매_103,900"
9792930,티볼리오디오 Andiamo,"정품_350,000"
5545498,티볼리오디오 Cube,"정품_320,000"
5242025,티볼리오디오 Music System Three,"정품_700,000"
5435101,티블루 Tblue-600,"36,800"
7968487,티블루 Tblue-800S,"29,750"
10372458,티앤에스인터내셔널 NOX BASTAR-X RGB,"화이트_34,900"
20419778,티앤에스인터내셔널 NOX MAEVE M10,"19,500"
16740446,파나소닉 사운드 슬레이어 SC-HTB01,"해외구매_456,930"
10671756,파란마당 보이아 뮤직캔버스,일시품절
6647059,판다인터내셔널 사운드판다 SNP-3000,일시품절
7268053,판다인터내셔널 사운드판다 SNP-W8,"46,900"
19583900,판다인터내셔널 사운드판다 SNP-W8 Pro,"46,900"
9497919,펀디안 사운드베슬 FD-S01K,"60,810"
7094962,펀디안 사운드베슬 FD-S01K + 삼각대,"79,900"
11123055,펀디안 사운드베슬 싱크,"정품_49,900|2개, 정품_99,800"
18524363,펜더 뉴포트 2,"정품_449,000|해외구매_476,680"
18560684,펜더 인디오 2,"587,020"
6888673,펜톤 BM3,"49,800"
6209932,펜톤 LS1,일시품절
5043246,포유디지탈 iMUZ H2,"정품_29,800"
11368851,포유디지탈 iMUZ 루미 2,"35,110"
19686956,폴라로이드 P1 Music Player,"정품_82,760|해외구매_42,670"
19686287,폴라로이드 P2 Music Player,"정품_175,760|해외구매_92,200"
19687532,폴라로이드 P3 Music Player,"정품_248,910|해외구매_138,300"
19688519,폴라로이드 P4 Music Player,"정품_396,570|해외구매_309,300"
14282213,퓨전에프앤씨 BT-V7 Majestic,"87,000"
5904174,퓨전에프앤씨 INOTE BT-V3,"화이트_29,590|블랙_29,760"
7708105,프롬비 마이멜로디,"정품_24,800"
6358629,프루그 완두콩 WM-1200,"25,900"
12331409,프린텍 단순생활 07058,"32,900"
17476139,플레오맥스 PBS-E300,"12,790"
19600061,플레오맥스 PBS-ER150,"블랙_12,800|화이트_12,910"
11314077,플레오맥스 PBS-Z100,"USB전원_11,130|AC전원_16,080"
5006326,플레오맥스 PLEOMAX PBS-ER100,"16,020"
13528934,플레오맥스 PLEOMAX PBS-ER200 RGB,"15,280"
6636427,플레오맥스 PLEOMAX PBS-M1,"13,180"
17596730,플레오맥스 PLEOMAX PBS-M5,"20,990"
6635332,플레오맥스 PLEOMAX PBS-R1,"15,950"
10426728,플레오맥스 PLEOMAX PBS-Z150,"12,640"
10422948,플레오맥스 PLEOMAX PBS-Z500,"USB전원_19,390|AC전원_32,890"
11461227,플레오맥스 PLEOMAX PLM-202U,"블랙_17,170|화이트_17,180"
6358644,플레오맥스 PLEOMAX PLM-401U,"30,030"
9649089,플레오맥스 PLEOMAX PLM-Q7,"37,420"
14165690,플레오맥스 PLEOMAX PLM-Q70,"42,000"
9649131,플레오맥스 PLEOMAX PLM-Q9,"정품_60,000"
13507028,플레오맥스 PLEOMAX PLM-Q9 풀세트,"89,000"
14185652,플레오맥스 PLEOMAX PLM-Q90,"65,290"
2162428,플레오맥스 PLEOMAX S-100,"정품_8,000"
7175116,플레오맥스 PLEOMAX S1,"4,890"
2987831,플레오맥스 PLEOMAX S2,"6,790"
6988864,플레오맥스 PLEOMAX S5,"5,750"
13197218,플레오맥스 PLEOMAX S500,"20,950"
7067227,플레오맥스 PLEOMAX S7,"8,270"
11501466,플레오맥스 S200,"7,570"
10103274,피에스이 벤처스 PENTON T1,"35,900"
21195560,피에스이벤처스 PENTON 바운스,"58,990"
13366232,픽스 올인원 블루투스 스피커 FIX XBS-303,"39,800"
14712281,픽스라이프 A10,"22,990"
14712371,픽스라이프 TELE-B,"23,000"
17538050,필립스 BT110 픽셀팝,"해외구매_46,990"
11992697,필립스 BT3900,"해외구매_82,950"
16295072,필립스 TAS3505,"정품_59,800|해외구매_169,120"
12967403,필립스 TAVS500,"해외구매_220,000"
9737868,하만카돈 CITATION 100,"정품_685,390"
9737715,하만카돈 CITATION ONE,"정품_462,000|해외구매_484,940"
11071719,하만카돈 ESQUIRE MINI 2,"해외구매_156,240"
4259453,하만카돈 Go+Play Mini,"정품_259,749|해외구매_455,000"
12698531,하만카돈 NEO,"정품_일시품절|해외구매_113,000"
14974451,하만카돈 ONYX STUDIO 7,"정품_174,430|해외구매_224,770"
19402697,하만카돈 ONYX STUDIO 8,"정품_266,900|해외구매_318,500"
6568834,하만카돈 Onyx Studio 5,"해외구매_357,100"
9898317,하만카돈 Onyx Studio 6,"해외구매_296,900"
1320466,하만카돈 SOUNDSTICKS3,"해외구매_188,000"
13696706,하우롱디자인 하우롱 MF-F500,"29,800"
9533241,하이디 리볼트 RXS-300S,"12,380"
15733136,한성컴퓨터 PM100,"18,900"
5640350,한성컴퓨터 SIROCO GS100 레인보우,"17,900"
10263222,한성컴퓨터 SIROCO GS150,"11,780"
10146084,한성컴퓨터 SIROCO GS200,"8W, 블랙_19,900|8W, 화이트_19,900|6W, 블랙_19,000|6W, 화이트_19,000"
11563631,한성컴퓨터 SIROCO GS220,"블랙_18,900"
20628272,한성컴퓨터 SIROCO GS255B RAINBOW,"블랙_22,900|화이트_22,900"
6307164,한성컴퓨터 SIROCO GS300B 블루투스 사운드바,"19,800"
12360113,한솔시스템 MH330,"11,800"
21687056,해브잇올 morac 글로우지 MR-GLOWZ,"15,900"
21687284,해브잇올 morac 글로우큐 MR-GLOWQ,"18,900"
13420379,해브잇올 morac 비틀턴 MR-MIC01 게이밍,"25,420"
20419514,해인씨앤에스 케미 HIBS-MR01,"16,010"
4330092,헤코 Ascada 2.0,"643,690"
6812443,헤코 Direkt 800BT,"571,000"
12077867,헬리콥터,"해외구매_23,760"
16470278,혀니별 BT-01,"13,960"
19998575,현원 모비블루 사운드 비트 3,"96,000"
6689164,호후 문 미러 RM249DL,"99,000"
18992087,휴라이즈 BlackM-T21,"126,640"
5879271,휴라이즈 HR-MR1000,"49,690"
17476427,휴라이즈 HR-MT2,"61,850"
15670991,휴라이즈 HR-S30 Mintchoco,"48,990"
16104056,휴라이즈 HR-SL200,"49,000"
15250034,휴라이즈 HR-T3 CLASSIC,"135,150"
9598893,휴라이즈 HR-T3 OMEGA,"135,000"
11906011,휴라이즈 HR-miniTurn,"34,800"
10095612,힐링사운드 힐링송 Q38,"88,800"
11608331,힐링사운드 힐링송 Q38 2020,"88,000"
