Id,Name,2022-03-01 10:25:41,2022-03-02 10:20:25,2022-03-03 10:21:36,2022-03-04 10:26:35
15883646,AFOX 라데온 RX 550 D5 4GB DUAL 디앤디컴,"168,180","168,180","168,180","168,180"
16350881,AFOX 라데온 RX 570 D5 8GB (벌크),가격비교예정,가격비교예정,가격비교예정,가격비교예정
14077739,AFOX 지포스 G210 D3 512MB LP 디앤디컴,"24,440","24,930","24,830","24,720"
9893691,AFOX 지포스 GT1030 D5 2GB LP 디앤디컴,"215,980","215,980","215,980","215,980"
16454525,AFOX 지포스 GT1030 H7 D5 2GB,"120,800","117,390","120,800","120,800"
5374221,AFOX 지포스 GT710 OZ D3 1GB LP 무소음 디앤디컴,"93,860","93,860","93,860","93,860"
14429078,AFOX 지포스 GT730 D3 1GB LP 무소음 디앤디컴,"150,000","150,000","56,120","56,120"
14077574,AFOX 지포스 GT730 D3 2GB LP 무소음 디앤디컴,"61,820","61,700","61,610","63,040"
16426592,AFOX 지포스 GT730 L6 D3 2GB LP,"63,600","61,750","61,660","61,570"
7505608,AFOX 지포스 GT730 L7 D3 1GB LP 디앤디컴,"200,000","200,000","200,000","200,000"
14440679,AFOX 지포스 GTX1050 H2 D5 2GB DUAL 디앤디컴,"316,890","316,890","316,890","316,890"
5411385,AFOX 지포스 GTX1050 Ti H2 D5 4GB DUAL 디앤디컴,"293,500","293,500","293,500","293,500"
16454852,AFOX 지포스 GTX1050 Ti H2-V4 D5 4GB,"300,600","300,430","300,180","300,180"
13914686,AFOX 지포스 GTX750 Ti H3 D5 2GB 디앤디컴,"610,000","610,000","610,000","610,000"
16368644,AMD 라데온 PRO W6400 D6 4GB,"367,400","367,400","367,400","367,400"
16404773,AMD 라데온 PRO W6400 D6 4GB 대원CTS,"373,040","372,810","372,680","372,500"
15129071,AMD 라데온 PRO W6600 D6 8GB 대원CTS,"930,860",0,"930,380",0
9558894,ARKTEK 지포스 GT1030 D5 2GB LP,"288,000","288,000","288,000","288,000"
9558714,ARKTEK 지포스 GT710 D3 1GB LP,"200,000","200,000","200,000","200,000"
14443325,ARKTEK 지포스 GTX1050 D5 2GB,"333,550","333,550","333,550","333,550"
16234694,ASRock Phantom Gaming D 라데온 RX 6500 XT OC D6 4GB 디앤디컴,"339,320","339,080","338,440","338,260"
16248074,ASRock Phantom Gaming D 라데온 RX 6500 XT OC D6 4GB 에즈윈,"385,790","385,550","385,310","385,250"
14981303,ASRock Phantom Gaming D 라데온 RX 6600 XT OC D6 8GB 디앤디컴,"1,200,000","1,200,000","1,200,000","1,200,000"
14979707,ASRock Phantom Gaming D 라데온 RX 6600 XT OC D6 8GB 에즈윈,"778,450","778,210","809,710","809,600"
13805543,ASRock Phantom Gaming D 라데온 RX 6700 XT OC D6 12GB 디앤디컴,"4,400,000","4,400,000","4,400,000","4,400,000"
13724549,ASRock Phantom Gaming D 라데온 RX 6700 XT OC D6 12GB 에즈윈,"2,295,640","2,295,580","2,295,400","2,295,400"
12947747,ASRock Phantom Gaming D 라데온 RX 6800 OC D6 16GB 에즈윈,"2,000,000","2,000,000","2,000,000","2,000,000"
13110236,ASRock Phantom Gaming D 라데온 RX 6800 XT OC D6 16GB 디앤디컴,"1,536,420","1,537,000","1,536,000","1,515,800"
12947888,ASRock Phantom Gaming D 라데온 RX 6800 XT OC D6 16GB 에즈윈,"1,529,300","1,529,060","1,528,820","1,528,640"
13110281,ASRock Phantom Gaming D 라데온 RX 6900 XT OC D6 16GB 디앤디컴,일시품절,일시품절,일시품절,일시품절
12948176,ASRock Phantom Gaming D 라데온 RX 6900 XT OC D6 16GB 에즈윈,"1,953,250","1,953,010","1,952,950","1,952,720"
10712151,ASRock 라데온 RX 5600 XT CHALLENGER D OC D6 6GB 에즈윈,"1,412,860","1,412,860","1,412,860","1,412,860"
15509600,ASRock 라데온 RX 6600 CHALLENGER D D6 8GB 디앤디컴,"613,020","612,960","612,900","612,720"
15446684,ASRock 라데온 RX 6600 CHALLENGER D D6 8GB 에즈윈,"629,860","629,860","629,860","629,860"
14981414,ASRock 라데온 RX 6600 XT CHALLENGER D OC D6 8GB 디앤디컴,"757,700","757,700","757,700","757,700"
14980142,ASRock 라데온 RX 6600 XT CHALLENGER D OC D6 8GB 에즈윈,"749,000","749,000","749,000","749,000"
14981363,ASRock 라데온 RX 6600 XT CHALLENGER Pro OC D6 8GB 디앤디컴,"741,480","741,420","738,330","738,220"
14979914,ASRock 라데온 RX 6600 XT CHALLENGER Pro OC D6 8GB 에즈윈,"843,920","843,920","843,920","843,920"
13805453,ASRock 라데온 RX 6700 XT CHALLENGER D D6 12GB 디앤디컴,"4,400,000","4,400,000","4,400,000","4,400,000"
13645739,ASRock 라데온 RX 6700 XT CHALLENGER D D6 12GB 에즈윈,"1,573,000","1,573,000","1,573,000","1,573,000"
15189572,ASRock 라데온 RX 6700 XT CHALLENGER D OC D6 12GB 디앤디컴,"1,272,290","1,272,290","1,272,290","1,272,290"
13805687,ASRock 라데온 RX 6700 XT CHALLENGER Pro OC D6 12GB 디앤디컴,"1,050,480","1,050,300","1,050,120","1,050,120"
13645580,ASRock 라데온 RX 6700 XT CHALLENGER Pro OC D6 12GB 에즈윈,"1,882,500","1,882,500","1,882,500","1,882,500"
13083704,ASRock 라데온 RX 6800 CHALLENGER Pro OC D6 16GB 에즈윈,"2,000,000","2,000,000","2,000,000","2,000,000"
12948032,ASRock 라데온 RX 6800 XT Taichi X OC D6 16GB 에즈윈,"3,500,000","3,500,000","3,500,000","3,500,000"
9423000,ASUS CERBERUS 지포스 GTX1050 Ti O4G D5 4GB,"303,500","303,500","310,990","310,990"
16288661,ASUS DUAL 라데온 RX 6500 XT O4G OC D6 4GB 대원CTS,"1,200,000","1,200,000","1,200,000","1,200,000"
15444875,ASUS DUAL 라데온 RX 6600 D6 8GB,"649,000","649,000","611,380","611,380"
15605021,ASUS DUAL 라데온 RX 6600 D6 8GB 대원CTS,0,0,"598,990",0
15013853,ASUS DUAL 라데온 RX 6600 XT O8G OC D6 8GB 대원CTS,"913,940","913,940","835,370","835,370"
13653296,ASUS DUAL 라데온 RX 6700 XT D6 12GB 대원CTS,"1,113,000","1,113,000","1,113,000","1,113,000"
15468317,ASUS DUAL 라데온 RX 6700 XT O12G OC D6 12GB,"1,179,000","1,179,000","1,179,000","1,179,000"
7779556,ASUS DUAL 지포스 GTX 1650 O4G D5 4GB,"349,350","349,340","349,340","349,340"
15468500,ASUS DUAL 지포스 GTX 1650 O4G OC MINI D6 4GB,"395,900","395,900","395,900","395,900"
11068359,ASUS DUAL 지포스 GTX 1660 SUPER O6G EVO D6 6GB,"1,320,000","1,320,000","1,320,000","1,320,000"
16485713,ASUS DUAL 지포스 RTX 2060 EVO D6 12GB,가격비교예정,가격비교예정,가격비교예정,가격비교예정
13654145,ASUS DUAL 지포스 RTX 2060 EVO D6 6GB,"641,240","641,240","641,240","588,950"
8084563,ASUS DUAL 지포스 RTX 2060 O6G EVO D6 6GB,"629,730","629,730","629,730","599,000"
16333061,ASUS DUAL 지포스 RTX 3050 D6 8GB,"519,000","519,000",일시품절,일시품절
16301759,ASUS DUAL 지포스 RTX 3050 O8G OC D6 8GB,"526,940","526,940","550,000","550,000"
13612532,ASUS DUAL 지포스 RTX 3060 O12G OC D6 12GB,"984,180","983,950","983,940","983,760"
16478060,ASUS DUAL 지포스 RTX 3060 Ti D6 8GB,가격비교예정,가격비교예정,가격비교예정,가격비교예정
12821624,ASUS DUAL 지포스 RTX 3060 Ti O8G OC D6 8GB,"1,018,500","1,018,500","1,018,500","939,000"
14857055,ASUS DUAL 지포스 RTX 3060 Ti O8G OC MINI D6 8GB,"990,000","990,000","990,000","990,000"
15805079,ASUS DUAL 지포스 RTX 3070 D6 8GB,"1,260,000","1,260,000","1,260,000","1,260,000"
15754070,ASUS DUAL 지포스 RTX 3070 O8G OC D6 8GB,"1,320,080","1,319,840","1,319,780","1,319,600"
16315202,ASUS KO 지포스 RTX 3060 GAMING D6 12GB,"901,000","916,080","916,080","916,080"
14005937,ASUS KO 지포스 RTX 3060 O12G GAMING OC D6 12GB,"859,600","859,600","858,600","858,600"
12821576,ASUS KO 지포스 RTX 3060 Ti O8G GAMING OC D6 8GB,"960,460","986,780","960,970","960,800"
12578006,ASUS KO 지포스 RTX 3070 GAMING D6 8GB,"1,266,010","1,265,760","1,265,520","1,265,340"
12578009,ASUS KO 지포스 RTX 3070 O8G GAMING OC D6 8GB,"1,213,260","1,210,790","1,144,000","1,144,000"
11789593,ASUS PH 라데온 RX 550 2G EVO D5 2GB 대원CTS,"300,000","300,000","300,000","300,000"
5204421,ASUS PH 지포스 GT1030 O2G D5 2GB,"135,630","135,630","135,630","135,630"
7779559,ASUS PH 지포스 GTX 1650 O4G D5 4GB,"387,500","365,440","387,500","380,280"
14346383,ASUS PH 지포스 GTX 1650 O4G D6 4GB,"422,650","422,650","422,650","422,650"
7463521,ASUS PH 지포스 GTX 1660 O6G D5 6GB,"1,319,940","1,319,700","1,319,460","1,319,420"
11645843,ASUS PH 지포스 GTX 1660 SUPER O6G D6 6GB,"1,400,000","1,400,000","1,400,000","581,200"
16333319,ASUS PH 지포스 RTX 3050 D6 8GB,"505,000","505,000","505,000","514,500"
3118712,ASUS ROG Enthusiast 2-WAY SLI 브릿지 STCOM,"55,380","55,380","55,380","55,380"
13562696,ASUS ROG STRIX LC 라데온 RX 6800 XT O16G GAMING OC D6 16GB,일시품절,일시품절,일시품절,일시품절
12990644,ASUS ROG STRIX LC 라데온 RX 6800 XT O16G GAMING OC D6 16GB 대원CTS,"1,696,000","1,696,000","1,696,000","1,696,000"
13562870,ASUS ROG STRIX LC 라데온 RX 6900 XT O16G GAMING OC D6 16GB,"2,184,600","2,184,360","2,184,120","2,183,940"
14452217,ASUS ROG STRIX LC 라데온 RX 6900 XT T16G GAMING D6 16GB 대원CTS,"2,350,000","2,350,000","2,350,000","2,350,000"
10408080,ASUS ROG STRIX 라데온 RX 5600 XT O6G GAMING D6 6GB,"1,610,000","1,610,000","1,610,000","1,610,000"
10780368,ASUS ROG STRIX 라데온 RX 5600 XT O6G GAMING D6 6GB 대원CTS,"1,300,000","1,300,000","1,300,000","1,300,000"
7425259,ASUS ROG STRIX 라데온 RX 590 GAMING D5 8GB,"1,600,000","1,600,000","1,600,000","1,600,000"
15013721,ASUS ROG STRIX 라데온 RX 6600 XT O8G GAMING OC D6 8GB 대원CTS,"989,990","989,990","989,990","989,990"
13648004,ASUS ROG STRIX 라데온 RX 6700 XT O12G GAMING OC D6 12GB,"1,597,030","1,597,030","1,597,080","1,700,000"
13653392,ASUS ROG STRIX 라데온 RX 6700 XT O12G GAMING OC D6 12GB 대원CTS,"1,597,030","1,597,030","1,597,080","1,700,000"
13563083,ASUS ROG STRIX 라데온 RX 6800 O16G GAMING OC D6 16GB,"1,434,090","1,433,850","1,433,610","1,433,430"
12990398,ASUS ROG STRIX 라데온 RX 6800 O16G GAMING OC D6 16GB 대원CTS,"1,394,000","1,394,000","1,394,000","1,394,000"
11239998,ASUS ROG STRIX 지포스 GTX 1650 SUPER O4G D6 4GB,"1,000,000","1,000,000","1,000,000","1,000,000"
16409717,ASUS ROG STRIX 지포스 RTX 3050 GAMING D6 8GB,가격비교예정,가격비교예정,가격비교예정,가격비교예정
16409771,ASUS ROG STRIX 지포스 RTX 3050 O8G GAMING OC D6 8GB,가격비교예정,가격비교예정,가격비교예정,가격비교예정
16478210,ASUS ROG STRIX 지포스 RTX 3060 GAMING D6 12GB,가격비교예정,가격비교예정,가격비교예정,가격비교예정
13467587,ASUS ROG STRIX 지포스 RTX 3060 O12G GAMING OC D6 12GB,"929,600","929,600","928,600","928,600"
16478399,ASUS ROG STRIX 지포스 RTX 3060 Ti GAMING D6 8GB,가격비교예정,가격비교예정,가격비교예정,가격비교예정
12821834,ASUS ROG STRIX 지포스 RTX 3060 Ti O8G GAMING OC D6 8GB,"1,075,240","1,075,050","1,074,310","1,073,450"
16408829,ASUS ROG STRIX 지포스 RTX 3070 GAMING D6 8GB,가격비교예정,가격비교예정,가격비교예정,가격비교예정
13212008,ASUS ROG STRIX 지포스 RTX 3070 O8G GAMING OC D6 8GB,"1,550,000","1,550,000","1,550,000","1,550,000"
14490560,ASUS ROG STRIX 지포스 RTX 3070 O8G GAMING OC D6 8GB White,"3,500,000","3,500,000","3,500,000","3,500,000"
14444267,ASUS ROG STRIX 지포스 RTX 3070 Ti O8G GAMING OC D6X 8GB,"1,538,880","1,538,760","1,538,520","1,383,200"
16478573,ASUS ROG STRIX 지포스 RTX 3080 GAMING D6X 10GB,가격비교예정,가격비교예정,가격비교예정,가격비교예정
16478888,ASUS ROG STRIX 지포스 RTX 3080 GAMING D6X 12GB,가격비교예정,가격비교예정,가격비교예정,가격비교예정
12204407,ASUS ROG STRIX 지포스 RTX 3080 O10G GAMING OC D6X 10GB,"1,820,000","1,820,000","1,790,000","1,701,700"
14474075,ASUS ROG STRIX 지포스 RTX 3080 O10G GAMING OC D6X 10GB White,"2,100,000","2,100,000","2,100,000","2,100,000"
16249895,ASUS ROG STRIX 지포스 RTX 3080 O12G GAMING OC D6X 12GB,"2,188,690","2,188,320","2,185,000","2,185,000"
14379923,ASUS ROG STRIX 지포스 RTX 3080 Ti GAMING D6X 12GB,"4,000,000","4,000,000","4,000,000","4,000,000"
14379920,ASUS ROG STRIX 지포스 RTX 3080 Ti O12G GAMING OC D6X 12GB,"2,615,000","2,615,000","2,569,000","2,569,000"
16409387,ASUS ROG STRIX 지포스 RTX 3090 GAMING D6X 24GB,가격비교예정,가격비교예정,가격비교예정,가격비교예정
12204422,ASUS ROG STRIX 지포스 RTX 3090 O24G GAMING OC D6X 24GB,"3,336,900","3,335,100","3,328,900","3,323,400"
11003103,ASUS TUF 3 Gaming 라데온 RX 5600 XT O6G EVO D6 6GB 대원CTS,"1,300,000","1,300,000","1,300,000","1,300,000"
16288850,ASUS TUF Gaming 라데온 RX 6500 XT O4G OC D6 4GB 대원CTS,"364,800","364,680","364,500","364,270"
13647839,ASUS TUF Gaming 라데온 RX 6700 XT O12G OC D6 12GB,"1,260,000","1,260,000","1,260,000","1,260,000"
13653428,ASUS TUF Gaming 라데온 RX 6700 XT O12G OC D6 12GB 대원CTS,"1,201,000","1,201,000","1,201,000","1,201,000"
13563296,ASUS TUF Gaming 라데온 RX 6800 O16G OC D6 16GB,"1,307,040","1,307,040","1,259,480","1,259,300"
12990260,ASUS TUF Gaming 라데온 RX 6800 O16G OC D6 16GB 대원CTS,0,0,0,"1,286,800"
13173020,ASUS TUF Gaming 라데온 RX 6800 XT O16G OC D6 16GB,"1,584,810","1,584,570","1,584,330","1,584,150"
13029701,ASUS TUF Gaming 라데온 RX 6800 XT O16G OC D6 16GB 대원CTS,"1,586,800","1,586,800","1,349,000","1,349,000"
13218083,ASUS TUF Gaming 라데온 RX 6900 XT O16G OC D6 16GB,"1,901,960","1,901,720","1,901,600","1,901,370"
15401348,ASUS TUF Gaming 지포스 GTX 1650 4G D6 4GB,일시품절,일시품절,일시품절,일시품절
12464813,ASUS TUF Gaming 지포스 GTX 1650 O4G P D6 4GB,"357,000","357,000","357,000","357,000"
10513509,ASUS TUF Gaming 지포스 GTX 1650 SUPER O4G D6 4GB,"440,000","440,000","440,000",일시품절
7463605,ASUS TUF Gaming 지포스 GTX 1660 O6G D5 6GB,"1,410,000","1,410,000","947,680","947,680"
11686493,ASUS TUF Gaming 지포스 GTX 1660 SUPER 6G D6 6GB,"550,000","550,000","549,000","549,000"
9909333,ASUS TUF Gaming 지포스 GTX 1660 SUPER O6G D6 6GB,"503,490","503,490","503,650","503,340"
9619425,ASUS TUF Gaming 지포스 GTX 1660 Ti O6G D6 6GB,0,0,0,"638,000"
13467590,ASUS TUF Gaming 지포스 RTX 3060 O12G OC D6 12GB,"925,900","925,900","926,500","926,500"
16409852,ASUS TUF Gaming 지포스 RTX 3060 Ti D6 8GB,가격비교예정,가격비교예정,가격비교예정,가격비교예정
12821741,ASUS TUF Gaming 지포스 RTX 3060 Ti O8G OC D6 8GB,"1,056,900","1,056,900","1,056,900","1,056,900"
12840089,ASUS TUF Gaming 지포스 RTX 3070 D6 8GB,일시품절,일시품절,일시품절,일시품절
12840242,ASUS TUF Gaming 지포스 RTX 3070 O8G OC D6 8GB,"1,348,140","1,347,910","1,347,900","1,347,720"
14444531,ASUS TUF Gaming 지포스 RTX 3070 Ti D6X 8GB,"2,090,000","2,090,000","1,416,000","1,416,000"
14444705,ASUS TUF Gaming 지포스 RTX 3070 Ti O8G OC D6X 8GB,"1,416,000","1,416,000","1,496,000","1,785,000"
16410413,ASUS TUF Gaming 지포스 RTX 3080 D6X 10GB,가격비교예정,가격비교예정,가격비교예정,가격비교예정
16479002,ASUS TUF Gaming 지포스 RTX 3080 D6X 12GB,가격비교예정,가격비교예정,가격비교예정,가격비교예정
12204362,ASUS TUF Gaming 지포스 RTX 3080 O10G OC D6X 10GB,"1,644,700","1,644,460","1,644,220","1,644,040"
16250300,ASUS TUF Gaming 지포스 RTX 3080 O12G OC D6X 12GB,"2,107,170","2,106,930","2,106,560","2,106,430"
14379926,ASUS TUF Gaming 지포스 RTX 3080 Ti D6X 12GB,"2,883,670","2,883,670","2,883,670","2,883,670"
14365328,ASUS TUF Gaming 지포스 RTX 3080 Ti O12G OC D6X 12GB,"2,390,200","2,390,200","2,375,000","2,375,000"
12204377,ASUS TUF Gaming 지포스 RTX 3090 D6X 24GB,"3,111,200","3,111,200","3,111,200","3,111,200"
12204395,ASUS TUF Gaming 지포스 RTX 3090 O24G OC D6X 24GB,"3,121,100","3,119,300","3,122,900","3,103,500"
12963791,ASUS TURBO 지포스 RTX 2060 D6 6GB,"1,600,000","1,600,000","1,600,000","1,600,000"
11055744,ASUS 지포스 GT710 SL D5 1GB,"200,000","200,000","200,000","200,000"
12873254,ASUS 지포스 GT710 SL D5 2GB,"200,000","200,000","200,000","200,000"
14740715,ASUS 지포스 GT730 SL D5 2GB,0,0,0,"66,240"
16443890,ATUM GENESIS 지포스 RTX 3050 D6 8GB TWIN (벌크),가격비교예정,가격비교예정,가격비교예정,"530,000"
16358267,COLORFUL iGAME 지포스 RTX 2060 Ultra OC D6 12GB White,"644,980","655,460","641,520","641,840"
16281032,COLORFUL iGAME 지포스 RTX 3050 Ultra OC D6 8GB White,일시품절,일시품절,일시품절,일시품절
14742041,COLORFUL iGAME 지포스 RTX 3060 Advanced OC D6 12GB LHR,"803,920","798,260","803,630","803,400"
15917972,COLORFUL iGAME 지포스 RTX 3060 Ti Advanced OC D6 8GB LHR,"1,039,500","1,008,000","1,008,000","1,008,000"
12815615,COLORFUL iGAME 지포스 RTX 3060 Ti Ultra OC D6 8GB White,"2,324,950","2,324,950","2,324,950","978,000"
15454757,COLORFUL iGAME 지포스 RTX 3060 Ti Ultra OC D6 8GB White LHR,"1,081,270","1,081,020","1,080,960","959,700"
15014549,COLORFUL iGAME 지포스 RTX 3060 Ti Vulcan OC D6 8GB LHR,"1,177,610","1,177,610","1,177,610","1,177,610"
14625236,COLORFUL iGAME 지포스 RTX 3060 Ultra OC D6 12GB White LHR,"882,780","882,540","882,420","868,630"
12576134,COLORFUL iGAME 지포스 RTX 3070 Advanced OC D6 8GB,"4,000,000","4,000,000","4,000,000","4,000,000"
15296018,COLORFUL iGAME 지포스 RTX 3070 Advanced OC D6 8GB LHR,"2,500,000","2,500,000","2,500,000","2,500,000"
14180630,COLORFUL iGAME 지포스 RTX 3070 Neptune OC D6 8GB,"1,709,000","1,709,000","1,709,000","1,640,640"
14658383,COLORFUL iGAME 지포스 RTX 3070 Ti Advanced OC D6X 8GB,"1,254,500","1,254,440","1,254,200","1,195,090"
15166637,COLORFUL iGAME 지포스 RTX 3070 Ti Ultra OC D6X 8GB White,"1,139,690","1,130,450","1,192,850","1,152,000"
14658188,COLORFUL iGAME 지포스 RTX 3070 Ti Vulcan OC D6X 8GB,"1,651,700","1,651,460","1,651,400","1,267,000"
12576326,COLORFUL iGAME 지포스 RTX 3070 Ultra OC D6 8GB,"4,000,000","4,000,000","4,000,000","4,000,000"
12613199,COLORFUL iGAME 지포스 RTX 3070 Ultra OC D6 8GB White,"1,098,000","1,880,000",0,0
14966102,COLORFUL iGAME 지포스 RTX 3070 Ultra OC D6 8GB White LHR,"1,784,280","1,784,210","1,098,000","1,098,000"
12851342,COLORFUL iGAME 지포스 RTX 3070 Vulcan OC D6 8GB,"4,000,000","4,000,000","4,000,000","4,000,000"
12409040,COLORFUL iGAME 지포스 RTX 3080 Advanced OC D6X 10GB,"2,080,000","2,080,000","2,080,000","2,080,000"
15296465,COLORFUL iGAME 지포스 RTX 3080 Advanced OC D6X 10GB LHR,"1,720,000","1,720,000","1,720,000","1,502,500"
14351591,COLORFUL iGAME 지포스 RTX 3080 Ti Advanced OC D6X 12GB,"2,092,580","2,092,340","2,092,100","2,092,100"
14625068,COLORFUL iGAME 지포스 RTX 3080 Ti Vulcan OC D6X 12GB,"2,391,200","2,390,970","2,390,900","2,390,900"
14944241,COLORFUL iGAME 지포스 RTX 3080 Ultra OC D6X 10GB LHR,"1,738,990","1,738,990","1,738,990","1,738,990"
12189947,COLORFUL iGAME 지포스 RTX 3080 Vulcan OC D6X 10GB,"4,000,000","4,000,000","4,000,000","4,000,000"
14944283,COLORFUL iGAME 지포스 RTX 3080 Vulcan OC D6X 10GB LHR,"3,624,000","3,624,000","3,624,000","3,624,000"
12190127,COLORFUL iGAME 지포스 RTX 3090 Advanced OC D6X 24GB,"3,051,000","2,828,750","2,828,750","2,828,750"
15196715,COLORFUL iGAME 지포스 RTX 3090 Kudan D6X 24GB,"5,947,940","5,947,700","4,105,000","4,058,620"
12244874,COLORFUL iGAME 지포스 RTX 3090 Neptune OC D6X 24GB,"3,182,270","3,182,030","2,659,040","2,723,000"
15477260,COLORFUL iGAME 지포스 RTX 3090 Vulcan OC D6X 24GB,"3,211,990","3,211,770","3,175,490","3,321,370"
15894653,COLORFUL 지포스 GT1030 REVENGE D4 4GB,0,0,"122,200","123,000"
14035937,COLORFUL 지포스 GT1030 REVENGE V4 D4 2GB,"136,000","136,000","136,000","136,000"
15424607,COLORFUL 지포스 GT1030 REVENGE V5 D5 2GB,"143,000","143,000","143,000","143,000"
7441441,COLORFUL 지포스 GT710 REVENGE D3 1GB,"200,000","200,000","200,000","200,000"
4113813,COLORFUL 지포스 GT730 REVENGE D3 1GB LP,"109,760","109,760","109,760","109,760"
14186102,COLORFUL 지포스 GT730K REVENGE D3 2GB,"59,810","59,680","60,440","60,440"
15980717,COLORFUL 지포스 GT730K REVENGE D3 4GB,"65,810","65,810","67,530","67,530"
16083467,COLORFUL 지포스 GT730K REVENGE D3 4GB LP,"65,710","65,620","67,530","67,530"
9984282,COLORFUL 지포스 GTX 1650 SUPER 토마호크 D6 4GB,"900,000","900,000","900,000","900,000"
11189739,COLORFUL 지포스 GTX 1650 토마호크 D6 4GB,"368,630","368,390","368,150","367,970"
9790116,COLORFUL 지포스 GTX 1660 SUPER 토마호크 D6 6GB,"633,680","633,680","633,680","626,000"
15049220,COLORFUL 지포스 GTX 1660 SUPER 토마호크 V2 D6 6GB,"528,540","525,360","525,000","525,000"
9844860,COLORFUL 지포스 GTX 1660 Ti 토마호크 D6 6GB,"1,319,940","1,319,710","1,319,640","1,499,990"
13561451,COLORFUL 지포스 GTX1050 Ti NE D5 4GB,"328,000","328,000","328,000","328,000"
15777302,COLORFUL 지포스 GTX1050 Ti NE V2 D5 4GB,"326,750","326,750","319,100","329,780"
5824631,COLORFUL 지포스 GTX1050 Ti 토마호크 OC D5 4GB,"800,000","800,000","800,000","800,000"
15943964,COLORFUL 지포스 RTX 2060 SUPER 토마호크 D6 8GB,"735,600","759,990","759,750","759,570"
15978635,COLORFUL 지포스 RTX 2060 토마호크 D6 12GB,"633,600","626,500","633,590","629,540"
14005142,COLORFUL 지포스 RTX 2060 토마호크 D6 6GB,"629,440","629,440","629,440","629,440"
16358432,COLORFUL 지포스 RTX 2060 토마호크 DUO D6 12GB,"653,100","653,100","653,100","628,800"
15872063,COLORFUL 지포스 RTX 2060 토마호크 V2 D6 6GB,"540,710","557,470","566,690","566,460"
16279166,COLORFUL 지포스 RTX 3050 토마호크 DUO D6 8GB,일시품절,일시품절,일시품절,일시품절
15014717,COLORFUL 지포스 RTX 3060 Ti 토마호크 D6 8GB LHR,"1,590,000","1,590,000","1,590,000","1,590,000"
15014885,COLORFUL 지포스 RTX 3060 Ti 토마호크 DUO D6 8GB LHR,"979,560","979,560","979,560","970,000"
15555188,COLORFUL 지포스 RTX 3060 Ti 토마호크 DUO V2 D6 8GB LHR,"990,000","990,000","990,000","932,400"
15270155,COLORFUL 지포스 RTX 3060 Ti 토마호크 V2 D6 8GB LHR,"1,590,000","1,590,000","1,590,000","1,590,000"
13561658,COLORFUL 지포스 RTX 3060 토마호크 D6 12GB,"1,800,000","1,800,000","1,800,000","1,800,000"
14636537,COLORFUL 지포스 RTX 3060 토마호크 D6 12GB LHR,"1,800,000","1,800,000","1,800,000","1,800,000"
14636621,COLORFUL 지포스 RTX 3060 토마호크 DUO D6 12GB LHR,"991,830","991,590","991,530","991,350"
15302858,COLORFUL 지포스 RTX 3060 토마호크 DUO V2 D6 12GB LHR,"831,000","761,830","847,000","789,300"
14658527,COLORFUL 지포스 RTX 3070 Ti 토마호크 D6X 8GB,"1,168,000","1,164,270","1,168,000","1,168,000"
15555287,COLORFUL 지포스 RTX 3070 토마호크 V2 D6 8GB LHR,"1,056,000","1,056,000","1,056,000","1,056,000"
14636894,COLORFUL 지포스 RTX 3080 Ti 토마호크 D6X 12GB,"1,873,700","1,913,460","1,913,220","1,861,820"
10546572,EVGA 지포스 RTX 2060 KO ULTRA GAMING D6 6GB,"643,320","643,260","643,020","642,900"
16219169,EVGA 지포스 RTX 2060 XC BLACK GAMING D6 12GB,"836,000","836,000","836,000","836,000"
16145876,EVGA 지포스 RTX 2060 XC GAMING D6 12GB,"665,100","665,040","664,980","664,800"
16309970,EVGA 지포스 RTX 3050 XC GAMING D6 8GB,"535,000","535,000","535,000","535,000"
14978030,EVGA 지포스 RTX 3060 Ti FTW3 ULTRA GAMING D6 8GB LHR,"1,254,330","1,254,160","1,254,150","1,253,970"
14978270,EVGA 지포스 RTX 3060 Ti XC GAMING D6 8GB LHR,"970,000","970,000","945,580","945,400"
14753852,EVGA 지포스 RTX 3060 XC GAMING D6 12GB LHR,"815,630","815,390","805,090","804,900"
15021752,EVGA 지포스 RTX 3070 FTW3 ULTRA GAMING D6 8GB LHR,"1,294,740","1,294,740","1,294,740","1,294,740"
14519828,EVGA 지포스 RTX 3070 Ti FTW3 ULTRA GAMING D6X 8GB,"1,271,000","1,270,760","1,280,510","1,280,330"
14519954,EVGA 지포스 RTX 3070 Ti XC3 ULTRA GAMING D6X 8GB,"1,243,300","1,248,630","1,719,850","1,719,850"
12862940,EVGA 지포스 RTX 3070 XC3 ULTRA GAMING D6 8GB,"3,000,000","3,000,000","3,000,000","3,000,000"
15359087,EVGA 지포스 RTX 3070 XC3 ULTRA GAMING D6 8GB LHR,"4,399,860","4,399,630","4,399,620","4,399,440"
12183338,EVGA 지포스 RTX 3080 FTW3 ULTRA GAMING D6X 10GB,"4,000,000","4,000,000","4,000,000","4,000,000"
14896601,EVGA 지포스 RTX 3080 FTW3 ULTRA GAMING D6X 10GB LHR,"1,882,840","1,874,590","1,802,420","1,620,000"
16207859,EVGA 지포스 RTX 3080 FTW3 ULTRA GAMING D6X 12GB LHR,"1,714,200","1,713,960","1,713,720","1,713,660"
15931151,EVGA 지포스 RTX 3080 FTW3 ULTRA HYBRID GAMING D6X 10GB LHR,일시품절,일시품절,일시품절,일시품절
14398400,EVGA 지포스 RTX 3080 Ti FTW3 ULTRA GAMING D6X 12GB,"1,961,960","1,952,080","1,984,000","1,983,170"
15931733,EVGA 지포스 RTX 3080 Ti FTW3 ULTRA HYBRID GAMING D6X 12GB,"2,060,180","2,060,180","2,060,180","2,060,180"
14398436,EVGA 지포스 RTX 3080 Ti XC3 ULTRA GAMING D6X 12GB,"1,836,880","1,837,340","1,837,100","1,836,920"
15617732,EVGA 지포스 RTX 3080 Ti XC3 ULTRA HYBRID GAMING D6X 12GB,"2,114,710","2,114,710","2,114,710","2,114,710"
12183347,EVGA 지포스 RTX 3080 XC3 ULTRA GAMING D6X 10GB,일시품절,일시품절,일시품절,일시품절
15461534,EVGA 지포스 RTX 3080 XC3 ULTRA GAMING D6X 10GB LHR,일시품절,일시품절,일시품절,일시품절
16003142,EVGA 지포스 RTX 3080 XC3 ULTRA HYBRID GAMING D6X 10GB LHR,일시품절,일시품절,일시품절,일시품절
12375728,EVGA 지포스 RTX 3090 FTW3 ULTRA GAMING D6X 24GB,"2,980,100","2,980,100","2,980,100","2,980,000"
12273350,EVGA 지포스 RTX 3090 XC3 ULTRA GAMING D6X 24GB,"2,837,500","2,837,500","2,841,000","2,841,000"
13910072,EVGA 지포스 RTX NV링크 브릿지 4-Slot,"123,670","123,610","123,550","123,370"
5406532,EVGA 파워링크,"29,000","29,000","29,000","29,000"
16252523,FORSA 지포스 GTX750 D5 2GB,"139,450","139,210","138,970","134,210"
16143536,FORSA 지포스 GTX750 Ti V4 D5 2GB,0,"184,350","192,650","192,650"
6187032,GAINWARD 지포스 GT1030 D4 2GB 디앤디컴,"123,960","123,900","123,660","125,750"
5580235,GAINWARD 지포스 GT1030 D5 2GB LP 디앤디컴,"253,000","253,000","253,000","253,000"
3772940,GAINWARD 지포스 GT710 SD3 1GB 디앤디컴,일시품절,일시품절,일시품절,일시품절
10201842,GAINWARD 지포스 GT730 D5 2GB,"180,000","180,000","180,000","180,000"
8549444,GAINWARD 지포스 GTX 1650 고스트 OC D5 4GB,"475,000","475,000","399,230","399,230"
12076346,GAINWARD 지포스 GTX 1650 고스트 OC D6 4GB,"360,740","360,500","373,560","373,440"
13152725,GAINWARD 지포스 GTX 1660 SUPER 고스트 D6 6GB 백플레이트,"900,000","900,000","900,000","900,000"
9787452,GAINWARD 지포스 GTX 1660 SUPER 고스트 OC D6 6GB 백플레이트,"900,000","900,000","900,000","900,000"
13659461,GAINWARD 지포스 GTX 1660 SUPER 고스트 OC V1 D6 6GB 백플레이트,"527,290","527,220","526,980","519,140"
13493789,GAINWARD 지포스 GTX 1660 SUPER 고스트 V1 D6 6GB 백플레이트,"503,310","503,250","503,010","502,780"
15414089,GAINWARD 지포스 GTX 1660 Ti 고스트 V1 D6 6GB,"547,000","535,520","499,000","499,000"
14206214,GAINWARD 지포스 RTX 2060 SUPER 고스트 V1 D6 8GB,"747,080","747,010","743,660","755,000"
15931298,GAINWARD 지포스 RTX 2060 고스트 V1 D6 12GB,"635,900","636,700","636,700","636,700"
13494161,GAINWARD 지포스 RTX 2060 고스트 V2 D6 6GB,"1,847,940","1,847,880","1,847,640","1,847,640"
13494005,GAINWARD 지포스 RTX 2060 고스트 V2 OC D6 6GB,일시품절,일시품절,일시품절,일시품절
16301504,GAINWARD 지포스 RTX 3050 고스트 D6 8GB,"514,940","514,690","514,800","534,540"
12822800,GAINWARD 지포스 RTX 3060 Ti 고스트 OC D6 8GB,"4,400,000","4,400,000","4,400,000","4,400,000"
16426796,GAINWARD 지포스 RTX 3060 Ti 고스트 OC V1 D6 8GB LHR,가격비교예정,가격비교예정,가격비교예정,가격비교예정
14824754,GAINWARD 지포스 RTX 3060 Ti 고스트 V1 D6 8GB LHR,"1,009,050","1,009,050","1,009,050","1,009,050"
14824829,GAINWARD 지포스 RTX 3060 고스트 D6 12GB LHR,"840,480","829,340","829,280","829,100"
13474307,GAINWARD 지포스 RTX 3060 고스트 OC D6 12GB,"2,324,950","2,324,950","2,324,950",0
16462016,GAINWARD 지포스 RTX 3060 고스트 OC D6 12GB LHR,"821,480","846,700","821,480","846,700"
14442641,GAINWARD 지포스 RTX 3070 Ti 피닉스 D6X 8GB,"1,154,400","1,124,950","1,124,770","1,152,680"
12577313,GAINWARD 지포스 RTX 3070 피닉스 GS OC D6 8GB,"4,000,000","4,000,000","4,000,000","4,000,000"
15424838,GAINWARD 지포스 RTX 3070 피닉스 GS OC V1 D6 8GB LHR,"1,345,470","1,345,410","1,345,360","1,345,350"
14649035,GAINWARD 지포스 RTX 3070 피닉스 V1 D6 8GB LHR,"1,699,950","1,699,950","1,699,950","1,699,950"
14379911,GAINWARD 지포스 RTX 3080 Ti 피닉스 D6X 12GB,"1,823,990","1,823,750","1,823,510","1,823,280"
12216584,GAINWARD 지포스 RTX 3080 피닉스 D6X 10GB,"1,597,290","1,597,290","1,597,290","1,597,290"
12216587,GAINWARD 지포스 RTX 3080 피닉스 GS OC D6X 10GB,"2,024,000","2,024,000","2,024,000","2,024,000"
14827511,GAINWARD 지포스 RTX 3080 피닉스 V1 D6X 10GB LHR,"1,499,000","1,499,000","1,499,000","1,499,000"
16160909,GAINWARD 지포스 RTX 3080 피닉스 V1 D6X 12GB LHR,"1,651,130","1,651,070","1,602,150","1,657,300"
12216590,GAINWARD 지포스 RTX 3090 피닉스 D6X 24GB,"2,702,110","2,701,870","2,734,400","2,734,400"
6211339,GIGABYTE AORUS SLI HB 브릿지 L,"18,000","18,000","18,000","18,000"
6113606,GIGABYTE AORUS SLI HB 브릿지 M,"15,740","15,620","15,500","15,500"
10256808,GIGABYTE AORUS 라데온 RX 5700 XT D6 8GB,"2,100,000","2,100,000","2,100,000","2,100,000"
13647584,GIGABYTE AORUS 라데온 RX 6700 XT ELITE D6 12GB 제이씨현,"1,169,000","1,169,000","1,169,000","1,169,000"
13647104,GIGABYTE AORUS 라데온 RX 6700 XT ELITE D6 12GB 피씨디렉트,"1,750,000","1,750,000","1,750,000","1,750,000"
13049903,GIGABYTE AORUS 라데온 RX 6800 Master D6 16GB 제이씨현,"1,639,000","1,639,000","1,639,000","1,639,000"
13013888,GIGABYTE AORUS 라데온 RX 6800 Master D6 16GB 피씨디렉트,"2,000,000","2,000,000","2,000,000","2,000,000"
13049927,GIGABYTE AORUS 라데온 RX 6800 XT Master D6 16GB 제이씨현,"1,838,990","1,838,990","1,838,990","1,838,990"
12971702,GIGABYTE AORUS 라데온 RX 6800 XT Master D6 16GB 피씨디렉트,"2,500,000","2,500,000","2,500,000","2,500,000"
13061297,GIGABYTE AORUS 라데온 RX 6800 XT Master TYPE-C D6 16GB,"2,160,000","2,160,000","2,160,000","2,160,000"
13696871,GIGABYTE AORUS 라데온 RX 6900 XT Master D6 16GB 피씨디렉트,"2,115,740","2,115,740","2,115,740","2,115,740"
14288348,GIGABYTE AORUS 라데온 RX 6900 XT Xtreme 워터블럭 D6 16GB 제이씨현,"2,048,620","2,048,380","2,048,140","2,047,960"
14856152,GIGABYTE AORUS 라데온 RX 6900 XT Xtreme 워터블럭 D6 16GB 피씨디렉트,"2,041,160","2,040,930","2,040,920","2,040,740"
13459523,GIGABYTE AORUS 지포스 RTX 3060 ELITE D6 12GB 제이씨현,"989,990","989,990","989,990","989,990"
13464290,GIGABYTE AORUS 지포스 RTX 3060 ELITE D6 12GB 피씨디렉트,"1,800,000","1,800,000","1,800,000","1,800,000"
14459372,GIGABYTE AORUS 지포스 RTX 3060 ELITE V2 D6 12GB 제이씨현,"871,200","870,960","870,720","870,540"
14453669,GIGABYTE AORUS 지포스 RTX 3060 ELITE V2 D6 12GB 피씨디렉트,"835,860","827,980","826,890","801,000"
13816166,GIGABYTE AORUS 지포스 RTX 3060 Ti ELITE D6 8GB 피씨디렉트,"1,239,990","1,239,990","1,239,990","1,239,990"
14682743,GIGABYTE AORUS 지포스 RTX 3060 Ti ELITE V2 D6 8GB 제이씨현,"1,041,940","1,041,700","1,033,560","1,028,610"
14873822,GIGABYTE AORUS 지포스 RTX 3060 Ti ELITE V2 D6 8GB 피씨디렉트,"999,870","1,059,810","1,054,690","1,042,980"
12818708,GIGABYTE AORUS 지포스 RTX 3060 Ti Master D6 8GB 제이씨현,"3,000,000","3,000,000","3,000,000","3,000,000"
12816281,GIGABYTE AORUS 지포스 RTX 3060 Ti Master D6 8GB 피씨디렉트,"3,000,000","3,000,000","3,000,000","3,000,000"
12577781,GIGABYTE AORUS 지포스 RTX 3070 Master D6 8GB 제이씨현,"1,812,740","1,812,560","1,812,500","1,812,270"
12575201,GIGABYTE AORUS 지포스 RTX 3070 Master D6 8GB 피씨디렉트,"2,700,000","2,700,000","2,412,450","2,412,450"
14979035,GIGABYTE AORUS 지포스 RTX 3070 Master V2 D6 8GB 피씨디렉트,"1,296,030","1,295,790","1,295,550","1,215,370"
14446814,GIGABYTE AORUS 지포스 RTX 3070 Ti Master D6X 8GB 제이씨현,"1,315,360","1,315,120","1,314,880","1,305,900"
14429933,GIGABYTE AORUS 지포스 RTX 3070 Ti Master D6X 8GB 피씨디렉트,"1,289,150","1,289,150","1,298,900","1,298,660"
12957098,GIGABYTE AORUS 지포스 RTX 3080 D6X 10GB Gaming box 제이씨현,"6,000,000","6,000,000","6,000,000","6,000,000"
13042667,GIGABYTE AORUS 지포스 RTX 3080 D6X 10GB Gaming box 피씨디렉트,"1,989,000","1,989,000","1,989,000","1,961,000"
12214001,GIGABYTE AORUS 지포스 RTX 3080 Master D6X 10GB 제이씨현,"4,000,000","4,000,000","4,000,000","4,000,000"
12371480,GIGABYTE AORUS 지포스 RTX 3080 Master D6X 10GB 피씨디렉트,"5,000,000","5,000,000","5,000,000","5,000,000"
16286225,GIGABYTE AORUS 지포스 RTX 3080 Master D6X 12GB 제이씨현,"1,946,900","1,946,660","1,946,420","1,901,220"
16292312,GIGABYTE AORUS 지포스 RTX 3080 Master D6X 12GB 피씨디렉트,"1,928,800","1,928,740","1,898,260","1,877,390"
14244446,GIGABYTE AORUS 지포스 RTX 3080 Master V2 D6X 10GB 피씨디렉트,"3,914,990","4,094,750","4,004,890","3,959,820"
14602214,GIGABYTE AORUS 지포스 RTX 3080 Master V3 D6X 10GB 피씨디렉트,"1,688,300","1,639,000","1,620,990","1,620,990"
14379896,GIGABYTE AORUS 지포스 RTX 3080 Ti Master D6X 12GB 제이씨현,"2,368,000","2,367,990","2,367,980","2,367,800"
14379887,GIGABYTE AORUS 지포스 RTX 3080 Ti Master D6X 12GB 피씨디렉트,"2,374,000","2,374,000","2,374,000","2,374,000"
14379905,GIGABYTE AORUS 지포스 RTX 3080 Ti Xtreme D6X 12GB 제이씨현,"3,199,950","3,199,950","3,200,000","3,200,000"
14392127,GIGABYTE AORUS 지포스 RTX 3080 Ti Xtreme D6X 12GB 피씨디렉트,"3,399,950","3,399,950","3,400,000","3,400,000"
14648570,GIGABYTE AORUS 지포스 RTX 3080 Ti Xtreme 워터블럭 D6X 12GB 제이씨현,"2,403,880","2,403,650","2,403,640","2,403,460"
15344207,GIGABYTE AORUS 지포스 RTX 3080 Ti Xtreme 워터블럭 D6X 12GB 피씨디렉트,"2,331,560","2,331,500","2,331,260","2,331,090"
14648414,GIGABYTE AORUS 지포스 RTX 3080 Ti Xtreme 워터포스 D6X 12GB 제이씨현,"4,600,000","4,600,000","4,600,000","4,600,000"
15344915,GIGABYTE AORUS 지포스 RTX 3080 Ti Xtreme 워터포스 D6X 12GB 피씨디렉트,"2,386,700","2,386,700","2,386,700","2,386,700"
12213968,GIGABYTE AORUS 지포스 RTX 3080 Xtreme D6X 10GB 제이씨현,"4,100,000","4,100,000","4,100,000","4,100,000"
12731579,GIGABYTE AORUS 지포스 RTX 3080 Xtreme D6X 10GB 피씨디렉트,"4,100,000","4,100,000","4,100,000","4,100,000"
14675387,GIGABYTE AORUS 지포스 RTX 3080 Xtreme V2 D6X 10GB 피씨디렉트,"3,500,000","3,500,000","3,500,000","3,500,000"
12715352,GIGABYTE AORUS 지포스 RTX 3080 Xtreme 워터블럭 D6X 10GB 제이씨현,"1,963,700","1,963,700","1,963,700","1,922,100"
12663047,GIGABYTE AORUS 지포스 RTX 3080 Xtreme 워터블럭 D6X 10GB 피씨디렉트,"2,377,000","2,376,800","2,376,560","2,376,380"
16286543,GIGABYTE AORUS 지포스 RTX 3080 Xtreme 워터블럭 D6X 12GB 제이씨현,"2,047,660","2,047,420","2,042,670","2,042,550"
16292366,GIGABYTE AORUS 지포스 RTX 3080 Xtreme 워터블럭 D6X 12GB 피씨디렉트,"2,002,980","1,886,610","2,002,560","2,002,380"
12715607,GIGABYTE AORUS 지포스 RTX 3080 Xtreme 워터포스 D6X 10GB 제이씨현,"2,119,000","2,119,000","2,119,000","2,079,000"
12738554,GIGABYTE AORUS 지포스 RTX 3080 Xtreme 워터포스 D6X 10GB 피씨디렉트,"2,510,500","2,510,500","2,510,500","2,395,000"
16379144,GIGABYTE AORUS 지포스 RTX 3080 Xtreme 워터포스 D6X 12GB 피씨디렉트,"2,025,000","2,025,000","2,020,670","2,020,490"
12957146,GIGABYTE AORUS 지포스 RTX 3090 D6X 24GB Gaming box 제이씨현,"4,499,990","4,499,990","4,499,990","4,499,990"
13061132,GIGABYTE AORUS 지포스 RTX 3090 D6X 24GB Gaming box 피씨디렉트,"4,499,990","4,499,990","4,499,990","4,499,990"
12214055,GIGABYTE AORUS 지포스 RTX 3090 Master D6X 24GB 제이씨현,"3,840,690","3,840,690","3,840,690","3,805,420"
12488372,GIGABYTE AORUS 지포스 RTX 3090 Master D6X 24GB 피씨디렉트,"3,389,990","3,389,970","3,389,970","3,389,970"
14626343,GIGABYTE AORUS 지포스 RTX 3090 Master V2 D6X 24GB 피씨디렉트,"3,390,000","3,390,000","3,390,000","3,390,000"
12214037,GIGABYTE AORUS 지포스 RTX 3090 Xtreme D6X 24GB 제이씨현,"3,689,490","4,500,000","4,500,000","3,105,800"
12626474,GIGABYTE AORUS 지포스 RTX 3090 Xtreme D6X 24GB 피씨디렉트,"3,109,000","3,109,000","3,211,820","3,381,650"
12848315,GIGABYTE AORUS 지포스 RTX 3090 Xtreme 워터블럭 D6X 24GB 피씨디렉트,"7,000,000","7,000,000","7,000,000","7,000,000"
10403877,GIGABYTE 라데온 RX 5600 XT Gaming OC D6 6GB 제이씨현,"1,500,000","1,500,000","1,500,000","1,500,000"
13927949,GIGABYTE 라데온 RX 580 Gaming D5 8GB 피씨디렉트,"1,200,000","1,200,000","1,200,000","1,200,000"
16225055,GIGABYTE 라데온 RX 6500 XT EAGLE D6 4GB 제이씨현,"359,050","358,750","358,510","358,330"
16227968,GIGABYTE 라데온 RX 6500 XT EAGLE D6 4GB 피씨디렉트,"385,370","385,310","385,070","385,010"
16224779,GIGABYTE 라데온 RX 6500 XT Gaming OC D6 4GB 제이씨현,"377,550","377,490","377,250","374,730"
16227899,GIGABYTE 라데온 RX 6500 XT Gaming OC D6 4GB 피씨디렉트,"361,240","360,150","359,730","371,600"
15427058,GIGABYTE 라데온 RX 6600 EAGLE D6 8GB 제이씨현,"602,990","602,590","593,000","592,900"
15428156,GIGABYTE 라데온 RX 6600 EAGLE D6 8GB 피씨디렉트,"588,950","569,890","569,890","582,520"
14980607,GIGABYTE 라데온 RX 6600 XT EAGLE D6 8GB 제이씨현,"753,020","752,780","728,930","704,170"
14980346,GIGABYTE 라데온 RX 6600 XT EAGLE D6 8GB 피씨디렉트,"746,040","740,090","745,560","745,560"
14980652,GIGABYTE 라데온 RX 6600 XT Gaming OC D6 8GB 제이씨현,"771,950","771,940","771,990","771,990"
14980412,GIGABYTE 라데온 RX 6600 XT Gaming OC D6 8GB 피씨디렉트,"780,160","780,100","750,050","757,170"
14980700,GIGABYTE 라데온 RX 6600 XT Gaming OC PRO D6 8GB 제이씨현,"766,200","766,200","766,200","766,200"
14980448,GIGABYTE 라데온 RX 6600 XT Gaming OC PRO D6 8GB 피씨디렉트,"760,180","759,940","759,540","759,310"
13647473,GIGABYTE 라데온 RX 6700 XT D6 12GB 제이씨현,"2,000,000","2,000,000","2,000,000","2,000,000"
13647515,GIGABYTE 라데온 RX 6700 XT EAGLE D6 12GB 제이씨현,"1,127,480","1,127,420","1,127,180","1,127,000"
13646753,GIGABYTE 라데온 RX 6700 XT EAGLE D6 12GB 피씨디렉트,"1,099,000","1,099,000","1,099,000","1,099,000"
13647554,GIGABYTE 라데온 RX 6700 XT Gaming OC D6 12GB 제이씨현,"1,110,210","1,109,980","1,109,970","1,109,790"
13646882,GIGABYTE 라데온 RX 6700 XT Gaming OC D6 12GB 피씨디렉트,"1,099,000","1,099,000","1,099,000","1,099,000"
12729665,GIGABYTE 라데온 RX 6800 D6 16GB 피씨디렉트,"2,700,000","2,700,000","2,700,000","2,700,000"
12766673,GIGABYTE 라데온 RX 6800 Gaming OC D6 16GB 제이씨현,"1,316,180","1,316,060","1,315,880","1,317,300"
12979202,GIGABYTE 라데온 RX 6800 Gaming OC D6 16GB 피씨디렉트,"1,385,570","1,385,570","1,385,570","1,385,570"
12766757,GIGABYTE 라데온 RX 6800 XT Gaming OC D6 16GB 제이씨현,"1,504,220","1,503,990","1,503,800","1,504,870"
12904829,GIGABYTE 라데온 RX 6800 XT Gaming OC D6 16GB 피씨디렉트,"1,492,840","1,492,600","1,492,360","1,492,180"
13149686,GIGABYTE 라데온 RX 6900 XT Gaming OC D6 16GB 제이씨현,"1,787,080","1,787,080","1,787,080","1,755,910"
13149614,GIGABYTE 라데온 RX 6900 XT Gaming OC D6 16GB 피씨디렉트,"1,820,000","1,820,000","1,820,000","1,820,000"
6062420,GIGABYTE 지포스 GT1030 UD2 D4 2GB 미니미 제이씨현,"127,910","128,990","128,870","128,990"
14092100,GIGABYTE 지포스 GT1030 UD2 D4 2GB 미니미 피씨디렉트,"137,010","140,250","140,070","140,070"
5149140,GIGABYTE 지포스 GT1030 UD2 D5 2GB 미니미 제이씨현,"135,000","135,000","134,990","134,990"
12427739,GIGABYTE 지포스 GT1030 UD2 D5 2GB 미니미 피씨디렉트,"148,510","152,070","150,300","145,510"
5239482,GIGABYTE 지포스 GT1030 UD2 D5 2GB 블랙펄 제이씨현,"139,000","139,000","138,990","139,000"
12411596,GIGABYTE 지포스 GT1030 UD2 D5 2GB 블랙펄 피씨디렉트,"146,820","146,580","146,340","146,290"
12428027,GIGABYTE 지포스 GT1030 UD2 D5 2GB 팬리스 피씨디렉트,"421,000","421,000","421,000","421,000"
3733466,GIGABYTE 지포스 GT710 UD2 D3 1GB 미니미,"70,000","70,000","70,000","70,000"
3733491,GIGABYTE 지포스 GT710 UD2 D3 2GB 미니미 제이씨현,"85,000","85,000","85,000","85,000"
13257218,GIGABYTE 지포스 GT710 UD2 D3 2GB 미니미 피씨디렉트,"90,390","90,390","90,390","90,390"
5248631,GIGABYTE 지포스 GT710 UD2 D5 2GB 미니미 제이씨현,"86,670","86,670","86,670","86,670"
12437297,GIGABYTE 지포스 GT710 UD2 V2 D5 2GB 미니미 피씨디렉트,"111,290","111,290","111,290","111,290"
3301170,GIGABYTE 지포스 GT730 UD2 D5 1GB 블랙펄,"100,000","100,000","100,000","100,000"
12478103,GIGABYTE 지포스 GT730 UD2 D5 2GB 미니미 피씨디렉트,"65,270","65,180","66,490","66,490"
3061429,GIGABYTE 지포스 GT730 UD2 D5 2GB 블랙펄 제이씨현,"114,000","113,990","113,990","113,990"
13290143,GIGABYTE 지포스 GT730 UD2 D5 2GB 블랙펄 피씨디렉트,"96,130","96,070","95,830","95,830"
14635862,GIGABYTE 지포스 GT730 UD2 V3 D3 2GB 피씨디렉트,"63,600","63,600","63,600","63,600"
14696159,GIGABYTE 지포스 GTX 1650 MINI ITX D5 4GB 피씨디렉트,"423,350","423,350","423,350","423,350"
7778446,GIGABYTE 지포스 GTX 1650 MINI ITX OC D5 4GB 제이씨현,"399,000","399,000","510,000","510,000"
14177165,GIGABYTE 지포스 GTX 1650 MINI ITX OC D5 4GB 피씨디렉트,"376,760","376,520","382,130","381,950"
9983868,GIGABYTE 지포스 GTX 1650 SUPER WINDFORCE OC D6 4GB 제이씨현,"899,990","899,990","899,990","899,990"
14100743,GIGABYTE 지포스 GTX 1650 UD2 OC D5 4GB Nano LP 피씨디렉트,"376,100","375,980","375,740","375,560"
11360466,GIGABYTE 지포스 GTX 1650 UD2 OC D6 4GB Nano LP 제이씨현,"413,600","413,600","413,590","404,790"
13934633,GIGABYTE 지포스 GTX 1650 UD2 OC D6 4GB Nano LP 피씨디렉트,"448,110","447,870","447,810","448,230"
11001705,GIGABYTE 지포스 GTX 1650 UD2 OC D6 4GB 제이씨현,"433,600","433,600","433,600","423,990"
12352322,GIGABYTE 지포스 GTX 1650 UD2 OC D6 4GB 피씨디렉트,"446,980","446,740","446,500","446,320"
15825011,GIGABYTE 지포스 GTX 1650 UD2 OC V2 D6 4GB 피씨디렉트,"394,800","394,800","394,800","394,800"
15308195,GIGABYTE 지포스 GTX 1650 UD2 V2 D6 4GB 피씨디렉트,"432,380","432,150","432,030","432,020"
15978761,GIGABYTE 지포스 GTX 1650 UD2 V3 D6 4GB 피씨디렉트,"439,120","439,120","439,120","439,120"
7778368,GIGABYTE 지포스 GTX 1650 UDV OC D5 4GB 제이씨현,"388,990","388,990","385,300","377,910"
13980731,GIGABYTE 지포스 GTX 1650 UDV OC D5 4GB 피씨디렉트,"423,220","422,980","422,800","422,740"
14873795,GIGABYTE 지포스 GTX 1650 WINDFORCE D6 4GB 피씨디렉트,"454,060","453,820","453,580","453,400"
14115761,GIGABYTE 지포스 GTX 1650 WINDFORCE OC D5 4GB 피씨디렉트,"1,300,000","1,300,000","1,300,000","1,300,000"
11001627,GIGABYTE 지포스 GTX 1650 WINDFORCE OC D6 4GB 제이씨현,"940,000","940,000","940,000","386,760"
12364487,GIGABYTE 지포스 GTX 1650 WINDFORCE OC D6 4GB 피씨디렉트,"440,200","440,200","440,200","440,200"
9788790,GIGABYTE 지포스 GTX 1660 SUPER Gaming OC D6 6GB 제이씨현,"1,394,990","1,394,990","1,394,990","1,394,990"
12352160,GIGABYTE 지포스 GTX 1660 SUPER Gaming OC D6 6GB 피씨디렉트,"1,100,000","1,100,000","1,100,000","1,100,000"
14535110,GIGABYTE 지포스 GTX 1660 SUPER UDV D6 6GB 피씨디렉트,"856,000","856,000","856,000","856,000"
9789000,GIGABYTE 지포스 GTX 1660 SUPER UDV OC D6 6GB 제이씨현,"617,000","617,000","617,000","617,000"
12364529,GIGABYTE 지포스 GTX 1660 SUPER UDV OC D6 6GB 피씨디렉트,"656,560","656,320","656,200","656,030"
14942507,GIGABYTE 지포스 GTX 1660 Ti UDV D6 6GB 피씨디렉트,"616,000","616,000","616,000","616,000"
12541991,GIGABYTE 지포스 GTX 1660 Ti UDV OC D6 6GB 피씨디렉트,"617,530","617,290","617,050","616,930"
7461577,GIGABYTE 지포스 GTX 1660 UDV OC D5 6GB 제이씨현,"545,220","545,160","545,040","543,690"
12364586,GIGABYTE 지포스 GTX 1660 UDV OC D5 6GB 피씨디렉트,"568,160","568,100","567,860","567,680"
12437396,GIGABYTE 지포스 GTX1050 Ti UD2 D5 4GB Nano LP 피씨디렉트,"430,010","430,010","430,010","430,010"
4587035,GIGABYTE 지포스 GTX1050 Ti UD2 D5 4GB 미니미 제이씨현,"297,690","297,690","297,690","298,990"
12427859,GIGABYTE 지포스 GTX1050 Ti UD2 D5 4GB 미니미 피씨디렉트,"313,170","312,930","312,690","312,520"
7024276,GIGABYTE 지포스 RTX 2060 Gaming OC D6 6GB,"1,283,670","1,283,670","1,283,670","1,283,670"
8483241,GIGABYTE 지포스 RTX 2060 SUPER WINDFORCE OC D6 8GB 제이씨현,"755,160","755,100","754,860","754,680"
15883835,GIGABYTE 지포스 RTX 2060 UDV D6 12GB 피씨디렉트,"663,680","686,000","687,660","706,200"
10908519,GIGABYTE 지포스 RTX 2060 UDV D6 6GB 제이씨현,"598,830","598,580","598,340",0
13980893,GIGABYTE 지포스 RTX 2060 UDV D6 6GB 피씨디렉트,"728,310","728,320","728,320","728,320"
7024378,GIGABYTE 지포스 RTX 2060 UDV OC D6 6GB 제이씨현,"886,990","886,990","598,500","597,500"
13253135,GIGABYTE 지포스 RTX 2060 UDV OC D6 6GB 피씨디렉트,"964,860","964,860","964,860","964,860"
15118775,GIGABYTE 지포스 RTX 2060 UDV V2 D6 6GB 피씨디렉트,"559,000","571,810","559,000","559,000"
15883877,GIGABYTE 지포스 RTX 2060 WINDFORCE OC D6 12GB 피씨디렉트,"674,880","674,640","674,400","674,170"
16311035,GIGABYTE 지포스 RTX 3050 EAGLE D6 8GB 피씨디렉트,가격비교예정,가격비교예정,가격비교예정,가격비교예정
16295807,GIGABYTE 지포스 RTX 3050 EAGLE OC D6 8GB 제이씨현,"530,000","530,000","518,990","526,200"
16296074,GIGABYTE 지포스 RTX 3050 EAGLE OC D6 8GB 피씨디렉트,"518,250","499,590","518,950","519,000"
16295945,GIGABYTE 지포스 RTX 3050 Gaming OC D6 8GB 제이씨현,"526,940","526,700","539,000","545,000"
16296011,GIGABYTE 지포스 RTX 3050 Gaming OC D6 8GB 피씨디렉트,"527,560","519,610","523,600","535,870"
13458977,GIGABYTE 지포스 RTX 3060 EAGLE D6 12GB 제이씨현,"903,930","903,930","903,930","893,540"
13455566,GIGABYTE 지포스 RTX 3060 EAGLE D6 12GB 피씨디렉트,"865,950","865,950","865,950","865,950"
13459076,GIGABYTE 지포스 RTX 3060 EAGLE OC D6 12GB 제이씨현,"1,099,990","1,099,990","1,099,990","1,099,990"
13455653,GIGABYTE 지포스 RTX 3060 EAGLE OC D6 12GB 피씨디렉트,"1,800,000","1,800,000","1,800,000","1,800,000"
14459492,GIGABYTE 지포스 RTX 3060 EAGLE OC V2 D6 12GB 제이씨현,"801,890","801,880","792,880","792,880"
14453714,GIGABYTE 지포스 RTX 3060 EAGLE OC V2 D6 12GB 피씨디렉트,"848,250","883,910","855,390","756,000"
14459528,GIGABYTE 지포스 RTX 3060 EAGLE V2 D6 12GB 제이씨현,"904,590","904,350","904,110","892,890"
14493545,GIGABYTE 지포스 RTX 3060 EAGLE V2 D6 12GB 피씨디렉트,"899,000","899,000","898,000","898,000"
13459253,GIGABYTE 지포스 RTX 3060 Gaming OC D6 12GB 제이씨현,"898,310","838,190","838,070","837,840"
13455995,GIGABYTE 지포스 RTX 3060 Gaming OC D6 12GB 피씨디렉트,"875,000","875,000","867,000","867,000"
14459402,GIGABYTE 지포스 RTX 3060 Gaming OC V2 D6 12GB 제이씨현,"796,050","796,050","796,040","796,040"
14453744,GIGABYTE 지포스 RTX 3060 Gaming OC V2 D6 12GB 피씨디렉트,"800,750","789,880","795,000","786,260"
14478413,GIGABYTE 지포스 RTX 3060 Ti EAGLE OC V2 D6 8GB 제이씨현,"996,550","996,310","996,130","996,010"
14480888,GIGABYTE 지포스 RTX 3060 Ti EAGLE OC V2 D6 8GB 피씨디렉트,"991,850","991,620","991,370","991,190"
14478539,GIGABYTE 지포스 RTX 3060 Ti EAGLE V2 D6 8GB 제이씨현,"1,044,160","1,044,160","1,044,160","1,038,780"
14480987,GIGABYTE 지포스 RTX 3060 Ti EAGLE V2 D6 8GB 피씨디렉트,"1,151,030","1,150,790","1,166,000","1,166,000"
14100587,GIGABYTE 지포스 RTX 3060 Ti Gaming D6 8GB 피씨디렉트,"2,500,000","2,500,000","2,500,000","2,500,000"
12818744,GIGABYTE 지포스 RTX 3060 Ti Gaming OC D6 8GB 제이씨현,"2,937,500","2,937,500","2,937,500","2,937,500"
12816620,GIGABYTE 지포스 RTX 3060 Ti Gaming OC D6 8GB 피씨디렉트,"2,500,000","2,500,000","2,500,000","2,500,000"
12818756,GIGABYTE 지포스 RTX 3060 Ti Gaming OC PRO D6 8GB 제이씨현,"3,000,000","3,000,000","3,000,000","3,000,000"
12816713,GIGABYTE 지포스 RTX 3060 Ti Gaming OC PRO D6 8GB 피씨디렉트,"2,500,000","2,500,000","2,500,000","2,500,000"
13183187,GIGABYTE 지포스 RTX 3060 Ti Gaming OC PRO V2 D6 8GB 제이씨현,"2,000,000","2,000,000","2,000,000","2,000,000"
14036630,GIGABYTE 지포스 RTX 3060 Ti Gaming OC PRO V2 D6 8GB 피씨디렉트,"1,094,950","1,094,700","1,094,950","1,094,950"
14476103,GIGABYTE 지포스 RTX 3060 Ti Gaming OC PRO V3 D6 8GB 제이씨현,"1,053,940","1,053,880","1,053,640","1,053,590"
14873684,GIGABYTE 지포스 RTX 3060 Ti Gaming OC PRO V3 D6 8GB 피씨디렉트,"1,015,300","1,015,240","1,015,060","1,015,000"
14729381,GIGABYTE 지포스 RTX 3060 Ti Gaming OC V2 D6 8GB 제이씨현,"1,022,120","1,016,780","1,028,040","1,013,400"
14873729,GIGABYTE 지포스 RTX 3060 Ti Gaming OC V2 D6 8GB 피씨디렉트,"1,009,050","1,008,800","972,770","1,018,930"
14100413,GIGABYTE 지포스 RTX 3060 Ti Gaming PRO D6 8GB 피씨디렉트,"3,000,000","3,000,000","3,000,000","3,000,000"
15906446,GIGABYTE 지포스 RTX 3060 Ti Gaming V2 D6 8GB 피씨디렉트,일시품절,일시품절,일시품절,"1,009,000"
13149515,GIGABYTE 지포스 RTX 3060 Ti VISION OC D6 8GB 피씨디렉트,"2,000,000","2,000,000","2,000,000","2,000,000"
14478284,GIGABYTE 지포스 RTX 3060 Ti VISION OC V2 D6 8GB 제이씨현,"1,090,800","1,090,800","1,075,000","1,075,000"
14586203,GIGABYTE 지포스 RTX 3060 Ti VISION OC V2 D6 8GB 피씨디렉트,"1,053,210","1,052,970","1,052,730","989,000"
13459157,GIGABYTE 지포스 RTX 3060 VISION OC D6 12GB 제이씨현,"1,300,000","1,300,000","1,300,000","880,000"
13455920,GIGABYTE 지포스 RTX 3060 VISION OC D6 12GB 피씨디렉트,"1,300,000","1,300,000","1,300,000","1,300,000"
14459453,GIGABYTE 지포스 RTX 3060 VISION OC V2 D6 12GB 제이씨현,"859,160","858,920","858,680","851,980"
14479811,GIGABYTE 지포스 RTX 3060 VISION OC V2 D6 12GB 피씨디렉트,"828,850","828,850","811,140","810,960"
12577814,GIGABYTE 지포스 RTX 3070 EAGLE OC D6 8GB 제이씨현,"2,500,000","2,500,000","2,500,000","2,500,000"
12575492,GIGABYTE 지포스 RTX 3070 EAGLE OC D6 8GB 피씨디렉트,"3,000,000","3,000,000","3,000,000","3,000,000"
14837663,GIGABYTE 지포스 RTX 3070 EAGLE OC V2 D6 8GB 피씨디렉트,"1,337,710","1,337,710","1,337,710","1,337,710"
14856329,GIGABYTE 지포스 RTX 3070 EAGLE V2 D6 8GB 피씨디렉트,"1,113,140","1,112,910","1,112,660","1,112,430"
12577802,GIGABYTE 지포스 RTX 3070 Gaming OC D6 8GB 제이씨현,"1,499,990","1,499,990","1,499,990","1,499,990"
12575708,GIGABYTE 지포스 RTX 3070 Gaming OC D6 8GB 피씨디렉트,"1,679,950","1,679,710","1,679,470","1,679,470"
14857991,GIGABYTE 지포스 RTX 3070 Gaming OC V2 D6 8GB 피씨디렉트,"1,210,930","1,210,690","1,197,030","1,195,830"
14446817,GIGABYTE 지포스 RTX 3070 Ti EAGLE D6X 8GB 제이씨현,"1,232,940","1,232,710","1,222,700","1,224,090"
14430104,GIGABYTE 지포스 RTX 3070 Ti EAGLE D6X 8GB 피씨디렉트,"1,190,000","1,190,000","1,190,000","1,190,000"
14446820,GIGABYTE 지포스 RTX 3070 Ti EAGLE OC D6X 8GB 제이씨현,"1,434,280","1,434,270","1,434,030","1,433,970"
14430137,GIGABYTE 지포스 RTX 3070 Ti EAGLE OC D6X 8GB 피씨디렉트,"1,239,000","1,239,000","1,270,190","1,270,190"
14446823,GIGABYTE 지포스 RTX 3070 Ti Gaming OC D6X 8GB 제이씨현,"1,176,560","1,165,000","1,223,300","1,143,000"
14430260,GIGABYTE 지포스 RTX 3070 Ti Gaming OC D6X 8GB 피씨디렉트,"1,165,440","1,165,380","1,163,360","1,162,480"
14446826,GIGABYTE 지포스 RTX 3070 Ti VISION OC D6X 8GB 제이씨현,"1,218,740","1,223,050","1,222,310","1,226,430"
14430383,GIGABYTE 지포스 RTX 3070 Ti VISION OC D6X 8GB 피씨디렉트,"1,179,990","1,241,400","1,241,400","1,215,610"
12575798,GIGABYTE 지포스 RTX 3070 VISION OC D6 8GB 피씨디렉트,"3,290,000","3,290,000","3,290,000","3,290,000"
14944832,GIGABYTE 지포스 RTX 3070 VISION OC V2 D6 8GB 피씨디렉트,"1,228,500","1,228,500","1,228,500","1,228,500"
12672485,GIGABYTE 지포스 RTX 3080 EAGLE D6X 10GB 피씨디렉트,"3,467,500","3,467,500","2,767,500","2,767,500"
16156427,GIGABYTE 지포스 RTX 3080 EAGLE D6X 12GB 제이씨현,"1,824,000","1,824,000","1,824,000","1,823,950"
16168760,GIGABYTE 지포스 RTX 3080 EAGLE D6X 12GB 피씨디렉트,"1,817,790","1,818,690","1,670,000","1,670,000"
12190253,GIGABYTE 지포스 RTX 3080 EAGLE OC D6X 10GB 제이씨현,"2,600,000","2,600,000","2,600,000","2,600,000"
14687765,GIGABYTE 지포스 RTX 3080 EAGLE OC V2 D6X 10GB 피씨디렉트,"2,744,940","2,744,940","2,744,940","2,744,940"
14648696,GIGABYTE 지포스 RTX 3080 EAGLE V2 D6X 10GB 피씨디렉트,"3,000,000","3,000,000","3,000,000","3,000,000"
14091914,GIGABYTE 지포스 RTX 3080 Gaming OC D6X 10GB 워터블럭 피씨디렉트,"3,000,000","3,000,000","3,000,000","3,000,000"
12190238,GIGABYTE 지포스 RTX 3080 Gaming OC D6X 10GB 제이씨현,"2,282,370","2,282,370","2,282,370","2,282,370"
12305189,GIGABYTE 지포스 RTX 3080 Gaming OC D6X 10GB 피씨디렉트,"3,000,000","3,000,000","3,000,000","3,000,000"
16156235,GIGABYTE 지포스 RTX 3080 Gaming OC D6X 12GB 제이씨현,"1,820,870","1,820,630","1,820,570","1,820,390"
16168799,GIGABYTE 지포스 RTX 3080 Gaming OC D6X 12GB 피씨디렉트,"1,618,990","1,718,990","1,618,990","1,689,990"
15435230,GIGABYTE 지포스 RTX 3080 Gaming OC V2 D6X 10GB 워터블럭 피씨디렉트,"1,747,500","1,747,500","1,579,000","1,579,000"
14636465,GIGABYTE 지포스 RTX 3080 Gaming OC V2 D6X 10GB 피씨디렉트,"1,597,910","1,554,950","1,614,990","1,526,180"
14379899,GIGABYTE 지포스 RTX 3080 Ti EAGLE D6X 12GB 제이씨현,"2,270,390","2,310,000","2,284,300","2,284,250"
14379890,GIGABYTE 지포스 RTX 3080 Ti EAGLE D6X 12GB 피씨디렉트,"1,999,000","1,999,000","1,999,000","1,999,000"
14379908,GIGABYTE 지포스 RTX 3080 Ti EAGLE OC D6X 12GB 제이씨현,"4,000,000","4,000,000","4,000,000","4,000,000"
14351684,GIGABYTE 지포스 RTX 3080 Ti Gaming OC D6X 12GB 제이씨현,"1,987,780","1,987,540","1,987,420","1,988,740"
14351696,GIGABYTE 지포스 RTX 3080 Ti Gaming OC D6X 12GB 피씨디렉트,"1,816,000","1,816,000","1,816,000","1,816,000"
14379902,GIGABYTE 지포스 RTX 3080 Ti VISION OC D6X 12GB 제이씨현,"2,035,470","2,035,230","2,035,170","2,034,990"
14379893,GIGABYTE 지포스 RTX 3080 Ti VISION OC D6X 12GB 피씨디렉트,"1,816,950","1,880,000","1,880,000","1,880,000"
12406439,GIGABYTE 지포스 RTX 3080 VISION OC D6X 10GB 제이씨현,"1,923,800","1,923,800","1,923,800","1,923,800"
12371567,GIGABYTE 지포스 RTX 3080 VISION OC D6X 10GB 피씨디렉트,"4,000,000","4,000,000","4,000,000","4,000,000"
14636414,GIGABYTE 지포스 RTX 3080 VISION OC V2 D6X 10GB 피씨디렉트,"1,669,500","1,669,500","1,669,500","1,669,500"
12513326,GIGABYTE 지포스 RTX 3090 EAGLE D6X 24GB 피씨디렉트,"3,048,990","3,048,980","3,045,000","3,045,000"
12190286,GIGABYTE 지포스 RTX 3090 EAGLE OC D6X 24GB 제이씨현,"3,079,000","3,079,000","3,079,000","3,079,000"
12357611,GIGABYTE 지포스 RTX 3090 EAGLE OC D6X 24GB 피씨디렉트,"3,069,000","3,069,000","3,069,000","3,068,960"
12190271,GIGABYTE 지포스 RTX 3090 Gaming OC D6X 24GB 제이씨현,"3,079,820","3,079,580","3,079,340","3,079,280"
12357608,GIGABYTE 지포스 RTX 3090 Gaming OC D6X 24GB 피씨디렉트,"3,060,360","3,060,120","3,059,940","3,059,260"
12584381,GIGABYTE 지포스 RTX 3090 VISION OC D6X 24GB 피씨디렉트,"3,119,000","3,119,000","3,119,000","3,119,000"
16441964,HP 지포스 RTX 3070 D6 8GB (벌크),일시품절,일시품절,일시품절,일시품절
13467572,INNO3D iChiLL 지포스 RTX 3060 D6 12GB X3 RED,"1,800,000","1,800,000","1,800,000","1,800,000"
14523086,INNO3D iChiLL 지포스 RTX 3060 Ti D6 8GB X3 RED LHR,"1,031,000","1,031,000","1,031,000","979,790"
12577430,INNO3D iChiLL 지포스 RTX 3070 D6 8GB X3,"2,211,320","2,211,320","2,211,320","2,211,320"
14801852,INNO3D iChiLL 지포스 RTX 3070 D6 8GB X3 LHR,"1,220,000","1,220,000","1,220,000","1,220,000"
14801987,INNO3D iChiLL 지포스 RTX 3070 D6 8GB X4 LHR,"1,104,300","1,104,160","1,103,980","1,103,980"
14861789,INNO3D iChiLL 지포스 RTX 3070 Ti D6X 8GB X4,"1,201,060","1,200,880","1,200,640","1,200,460"
14909213,INNO3D iChiLL 지포스 RTX 3080 D6X 10GB X3 LHR,"4,000,000","4,000,000","4,000,000","4,000,000"
12213635,INNO3D iChiLL 지포스 RTX 3080 D6X 10GB X4,"4,000,000","4,000,000","4,000,000","4,000,000"
14575742,INNO3D iChiLL 지포스 RTX 3080 D6X 10GB X4 LHR,"1,545,000","1,532,160","1,531,980","1,531,860"
16161176,INNO3D iChiLL 지포스 RTX 3080 D6X 12GB X4 LHR,"1,658,620","1,658,370","1,657,820","1,657,590"
15344714,INNO3D iChiLL 지포스 RTX 3080 Ti BLACK D6X 12GB,"2,327,370","2,327,130","2,326,890","2,314,720"
14803832,INNO3D iChiLL 지포스 RTX 3080 Ti D6X 12GB X3,"1,814,340","1,813,910","1,813,730","1,813,670"
14379647,INNO3D iChiLL 지포스 RTX 3080 Ti D6X 12GB X4,"1,870,100","1,870,100","1,870,100","1,869,940"
12213656,INNO3D iChiLL 지포스 RTX 3090 D6X 24GB X4,"3,131,870","3,131,620","3,131,380","3,131,330"
5150074,INNO3D 지포스 GT1030 D5 2GB LP 무소음,"124,360","128,620","128,560","125,780"
3722262,INNO3D 지포스 GT710 D3 1GB,"69,090","69,090","69,090","93,180"
2672462,INNO3D 지포스 GT730 D3 1GB LP 무소음,"72,940","72,850","75,470","74,510"
11092035,INNO3D 지포스 GTX 1650 OC D6 4GB X2,"376,540","376,300","376,180","376,000"
14471960,INNO3D 지포스 GTX 1660 SUPER V2 D6 6GB TWIN X2,"545,400","545,400","545,400","545,400"
7314934,INNO3D 지포스 GTX 1660 Ti D6 6GB TWIN X2,"588,000","588,000","588,000","588,000"
14088293,INNO3D 지포스 GTX 1660 Ti V2 D6 6GB TWIN X2,"567,000","567,000","567,000","567,000"
8922722,INNO3D 지포스 GTX 1660 V2 D5 6GB TWIN X2,"1,100,000","1,100,000","1,100,000","1,100,000"
4694300,INNO3D 지포스 GTX1050 Ti D5 4GB X2,"284,340","281,720","315,990","315,990"
14479664,INNO3D 지포스 GTX1050 Ti V3 D5 4GB X2,"800,000","800,000","800,000","800,000"
13675586,INNO3D 지포스 RTX 2060 D6 6GB TWIN X2,"550,670","550,670","550,670","550,670"
8108158,INNO3D 지포스 RTX 2060 GAMING OC D6 6GB,"1,600,000","1,600,000","1,600,000","1,600,000"
15945167,INNO3D 지포스 RTX 2060 OC D6 12GB TWIN X2,"638,240","640,820","637,680","637,450"
8479275,INNO3D 지포스 RTX 2060 SUPER OC D6 8GB 백플레이트,"724,530","737,690","737,690","737,690"
16287431,INNO3D 지포스 RTX 3050 D6 8GB TWIN X2,일시품절,일시품절,일시품절,일시품절
16428086,INNO3D 지포스 RTX 3050 GAMING OC D6 8GB X2,"535,680","535,430","540,950","540,950"
16287707,INNO3D 지포스 RTX 3050 OC D6 8GB TWIN X2,"518,320","518,320","553,520","567,100"
14909129,INNO3D 지포스 RTX 3060 D6 12GB TWIN X2,"1,800,000","1,800,000","1,800,000","1,800,000"
13467581,INNO3D 지포스 RTX 3060 OC D6 12GB TWIN X2,"827,560","868,800","878,000","878,000"
14861477,INNO3D 지포스 RTX 3060 Ti D6 8GB TWIN X2 LHR,"1,690,000","1,690,000","1,690,000","1,690,000"
12824048,INNO3D 지포스 RTX 3060 Ti OC D6 8GB TWIN X2,"2,500,000","2,500,000","2,500,000","2,500,000"
14575871,INNO3D 지포스 RTX 3060 Ti OC D6 8GB TWIN X2 LHR,"981,930","981,690","954,120","953,890"
12824099,INNO3D 지포스 RTX 3070 D6 8GB TWIN X2,"2,500,000","2,500,000","2,500,000","2,500,000"
13211270,INNO3D 지포스 RTX 3070 OC D6 8GB TWIN X2,일시품절,일시품절,일시품절,일시품절
14522642,INNO3D 지포스 RTX 3070 OC D6 8GB TWIN X2 LHR,일시품절,일시품절,일시품절,일시품절
14472482,INNO3D 지포스 RTX 3070 Ti OC D6X 8GB X3,"1,179,760","1,179,360","1,157,210","1,195,200"
14522819,INNO3D 지포스 RTX 3080 Ti D6X 12GB X3,"2,064,790","2,064,790","2,064,790","2,064,790"
14398778,INNO3D 지포스 RTX 3080 Ti OC D6X 12GB X3,"1,816,000","1,802,110","1,801,870","1,801,750"
13777100,MANLI 지포스 GTX 1650 Typhoon D6 4GB,"349,570","349,500","349,260","347,400"
4590156,MANLI 지포스 GTX1050 Ti Black Frame Mini D5 4GB,"286,460","293,590","293,350","293,120"
15957161,MANLI 지포스 RTX 2060 Rush D6 12GB,"1,006,190","1,006,130","1,006,070","1,005,890"
15894728,MANLI 지포스 RTX 2060 SUPER Gallardo OC V2 D6 8GB,"1,311,140","1,310,960","1,296,290","1,296,290"
13456268,MANLI 지포스 RTX 3060 Rush D6 12GB,"1,800,000","1,800,000","1,800,000","1,800,000"
15758033,MANLI 지포스 RTX 3060 Ti Rush D6 8GB LHR,"1,143,120","1,143,120","1,143,120","1,143,120"
15721796,MANLI 지포스 RTX 3070 Gallardo D6 8GB LHR,"1,120,000","1,104,660","1,104,430","1,098,790"
15735068,MANLI 지포스 RTX 3070 Rush D6 8GB LHR,"1,079,500","1,079,500","1,079,500","1,088,300"
15757727,MANLI 지포스 RTX 3070 Ti Rush D6X 8GB LHR,"1,173,800","1,173,800","1,173,800","1,173,800"
16194194,MANLI 지포스 RTX 3080 Rush D6X 10GB LHR,"1,715,460","1,715,220","1,430,000","1,750,930"
12518744,MAXSUN 지포스 GT1030 파워해머 D5 2GB,"136,830","136,590","136,350","136,290"
12518492,MAXSUN 지포스 GT710 파워해머 D3 1GB,"120,000","120,000","120,000","120,000"
16002950,MAXSUN 지포스 GTX1050 Ti 트랜스포머 D5 4GB,"337,990","337,990","337,990","337,990"
4597839,MSI VR 부스트 킷,"40,000","40,000","40,000","40,000"
3508944,MSI 게이밍 SLI 브릿지 2WAY-L,"54,250","54,250","54,250","54,250"
7188814,MSI 라데온 RX 570 아머 OC D5 4GB,"1,000,000","1,000,000","1,000,000","1,000,000"
16406153,MSI 라데온 RX 6500 XT 메크 2X OC D6 4GB,"323,430","313,990","315,190","325,500"
14990954,MSI 라데온 RX 6600 XT 게이밍 X D6 8GB 트윈프로져8,"781,800","780,400","780,220","780,040"
14991092,MSI 라데온 RX 6600 XT 메크 2X OC D6 8GB,"733,600","733,600","733,600","733,600"
15297479,MSI 라데온 RX 6600 XT 메크 2X OC V1 D6 8GB,"724,750","720,170","720,630","748,990"
15435041,MSI 라데온 RX 6600 메크 2X D6 8GB,"604,500","604,500","604,500","604,500"
15842378,MSI 라데온 RX 6600 아머 D6 8GB,"603,920","605,800","605,800","605,800"
15830630,MSI 라데온 RX 6600 아머 V1 D6 8GB,"673,140","672,900","672,660","672,660"
14036195,MSI 라데온 RX 6700 XT 게이밍 X D6 12GB 트윈프로져8,"2,000,000","2,000,000","2,000,000","2,000,000"
13668875,MSI 라데온 RX 6700 XT 메크 D6 12GB,"1,900,000","1,900,000","1,900,000","1,900,000"
13668932,MSI 라데온 RX 6700 XT 메크 OC D6 12GB,"1,034,000","1,068,480","1,034,230","1,068,480"
13097591,MSI 라데온 RX 6800 XT 게이밍 X 트리오 D6 16GB 트라이프로져2,"1,466,580","1,462,720","1,462,540","1,497,950"
16348940,MSI 라데온 RX 6800 XT 게이밍 Z 트리오 D6 16GB 트라이프로져2,"1,470,000","1,470,000","1,468,210","1,468,030"
12964313,MSI 라데온 RX 6800 게이밍 X 트리오 D6 16GB 트라이프로져2,"1,339,830","1,339,830","1,339,830","1,339,830"
13363850,MSI 라데온 RX 6900 XT 게이밍 X 트리오 D6 16GB 트라이프로져2,"1,758,190","1,758,010","1,757,770","1,757,650"
15196157,MSI 라데온 RX 6900 XT 게이밍 Z 트리오 D6 16GB 트라이프로져2,"2,078,660","2,078,660","2,078,660","2,078,660"
6038686,MSI 지포스 GT1030 에어로 ITX OC D4 2GB,"127,000","127,000","127,000","129,000"
5149139,MSI 지포스 GT1030 에어로 ITX OC D5 2GB,"290,000","290,000","290,000","290,000"
3734552,MSI 지포스 GT710 D3 1GB LP 무소음,"94,930","94,930","94,930","94,930"
3734562,MSI 지포스 GT710 D3 2GB LP 무소음,일시품절,일시품절,일시품절,"66,000"
16143302,MSI 지포스 GT730 D3 2GB LP,"64,420","64,330","66,200","66,200"
10319406,MSI 지포스 GT730 D3 2GB LP 무소음,"68,000","68,000","68,000","68,000"
3468711,MSI 지포스 GT730 OC D5 1GB LP 화이트,"164,030","164,030","164,030","164,030"
14508512,MSI 지포스 GT730 V1 D3 2GB LP 무소음,"64,740","64,650","66,530","66,440"
9983136,MSI 지포스 GTX 1650 SUPER 게이밍 X D6 4GB 트윈프로져7,"1,100,000","1,100,000","1,100,000","1,100,000"
15200915,MSI 지포스 GTX 1650 게이밍 X D6 4GB 트윈프로져7,"395,890","395,890","395,890","395,890"
14076602,MSI 지포스 GTX 1650 게이밍 X 플러스 D6 4GB 트윈프로져7,"1,200,000","1,200,000","1,200,000","1,200,000"
14981876,MSI 지포스 GTX 1650 벤투스 S D5 4GB,"360,000","360,000","360,000","360,000"
7776679,MSI 지포스 GTX 1650 벤투스 S OC D5 4GB,"388,540","388,320","388,150","388,870"
11001012,MSI 지포스 GTX 1650 벤투스 S OC D6 4GB,"389,280","389,040","388,860","388,680"
11821303,MSI 지포스 GTX 1650 벤투스 S OC V1 D5 4GB,"386,420","386,950","386,700","380,000"
12401186,MSI 지포스 GTX 1650 벤투스 S OC V1 D6 4GB,"410,100","410,100","410,100","410,100"
13844237,MSI 지포스 GTX 1650 벤투스 S V2 OC D6 4GB,"1,000,000","1,000,000","1,000,000","1,000,000"
11001126,MSI 지포스 GTX 1650 에어로 ITX OC D6 4GB,"424,000","424,000","424,000","424,000"
11201817,MSI 지포스 GTX 1660 SUPER 게이밍 D6 6GB 트윈프로져7,"1,300,000","1,300,000","1,300,000","1,300,000"
9790326,MSI 지포스 GTX 1660 SUPER 게이밍 X D6 6GB 트윈프로져7,"1,300,000","1,300,000","1,300,000","1,300,000"
13289183,MSI 지포스 GTX 1660 SUPER 게이밍 Z 플러스 D6 6GB 트윈프로져7,"1,300,000","1,300,000","1,300,000","1,300,000"
12626360,MSI 지포스 GTX 1660 SUPER 벤투스 OC D6 6GB,"759,840","759,780","900,000","900,000"
9790371,MSI 지포스 GTX 1660 SUPER 벤투스 S OC D6 6GB,"564,940","564,710","562,880","512,500"
7458586,MSI 지포스 GTX 1660 벤투스 S OC D5 6GB,"569,990","569,990","569,990","569,990"
4705488,MSI 지포스 GTX1050 Ti OC D5 4GB 스톰,"281,000","280,990","290,800","288,990"
4597633,MSI 지포스 GTX1050 Ti OC D5 4GB 윈드스톰,"305,000","304,990","304,990","304,990"
16047968,MSI 지포스 RTX 2060 벤투스 OC D6 12GB,"653,330","656,300","656,300","644,200"
16292681,MSI 지포스 RTX 3050 게이밍 X D6 8GB 트윈프로져8,"531,510","547,800","546,730","549,000"
16313996,MSI 지포스 RTX 3050 벤투스 2X OC D6 8GB,"535,000","535,000","535,000","535,000"
14776451,MSI 지포스 RTX 3060 Ti 게이밍 X D6 8GB 트윈프로져8 LHR,"998,810","951,630","987,770","957,600"
12819230,MSI 지포스 RTX 3060 Ti 게이밍 X 트리오 D6 8GB 트라이프로져2,"3,000,000","3,000,000","3,000,000","3,000,000"
15369467,MSI 지포스 RTX 3060 Ti 벤투스 2X OC V1 D6 8GB LHR,"2,300,000","2,300,000","2,300,000","2,300,000"
13470908,MSI 지포스 RTX 3060 게이밍 X D6 12GB 트윈프로져8,"830,230","823,910","823,730","822,000"
13512254,MSI 지포스 RTX 3060 벤투스 2X OC D6 12GB,"814,000","814,000","814,500","772,650"
14461811,MSI 지포스 RTX 3070 Ti 게이밍 X 트리오 D6X 8GB 트라이프로져2,"1,169,860","1,180,960","1,203,060","1,180,660"
14461691,MSI 지포스 RTX 3070 Ti 벤투스 3X OC D6X 8GB,"1,389,820","1,389,760","1,389,700","1,389,590"
14461889,MSI 지포스 RTX 3070 Ti 슈프림 X D6X 8GB 트라이프로져2S,"1,275,980","1,270,720","1,275,580","1,306,760"
12581765,MSI 지포스 RTX 3070 게이밍 X 트리오 D6 8GB 트라이프로져2,"1,795,920","1,795,920","1,870,740","1,870,740"
14333678,MSI 지포스 RTX 3070 게이밍 Z 트리오 D6 8GB 트라이프로져2,"1,391,000","1,391,000","1,391,000","1,738,740"
14741900,MSI 지포스 RTX 3070 게이밍 Z 트리오 D6 8GB 트라이프로져2 LHR,"1,199,000","1,199,000","1,178,850","1,192,460"
15487148,MSI 지포스 RTX 3070 게이밍 트리오 플러스 D6 8GB 트라이프로져2 LHR,일시품절,일시품절,일시품절,일시품절
12581834,MSI 지포스 RTX 3070 벤투스 2X OC D6 8GB,"2,511,000","2,511,000","2,511,000","2,511,000"
12581867,MSI 지포스 RTX 3070 벤투스 3X OC D6 8GB,"3,000,000","3,000,000","3,000,000","3,000,000"
14398094,MSI 지포스 RTX 3080 Ti 게이밍 X 트리오 D6X 12GB 트라이프로져2,"2,118,240","2,118,180","2,118,120","2,117,940"
14398229,MSI 지포스 RTX 3080 Ti 벤투스 3X OC D6X 12GB,"2,118,300","2,118,060","2,117,830","2,117,640"
14397899,MSI 지포스 RTX 3080 Ti 슈프림 X D6X 12GB 트라이프로져2S,"2,118,960","2,037,200","2,087,250","2,083,290"
12182195,MSI 지포스 RTX 3080 게이밍 X 트리오 D6X 10GB 트라이프로져2,"4,000,000","4,000,000","4,000,000","4,000,000"
16168922,MSI 지포스 RTX 3080 게이밍 Z 트리오 D6X 12GB 트라이프로져2 LHR,"1,966,110",일시품절,일시품절,일시품절
14741834,MSI 지포스 RTX 3080 슈프림 X D6X 10GB 트라이프로져2S LHR,"1,623,530","1,606,000","1,678,990","1,629,090"
16168556,MSI 지포스 RTX 3080 슈프림 X D6X 12GB 트라이프로져2S LHR,"1,730,150","1,715,950","1,707,150","1,792,960"
15157253,MSI 지포스 RTX 3080 시호크 X D6X 10GB LHR,일시품절,일시품절,일시품절,일시품절
12184379,MSI 지포스 RTX 3090 게이밍 X 트리오 D6X 24GB 트라이프로져2,"2,979,000","2,979,000","2,979,000","2,979,000"
12213866,MSI 지포스 RTX 3090 벤투스 3X OC D6X 24GB,"3,559,910","3,559,850","3,559,610","3,559,430"
12762116,MSI 지포스 RTX 3090 슈프림 X D6X 24GB 트라이프로져2S,"2,889,930","2,848,560","2,846,940","2,849,520"
16367189,NVIDIA RTX A2000 D6 6GB,"685,520","685,520","685,520","685,520"
16500317,NVIDIA RTX A4500 D6 20GB,"2,974,400","2,904,000","2,625,090","2,625,090"
13596899,NVIDIA RTX A6000 D6 48GB,0,0,0,"6,479,280"
16380443,NVIDIA T1000 D6 8GB,"524,600","524,420","524,240","524,240"
16509977,NVIDIA 지포스 RTX 3070 Ti Founders Edition D6X 8GB (해외구매),0,0,"1,617,410","1,617,410"
5041377,NVIDIA 쿼드로 P1000 MDP to DP D5 4GB ABKO,"438,060","438,000","437,760","437,580"
5212764,NVIDIA 쿼드로 P1000 MDP to DVI D5 4GB ABKO,"471,560","471,500","471,440","471,260"
6069251,NVIDIA 쿼드로 P620 D5 2GB,0,"233,370","231,970",0
5629649,PALIT 지포스 GT1030 D5 2GB,"279,000","279,000","279,000","279,000"
11001873,PALIT 지포스 GTX 1650 GAMINGPRO OC D6 4GB,"700,000","700,000","700,000","700,000"
9789540,PALIT 지포스 GTX 1660 SUPER GAMINGPRO OC D6 6GB,"1,319,940","1,319,880","1,319,640","1,319,460"
5222292,PALIT 지포스 GTX1050 Ti STORM X D5 4GB,"332,570","332,510","327,590","327,410"
16296293,PALIT 지포스 RTX 3050 Dual D6 8GB,"530,000","530,000","530,000","509,190"
13467653,PALIT 지포스 RTX 3060 Dual D6 12GB,"780,260","780,020","779,780","779,600"
13467650,PALIT 지포스 RTX 3060 Dual OC D6 12GB,일시품절,일시품절,0,0
14804777,PALIT 지포스 RTX 3060 Ti Dual D6 8GB LHR,"934,480","934,240","934,000","917,830"
12822251,PALIT 지포스 RTX 3060 Ti Dual OC D6 8GB,"2,350,000","2,350,000","2,350,000","3,055,000"
14705294,PALIT 지포스 RTX 3070 GAMINGPRO D6 8GB LHR,"1,405,590","1,405,530","1,405,470","1,417,890"
12577718,PALIT 지포스 RTX 3070 GAMINGPRO OC D6 8GB,일시품절,일시품절,일시품절,일시품절
14446811,PALIT 지포스 RTX 3070 Ti GAMINGPRO D6X 8GB,"1,194,850","1,194,850","1,177,440","1,177,440"
12193115,PALIT 지포스 RTX 3080 GAMINGPRO D6X 10GB,"1,919,000","1,919,000","1,919,000","1,919,000"
14789288,PALIT 지포스 RTX 3080 GAMINGPRO D6X 10GB LHR,"1,509,990","1,509,810","1,509,000","1,509,000"
16160780,PALIT 지포스 RTX 3080 GAMINGPRO D6X 12GB LHR,"1,699,000","1,699,000","1,699,000","1,699,000"
12193127,PALIT 지포스 RTX 3080 GAMINGPRO OC D6X 10GB,"4,000,000","4,000,000","4,000,000","4,000,000"
14379917,PALIT 지포스 RTX 3080 Ti GAMINGPRO D6X 12GB,"1,834,100","1,885,240","1,885,000","1,884,820"
12647591,PALIT 지포스 RTX 3090 GAMEROCK OC D6X 24GB,"6,000,000","6,000,000","6,000,000","6,000,000"
12193163,PALIT 지포스 RTX 3090 GAMINGPRO D6X 24GB,"2,895,000","2,895,000","2,869,000","2,869,000"
12193169,PALIT 지포스 RTX 3090 GAMINGPRO OC D6X 24GB,"3,244,880","3,244,880","3,244,880","3,244,880"
11783506,PNY XLR8 지포스 GTX 1660 SUPER OC D6 6GB 마이크로닉스,"1,092,000","1,092,000","1,092,000","1,092,000"
12503714,PNY XLR8 지포스 GTX 1660 SUPER OC D6 6GB 제이씨현,"598,990","598,990","598,990","598,990"
14696054,PNY XLR8 지포스 RTX 2060 Gaming OC D6 6GB 제이씨현,"628,990","628,990","628,990","628,990"
15638465,PNY XLR8 지포스 RTX 2060 Gaming OC V2 D6 6GB 마이크로닉스,"848,180","847,950","847,940","847,760"
15498281,PNY XLR8 지포스 RTX 2060 Gaming OC V2 D6 6GB 제이씨현,"607,350","607,120","607,050","606,930"
13493615,PNY XLR8 지포스 RTX 3060 REVEL EPIC-X RGB D6 12GB Dual 제이씨현,"1,600,000","1,600,000","1,600,000","1,600,000"
14718155,PNY XLR8 지포스 RTX 3070 Ti UPRISING EPIC-X RGB D6X 8GB Triple 마이크로닉스,"1,820,000","1,820,000","1,820,000","1,820,000"
14943164,PNY XLR8 지포스 RTX 3070 Ti UPRISING EPIC-X RGB D6X 8GB Triple 제이씨현,"1,631,330","1,631,090","1,631,030","1,631,030"
14966870,PNY XLR8 지포스 RTX 3080 Ti UPRISING EPIC-X RGB D6X 12GB Triple 마이크로닉스,"4,200,000","4,200,000","4,200,000","4,200,000"
14943338,PNY XLR8 지포스 RTX 3080 Ti UPRISING EPIC-X RGB D6X 12GB Triple 제이씨현,"2,620,940","2,620,700","2,620,460","2,620,280"
14966627,PNY XLR8 지포스 RTX 3080 UPRISING EPIC-X RGB D6X 10GB Triple LHR 마이크로닉스,"2,140,000","2,140,000","2,140,000","2,140,000"
12473333,PNY XLR8 지포스 RTX 3080 UPRISING EPIC-X RGB D6X 10GB Triple 마이크로닉스,"4,000,000","4,000,000",0,0
12660434,PNY XLR8 지포스 RTX 3080 UPRISING EPIC-X RGB D6X 10GB Triple 제이씨현,"2,789,990","2,789,990","2,789,990","2,789,990"
13379024,PNY XLR8 지포스 RTX 3090 REVEL EPIC-X RGB D6X 24GB Triple,"6,000,000","6,000,000","6,000,000","6,000,000"
12473372,PNY XLR8 지포스 RTX 3090 UPRISING EPIC-X RGB D6X 24GB Triple 마이크로닉스,"6,000,000","6,000,000","6,000,000","6,000,000"
15738203,PNY 지포스 GT1030 D4 2GB LP,"132,820","132,760","132,700","133,300"
12504119,PNY 지포스 GT1030 D5 2GB LP,"322,000","322,000","322,000","143,660"
12504233,PNY 지포스 GT710 D3 2GB LP,"116,720","116,720","116,720","116,720"
15735287,PNY 지포스 GTX 1650 D6 4GB Single,"392,620","392,380","392,140","392,020"
16271615,PNY 지포스 RTX 2060 UPRISING D6 12GB Dual 마이크로닉스,"1,003,900","1,003,900","1,003,900","978,350"
16451393,PNY 지포스 RTX 3050 UPRISING D6 8GB Dual 마이크로닉스,"578,000","578,000","569,410","548,790"
16479230,PNY 지포스 RTX 3050 UPRISING D6 8GB Dual 제이씨현,가격비교예정,가격비교예정,"624,000","624,000"
14717927,PNY 지포스 RTX 3060 Ti UPRISING D6 8GB Dual LHR 마이크로닉스,"3,369,230","3,369,170","3,368,930","3,368,700"
14648225,PNY 지포스 RTX 3060 Ti UPRISING D6 8GB Dual LHR 제이씨현,"1,029,420","1,019,780","1,019,540","1,019,370"
15617888,PNY 지포스 RTX 3060 UPRISING D6 12GB Dual 마이크로닉스,"993,460","993,230","993,220","993,040"
15049097,PNY 지포스 RTX 3060 UPRISING D6 12GB Dual 제이씨현,"1,038,950","1,038,950","1,038,950","1,038,950"
12573812,PNY 지포스 RTX 3070 UPRISING D6 8GB Dual 마이크로닉스,"2,089,410","2,089,170","2,088,930","2,088,700"
12660401,PNY 지포스 RTX 3070 UPRISING D6 8GB Dual 제이씨현,"1,987,920","1,987,920","1,987,920","1,987,920"
16224023,PowerColor 라데온 RX 6500 XT Fighter D6 4GB,"331,200","331,200","331,200","331,990"
15427832,PowerColor 라데온 RX 6600 Fighter D6 8GB,"693,600",일시품절,일시품절,일시품절
15553970,PowerColor 라데온 RX 6600 Hellhound D6 8GB,"623,690","623,450","623,210","622,980"
14977763,PowerColor 라데온 RX 6600 XT Hellhound D6 8GB,"1,046,540","1,046,540","1,046,540","1,046,540"
14978066,PowerColor 라데온 RX 6600 XT Red Devil D6 8GB,"1,210,000","1,210,000","1,210,000","1,210,000"
13663412,PowerColor 라데온 RX 6700 XT Hellhound D6 12GB,"1,499,990","1,499,990","1,499,990","1,499,990"
13723676,PowerColor 라데온 RX 6700 XT Red Devil D6 12GB,"1,046,620","1,046,430","1,046,370","1,046,190"
13054754,PowerColor 라데온 RX 6800 XT Red Devil D6 16GB,"2,900,000","2,900,000","2,900,000","2,900,000"
14288834,PowerColor 라데온 RX 6900 XT Red Devil D6 16GB,"1,643,260","1,637,610","1,637,430","1,637,250"
15825416,PowerColor 라데온 RX 6900 XT Red Devil Ultimate D6 16GB,"1,973,760",일시품절,"1,757,360","1,757,360"
9410325,Razer Core X Chroma,"2,000,000","2,000,000","2,000,000","2,000,000"
4319020,SAPPHIRE 라데온 RX 470 NITRO+ OC D5 4GB Dual-X,"2,065,880","2,065,880","2,065,880","2,065,880"
16231076,SAPPHIRE 라데온 RX 6500 XT PULSE OC D6 4GB Dual-X,"371,800","384,430","383,990","332,210"
15428015,SAPPHIRE 라데온 RX 6600 PULSE D6 8GB Dual-X,"620,270","620,210","610,160","595,840"
14975048,SAPPHIRE 라데온 RX 6600 XT NITRO+ OC D6 8GB Dual-X,"785,340","786,750","786,510","781,720"
14974442,SAPPHIRE 라데온 RX 6600 XT PULSE OC D6 8GB Dual-X,"780,420","780,420","780,470","771,570"
13645934,SAPPHIRE 라데온 RX 6700 XT NITRO+ OC D6 12GB Tri-X,"1,149,970","1,149,730","1,149,490","1,215,460"
13646039,SAPPHIRE 라데온 RX 6700 XT PULSE D6 12GB Dual-X,"1,128,300","1,128,300","1,128,300","1,128,300"
15219524,SAPPHIRE 라데온 RX 6700 XT PULSE OC D6 12GB Dual-X,"1,125,530","1,125,290","1,125,170","1,112,030"
12769406,SAPPHIRE 라데온 RX 6800 NITRO+ OC D6 16GB Tri-X,"1,471,280","1,471,040","1,470,460","1,470,280"
12862835,SAPPHIRE 라데온 RX 6800 PULSE OC D6 16GB Tri-X,"1,409,700","1,409,460","1,409,220","1,409,040"
12769409,SAPPHIRE 라데온 RX 6800 XT NITRO+ OC D6 16GB Tri-X,"2,900,000","2,900,000","2,900,000","1,627,100"
12769412,SAPPHIRE 라데온 RX 6800 XT NITRO+ Special Edition OC D6 16GB Tri-X,"3,505,000","3,505,000","3,505,000","3,505,000"
14164469,SAPPHIRE 라데온 RX 6800 XT PULSE OC D6 16GB Tri-X,"1,543,460","1,543,220","1,542,980","1,542,750"
14158349,SAPPHIRE 라데온 RX 6900 XT NITRO+ Special Edition OC D6 16GB Tri-X,"2,127,710","2,127,470","2,127,350","2,094,390"
14158409,SAPPHIRE 라데온 RX 6900 XT TOXIC OC D6 16GB Extreme Edition,"3,062,340","3,062,100","3,061,860","3,002,710"
12700238,SOYO 지포스 GT710 파이어 드래곤 D3 1GB,"200,000","200,000","200,000","200,000"
12700286,SOYO 지포스 GT730 파이어 드래곤 D3 2GB,"130,000","130,000","130,000","130,000"
16224614,XFX 라데온 RX 6500 XT QICK 210 BLACK D6 4GB,"360,720","360,720","360,770","360,750"
15427364,XFX 라데온 RX 6600 SWFT 210 CORE D6 8GB,"633,150","633,150","633,150","633,150"
14979443,XFX 라데온 RX 6600 XT MERC 308 BLACK D6 8GB,"948,480","948,480","948,480","948,480"
14979494,XFX 라데온 RX 6600 XT QICK 308 BLACK D6 8GB,"859,770","858,470","857,430","857,390"
15132614,XFX 라데온 RX 6600 XT SWFT 210 CORE D6 8GB,"817,460","817,230","817,040","816,810"
13653647,XFX 라데온 RX 6700 XT MERC 319 BLACK D6 12GB,"1,800,000","1,800,000","1,800,000","1,800,000"
13787789,XFX 라데온 RX 6700 XT QICK 319 BLACK D6 12GB,"1,199,650","1,199,590","1,199,360","1,199,360"
13682417,XFX 라데온 RX 6700 XT QICK 319 ULTRA D6 12GB,"1,559,000","1,559,000","1,559,000","1,559,000"
15132413,XFX 라데온 RX 6700 XT SWFT 309 CORE D6 12GB,"2,000,000","2,000,000","2,000,000","2,000,000"
14218931,XFX 라데온 RX 6800 QICK 319 BLACK D6 16GB,"3,000,000","3,000,000","3,000,000","3,000,000"
14411957,XFX 라데온 RX 6800 XT MERC 319 D6 16GB,"1,893,340","1,893,100","1,892,860","1,892,630"
13068080,XFX 라데온 RX 6900 XT MERC 319 BLACK D6 16GB,"1,968,290","1,968,170","1,968,110","1,967,880"
15472550,XFX 라데온 RX 6900 XT MERC 319 Limited BLACK D6 16GB,"2,425,300","2,425,300","2,425,300","2,425,300"
15472787,XFX 라데온 RX 6900 XT ZERO EKWB Limited Edition D6 16GB,"2,635,820","2,635,640","2,635,400","2,635,170"
7802995,ZOTAC AMP BOX Mini 230W,일시품절,일시품절,일시품절,일시품절
12504776,ZOTAC GAMING 지포스 GTX 1650 AMP CORE D6 4GB,"391,090","391,090","399,580","371,680"
11001498,ZOTAC GAMING 지포스 GTX 1650 OC D6 4GB,"412,250","412,010","411,770","411,590"
9783714,ZOTAC GAMING 지포스 GTX 1660 SUPER AMP D6 6GB 백플레이트,"1,000,000","1,000,000","1,000,000","1,000,000"
9783615,ZOTAC GAMING 지포스 GTX 1660 SUPER D6 6GB TWIN,"639,780","639,780","625,960","639,750"
9460728,ZOTAC GAMING 지포스 RTX 2060 AIR D6 6GB,"1,371,270","1,371,030","1,370,970","1,370,790"
15868349,ZOTAC GAMING 지포스 RTX 2060 D6 12GB TWIN,"722,820","682,580","723,060","710,850"
16284452,ZOTAC GAMING 지포스 RTX 3050 TWIN Edge D6 8GB,일시품절,일시품절,일시품절,일시품절
16284683,ZOTAC GAMING 지포스 RTX 3050 TWIN Edge OC D6 8GB,"520,800","520,800","520,800","533,990"
13458449,ZOTAC GAMING 지포스 RTX 3060 TWIN Edge OC D6 12GB,"1,500,000","1,500,000","1,500,000","1,500,000"
14853878,ZOTAC GAMING 지포스 RTX 3060 TWIN Edge OC D6 12GB LHR,"838,940","834,680","835,000","790,190"
12785207,ZOTAC GAMING 지포스 RTX 3060 Ti TWIN Edge D6 8GB,"1,070,000","1,070,000","1,070,000","1,030,360"
12785351,ZOTAC GAMING 지포스 RTX 3060 Ti TWIN Edge OC D6 8GB,"2,350,000","2,350,000","2,350,000","3,055,000"
14967074,ZOTAC GAMING 지포스 RTX 3060 Ti TWIN Edge OC D6 8GB LHR,"987,040","982,230","977,160","951,700"
13148663,ZOTAC GAMING 지포스 RTX 3070 AMP Holo Black D6 8GB,"2,500,000","2,500,000","2,500,000","2,500,000"
12573077,ZOTAC GAMING 지포스 RTX 3070 TWIN Edge D6 8GB,"4,000,000","4,000,000","4,000,000","4,000,000"
12572657,ZOTAC GAMING 지포스 RTX 3070 TWIN Edge OC D6 8GB,"2,275,000","2,275,000","2,275,000",0
14824238,ZOTAC GAMING 지포스 RTX 3070 TWIN Edge OC D6 8GB LHR,"1,144,500","1,144,500","1,208,990","1,156,520"
12888176,ZOTAC GAMING 지포스 RTX 3070 TWIN Edge OC D6 8GB White,"1,489,000","1,489,000","1,489,000","1,489,000"
14705405,ZOTAC GAMING 지포스 RTX 3070 Ti Trinity OC D6X 8GB,"1,245,040","1,244,630","1,220,560","1,194,750"
12644603,ZOTAC GAMING 지포스 RTX 3080 AMP Holo Black D6X 10GB,"3,640,000","3,640,000","3,640,000","3,640,000"
14379113,ZOTAC GAMING 지포스 RTX 3080 Ti AMP Holo Black D6X 12GB,"2,293,240","2,293,000","2,292,760","2,292,530"
14297141,ZOTAC GAMING 지포스 RTX 3080 Ti Trinity D6X 12GB,일시품절,일시품절,일시품절,일시품절
14694815,ZOTAC GAMING 지포스 RTX 3080 Ti Trinity OC D6X 12GB,"2,111,300","2,111,300","2,111,300","2,111,300"
12204308,ZOTAC GAMING 지포스 RTX 3080 Trinity D6X 10GB,"4,000,000","4,000,000","4,000,000","4,000,000"
15108581,ZOTAC GAMING 지포스 RTX 3080 Trinity D6X 10GB LHR,"1,880,000","1,880,000","1,880,000","1,880,000"
16155590,ZOTAC GAMING 지포스 RTX 3080 Trinity D6X 12GB LHR,"2,200,000","2,200,000","1,701,400","1,629,000"
14443649,ZOTAC GAMING 지포스 RTX 3080 Trinity OC D6X 10GB,"3,988,920","3,988,860","3,988,810","3,999,990"
13493390,ZOTAC GAMING 지포스 RTX 3080 Trinity OC D6X 10GB White,"3,000,000","3,000,000","3,000,000","3,000,000"
15465224,ZOTAC GAMING 지포스 RTX 3080 Trinity OC D6X 10GB White LHR,"1,830,000","1,830,000","1,830,000","1,830,000"
15014204,ZOTAC GAMING 지포스 RTX 3090 AMP EXTREME Holo D6X 24GB,"3,502,400","3,502,400","3,502,400","3,502,400"
14813270,ZOTAC GAMING 지포스 RTX 3090 ArcticStorm D6X 24GB,"3,840,690","3,979,990","3,979,990","3,979,990"
12203036,ZOTAC GAMING 지포스 RTX 3090 Trinity D6X 24GB,"3,127,000","3,127,000","3,340,800","3,021,000"
5149136,ZOTAC 지포스 GT1030 D5 2GB LP,"220,000","220,000","220,000","220,000"
4023250,ZOTAC 지포스 GT710 ZONE D3 1GB LP 무소음 PCIE x1,"330,000","330,000","330,000","330,000"
14442005,ZOTAC 지포스 RTX 3070 Ti AMP Holo Black D6X 8GB,"1,975,000","1,975,000","1,975,000","1,975,000"
14442290,ZOTAC 지포스 RTX 3070 Ti Trinity D6X 8GB,"1,314,400","1,314,400","1,314,400","1,288,000"
7479994,갤럭시 BOY 지포스 GT1030 D5 2GB,"400,000","400,000","400,000","400,000"
11914264,갤럭시 BOY 지포스 GT1030 EXOC WHITE D5 2GB LP,"324,000","324,000","324,000","324,000"
7480081,갤럭시 BOY 지포스 GT710 D3 1GB LP 무소음,"51,410","51,410","51,410","51,410"
14626139,갤럭시 BOY 지포스 GT730 D3 2GB LP,"63,960","63,930","63,810","63,700"
11671655,갤럭시 BOY 지포스 GT730 D5 2GB,"120,000","120,000","120,000","120,000"
7479631,갤럭시 BOY 지포스 GTX 1660 D5 6GB,"824,000","824,000","824,000","824,000"
7115296,갤럭시 BOY 지포스 RTX 2060 D6 6GB,"963,900","963,900","963,900","963,900"
13462322,갤럭시 BOY 지포스 RTX 3060 D6 12GB,"1,800,000","1,800,000","1,800,000","1,800,000"
15145340,갤럭시 BOY 지포스 RTX 3060 V2 D6 12GB,"872,710","872,470","872,230","872,230"
12203912,갤럭시 BOY 지포스 RTX 3080 SG D6X 10GB,"5,000,000","5,000,000","5,000,000","5,000,000"
12203915,갤럭시 BOY 지포스 RTX 3090 SG D6X 24GB,"3,840,640","3,979,930","3,979,870","3,979,760"
4369158,갤럭시 GALAX Hall Of Fame SLI 브릿지 대교 8,"37,040","37,040","37,040","37,040"
13183400,갤럭시 GALAX 지포스 GT1030 D-SUB D5 2GB,"322,000","322,000","322,000","322,000"
5150742,갤럭시 GALAX 지포스 GT1030 D5 2GB,"146,000","146,000","146,000","146,000"
13829603,갤럭시 GALAX 지포스 GT1030 PLUS D4 2GB,"144,000","144,000","144,000","144,000"
5150631,갤럭시 GALAX 지포스 GT1030 강아지 EXOC D5 2GB LP,"234,470","234,470","234,470","234,470"
3745148,갤럭시 GALAX 지포스 GT710 D3 1GB LP,"70,000","70,000","70,000","70,000"
3758234,갤럭시 GALAX 지포스 GT710 D3 1GB LP 무소음,"82,700","82,700","82,980","82,980"
14626073,갤럭시 GALAX 지포스 GT730 D3 2GB LP,"66,210","66,090","65,660","65,640"
13803074,갤럭시 GALAX 지포스 GT730 D3 4GB,"87,000","87,000","87,000","87,000"
2927307,갤럭시 GALAX 지포스 GT730 EX OC D5 1GB LP,"166,700","166,700","146,640","146,640"
11602691,갤럭시 GALAX 지포스 GT730 PLUS D5 2GB,"150,000","150,000","150,000","150,000"
10996128,갤럭시 GALAX 지포스 GTX 1650 BLACK EX D6 4GB,"400,630","400,580","394,920","394,740"
11813914,갤럭시 GALAX 지포스 GTX 1650 BLACK EX PLUS OC D6 4GB,"800,000","800,000","800,000","800,000"
10996143,갤럭시 GALAX 지포스 GTX 1650 D6 4GB LP,"409,000","408,990","408,990","408,990"
9983658,갤럭시 GALAX 지포스 GTX 1650 SUPER EX BLACK OC D6 4GB,"587,000","587,000","587,000","587,000"
12013568,갤럭시 GALAX 지포스 GTX 1650 SUPER EX WHITE OC D6 4GB,"565,000","565,000","565,000","565,000"
7462198,갤럭시 GALAX 지포스 GTX 1660 BLACK D D5 6GB,"499,100","499,100","499,100","551,690"
9790470,갤럭시 GALAX 지포스 GTX 1660 SUPER EX BLACK OC D6 6GB,"1,424,950","1,424,950","1,424,950","1,424,950"
9790467,갤럭시 GALAX 지포스 GTX 1660 SUPER EX WHITE OC D6 6GB,"948,470","948,410","948,360","948,350"
9790461,갤럭시 GALAX 지포스 GTX 1660 SUPER OC D6 6GB,"624,000","624,000","624,000","624,000"
7312357,갤럭시 GALAX 지포스 GTX 1660 Ti BLACK D D6 6GB,"643,000","642,990","642,810","501,550"
9211461,갤럭시 GALAX 지포스 GTX 1660 Ti EX WHITE ELITE OC D6 6GB,"832,240","832,240","832,240","832,240"
16297274,갤럭시 GALAX 지포스 GTX1050 Ti D5 4GB (벌크),"312,380","312,320","312,260","312,080"
8493825,갤럭시 GALAX 지포스 GTX1050 Ti D5 4GB DUAL,"318,940","318,880","318,640","318,820"
13947218,갤럭시 GALAX 지포스 GTX1050 Ti SE D5 4GB,"331,370","331,370","331,370","331,370"
4840977,갤럭시 GALAX 지포스 GTX1050 Ti 개간지 EXOC D5 4GB,"600,000","600,000","600,000","600,000"
5900442,갤럭시 GALAX 지포스 GTX1070 EXOC D5 8GB G天命,"886,640","886,640","886,640","886,640"
7061923,갤럭시 GALAX 지포스 RTX 2060 BLACK D D6 6GB,"735,000","735,000","735,000","599,000"
12753542,갤럭시 GALAX 지포스 RTX 2060 PLUS OC D6 6GB,"695,000","695,000","695,000","694,990"
8467725,갤럭시 GALAX 지포스 RTX 2060 SUPER EX BLACK OC D6 8GB,"1,278,480","1,278,480","1,278,480","1,278,480"
8851184,갤럭시 GALAX 지포스 RTX 2060 SUPER OC D6 8GB,"1,248,360","1,248,360","1,248,360","1,248,360"
7116202,갤럭시 GALAX 지포스 RTX 2060 WHITE D EX D6 6GB,"1,070,500","1,070,500","1,070,500","1,070,500"
13462232,갤럭시 GALAX 지포스 RTX 3060 D6 12GB,"1,800,000","1,800,000","1,800,000","1,800,000"
13462049,갤럭시 GALAX 지포스 RTX 3060 EX BLACK OC D6 12GB,"1,800,000","1,800,000","1,800,000","1,800,000"
14990648,갤럭시 GALAX 지포스 RTX 3060 EX BLACK OC V2 D6 12GB,"908,950","908,990","908,990","908,990"
13461908,갤럭시 GALAX 지포스 RTX 3060 EX WHITE OC D6 12GB,"1,346,520","1,346,520","1,346,520","1,346,520"
14953979,갤럭시 GALAX 지포스 RTX 3060 EX WHITE OC V2 D6 12GB,"908,940","908,890","908,830","908,990"
14718956,갤럭시 GALAX 지포스 RTX 3060 Ti D6 8GB LHR,"1,103,950","1,104,000","1,104,000","1,104,000"
12822125,갤럭시 GALAX 지포스 RTX 3060 Ti EX BLACK OC D6 8GB,"1,335,470","1,335,470","1,335,470","1,335,470"
14918684,갤럭시 GALAX 지포스 RTX 3060 Ti EX BLACK OC D6 8GB LHR,"1,117,950","1,117,990","1,117,990","1,118,000"
12822149,갤럭시 GALAX 지포스 RTX 3060 Ti EX WHITE OC D6 8GB,"3,000,000","3,000,000","3,000,000","3,000,000"
14788691,갤럭시 GALAX 지포스 RTX 3060 Ti EX WHITE OC D6 8GB LHR,"1,118,000","1,118,000","1,118,000","1,118,000"
14448719,갤럭시 GALAX 지포스 RTX 3060 V2 D6 12GB,"895,770","896,000","863,190","895,940"
14413778,갤럭시 GALAX 지포스 RTX 3070 D6 8GB LHR,"1,213,000","1,213,000","1,213,000","1,213,000"
12576893,갤럭시 GALAX 지포스 RTX 3070 EX BLACK OC D6 8GB,"3,000,000","3,000,000","3,000,000","3,000,000"
13279097,갤럭시 GALAX 지포스 RTX 3070 EX BLACK OC V3 D6 8GB,"2,150,000","2,150,000","2,150,000","2,150,000"
14967383,갤럭시 GALAX 지포스 RTX 3070 EX BLACK OC V3 D6 8GB LHR,"1,572,000","1,572,000","1,572,000","1,572,000"
15298211,갤럭시 GALAX 지포스 RTX 3070 EX GAMER BLACK OC D6 8GB LHR,"1,300,000","1,300,000","1,300,000","1,300,000"
14905457,갤럭시 GALAX 지포스 RTX 3070 EX GAMER WHITE OC D6 8GB LHR,"1,350,000","1,350,000","1,350,000","1,350,000"
12851747,갤럭시 GALAX 지포스 RTX 3070 EX Gamer BLACK OC D6 8GB,"1,873,000","1,873,000","1,873,000","1,873,000"
13131551,갤럭시 GALAX 지포스 RTX 3070 EX Gamer WHITE OC D6 8GB,"2,836,500","3,000,000","3,000,000","3,000,000"
12576932,갤럭시 GALAX 지포스 RTX 3070 EX WHITE OC D6 8GB,"2,565,000","2,565,000","2,565,000","2,565,000"
15223814,갤럭시 GALAX 지포스 RTX 3070 EX WHITE OC V3 D6 8GB LHR,"1,268,760","1,310,000","1,310,000","1,499,000"
12576701,갤럭시 GALAX 지포스 RTX 3070 SG D6 8GB,"4,400,000","4,400,000","4,400,000","4,400,000"
14527049,갤럭시 GALAX 지포스 RTX 3070 Ti D6X 8GB,"1,338,528","1,338,528","1,338,528","1,356,000"
14446805,갤럭시 GALAX 지포스 RTX 3070 Ti EX BLACK OC D6X 8GB,"1,370,390","1,352,100","1,373,850","1,357,000"
15298289,갤럭시 GALAX 지포스 RTX 3070 Ti EX GAMER BLACK OC D6X 8GB,"1,507,000","1,441,000","1,507,000","1,507,000"
14918870,갤럭시 GALAX 지포스 RTX 3070 Ti EX GAMER WHITE OC D6X 8GB,"1,603,770","1,603,770","1,603,770","1,603,770"
14446802,갤럭시 GALAX 지포스 RTX 3070 Ti EX WHITE OC D6X 8GB,"1,372,920","1,372,910","1,374,470","1,375,990"
14446808,갤럭시 GALAX 지포스 RTX 3070 Ti SG OC D6X 8GB,"1,440,950","1,440,990","1,440,990","1,441,000"
14990558,갤럭시 GALAX 지포스 RTX 3080 EX GAMER BLACK OC D6X 10GB LHR,"1,924,950","1,924,990","1,924,990","1,925,000"
14936474,갤럭시 GALAX 지포스 RTX 3080 EX GAMER WHITE OC D6X 10GB LHR,"1,924,940","1,924,880","1,760,000","1,925,000"
12254084,갤럭시 GALAX 지포스 RTX 3080 EX Gamer BLACK OC D6X 10GB,"4,000,000","4,000,000",0,0
12187499,갤럭시 GALAX 지포스 RTX 3080 SG D6X 10GB,"4,000,000","4,000,000","4,000,000","4,000,000"
14472533,갤럭시 GALAX 지포스 RTX 3080 SG D6X 10GB LHR,"1,862,950","1,839,900","1,839,850","1,849,760"
15298376,갤럭시 GALAX 지포스 RTX 3080 Ti EX GAMER BLACK OC D6X 12GB,"2,302,160","2,301,980","2,080,000","2,302,950"
14379914,갤럭시 GALAX 지포스 RTX 3080 Ti EX GAMER WHITE OC D6X 12GB,"2,302,940","2,302,990","2,080,000","2,303,000"
14741273,갤럭시 GALAX 지포스 RTX 3080 Ti Hall Of Fame D6X 12GB,"3,248,990","3,248,990","3,248,990","3,248,990"
14741345,갤럭시 GALAX 지포스 RTX 3080 Ti Hall Of Fame D6X 12GB Premium,일시품절,일시품절,일시품절,일시품절
14278706,갤럭시 GALAX 지포스 RTX 3080 Ti SG OC D6X 12GB,"2,202,750","2,202,690","2,202,620","2,202,580"
12254096,갤럭시 GALAX 지포스 RTX 3090 EX Gamer BLACK OC D6X 24GB,"3,443,940","3,443,890","3,443,830","3,443,830"
12548294,갤럭시 GALAX 지포스 RTX 3090 EX Gamer WHITE OC D6X 24GB,"3,441,830","3,441,770","3,441,710","3,441,710"
13880009,갤럭시 GALAX 지포스 RTX 3090 Hall Of Fame D6X 24GB,"6,000,000","6,000,000","6,000,000","6,000,000"
13499468,갤럭시 GALAX 지포스 RTX 3090 Hall Of Fame D6X 24GB Limited Edition,"6,000,000","6,000,000","6,000,000","6,000,000"
12187508,갤럭시 GALAX 지포스 RTX 3090 SG D6X 24GB,"3,314,660","3,344,000","3,342,870","3,370,750"
15626996,갤럭시 갤라즈 BOY 지포스 GT610 D3 2GB LP,"46,200","46,160","45,620","45,520"
15867527,갤럭시 갤라즈 BOY 지포스 GT730 D3 4GB,"84,600","81,300","81,300","81,300"
15568853,갤럭시 갤라즈 GALAX 지포스 GT610 D3 2GB LP,"47,430","47,320","47,250","47,230"
15867503,갤럭시 갤라즈 GALAX 지포스 GT730 D3 4GB,"87,000","86,990","86,990","86,990"
15877457,갤럭시 갤라즈 GALAX 지포스 RTX 2060 PLUS OC D6 12GB,"723,940","723,890","688,000","713,100"
16301489,갤럭시 갤라즈 GALAX 지포스 RTX 3050 D6 8GB,"486,000","486,000","486,000","514,000"
16301495,갤럭시 갤라즈 GALAX 지포스 RTX 3050 EX BLACK OC D6 8GB,"620,000","620,000","620,000","620,000"
16310552,갤럭시 갤라즈 GALAX 지포스 RTX 3080 EX GAMER BLACK OC D6X 12GB LHR,"2,005,950","2,006,000","2,006,000","2,005,990"
15554399,갤럭시 갤라즈 GALAX 지포스 RTX 3080 Hall Of Fame D6X 10GB LHR,"2,598,370","2,618,950","2,618,950","2,618,950"
16163495,갤럭시 갤라즈 GALAX 지포스 RTX 3080 SG OC D6X 12GB LHR,"1,981,950","1,982,000","1,982,000","1,982,000"
1695462,갤럭시 지포스 GT610 D3 2GB LP,"47,800","47,800","47,800","47,800"
12445391,갤럭시 지포스 RTX 2060 PLUS EX WHITE OC D6 6GB,"1,600,000","1,600,000","1,600,000","1,600,000"
16466984,레노버 지포스 RTX 3080 D6X 10GB (4X61C56103),"1,699,950","1,699,950","1,699,950","1,699,950"
5540895,리드텍 WinFast 지포스 GT1030 D5 2GB,"257,480","257,480","257,480","257,480"
5541069,리드텍 WinFast 지포스 GT710 D3 1GB,"87,090","87,090","87,090","87,090"
15745244,리드텍 WinFast 지포스 GT730 D3 1GB LP,"72,680","72,650","72,530","72,450"
15745520,리드텍 WinFast 지포스 GT730 D3 2GB LP,"82,220","82,100","82,070","81,980"
12296372,리드텍 WinFast 지포스 GTX 1650 D6 4GB,"416,420","416,420","416,420","416,420"
11704985,리드텍 WinFast 지포스 GTX 1650 D6 4GB LP,"455,220","455,150","455,090","397,000"
9883551,리드텍 WinFast 지포스 GTX 1660 SUPER HURRICANE D6 6GB,"651,520","651,460","651,220","651,040"
16401590,리드텍 WinFast 지포스 RTX 3050 HURRICANE WHITE D6 8GB,"534,600","534,600",일시품절,일시품절
15968993,리드텍 WinFast 지포스 RTX 3060 CLASSIC D6 12GB,"1,029,840","1,029,840","1,029,840","1,029,840"
13511903,리드텍 WinFast 지포스 RTX 3060 HURRICANE WHITE D6 12GB,"940,720","995,620","995,560","995,560"
16289399,리드텍 WinFast 지포스 RTX 3070 AI BLOWER D6 8GB,"1,159,770","1,159,530","1,158,030","1,157,910"
12905510,리드텍 WinFast 지포스 RTX 3070 HURRICANE D6 8GB,"1,063,550","1,075,580","1,075,630","1,075,310"
16289072,리드텍 WinFast 지포스 RTX 3070 Ti HURRICANE D6X 8GB,"1,232,500","1,232,260","1,232,200","1,232,200"
12705845,리드텍 WinFast 지포스 RTX 3080 HURRICANE D6X 10GB,"1,645,470","1,670,200","1,650,380","1,650,150"
16285928,리드텍 WinFast 지포스 RTX 3080 HURRICANE D6X 12GB,"1,724,780","1,724,540","1,724,300","1,724,120"
14649503,리드텍 WinFast 지포스 RTX 3080 Ti HURRICANE D6X 12GB,"1,915,200","1,915,200","1,915,200","1,915,200"
14094179,액슬 지포스 GT710 클래식 D3 2GB 무소음,"200,000","200,000","200,000","200,000"
14094257,액슬 지포스 GT710 클래식 V2 D3 1GB 무소음,"180,000","180,000","180,000","180,000"
14093891,액슬 지포스 GT730 클래식 D3 2GB,"64,820","64,710","64,700","64,610"
6509735,액슬 지포스 GTX1050 Ti 클래식 V2 D5 4GB,일시품절,일시품절,일시품절,일시품절
13981064,액슬 지포스 GTX1050 클래식 V2 D5 2GB,"600,000","600,000","600,000","600,000"
13981562,액슬 지포스 GTX750 Ti 클래식 D5 4GB,"400,000","400,000","400,000","400,000"
7424305,액슬 지포스 GTX750 Ti 클래식 V2 D5 2GB,"400,000","400,000","400,000","400,000"
11567090,엠탑코리아 지포스 GTX1050 NEW D5 2GB 듀얼쿨러,"247,970",0,0,0
9332754,이엠텍 HV 지포스 GTX 1660 STORM X Dual V2 D5 6GB,"930,400","930,330","930,280","930,270"
8454207,이엠텍 HV 지포스 RTX 2060 SUPER STORM X Dual D6 8GB,"1,750,000","1,750,000","1,750,000","1,750,000"
12871286,이엠텍 HV 지포스 RTX 3070 BLACK MONSTER COD OC D6 8GB,"2,982,000","2,982,000","2,982,000","2,982,000"
14546186,이엠텍 HV 지포스 RTX 3070 BLACK MONSTER OC D6 8GB LHR,"1,212,330","1,212,080","1,211,840","1,211,610"
14568422,이엠텍 HV 지포스 RTX 3080 BLACK MONSTER OC D6X 10GB LHR,"1,655,220","1,654,980","1,654,740","1,654,560"
12192998,이엠텍 HV 지포스 RTX 3090 BLACK MONSTER OC D6X 24GB,"2,958,500","2,958,260","2,956,990","2,956,820"
6440136,이엠텍 XENON 지포스 GT1030 D4 2GB,"127,540","127,300","127,060","126,890"
2665319,이엠텍 XENON 지포스 GT730 D3 2GB LP,"115,410","115,410","115,410","115,410"
9235185,이엠텍 XENON 지포스 GTX 1660 Ti STORM X Dual D6 6GB WHITE,"2,500,000","2,500,000","2,500,000","2,500,000"
4610900,이엠텍 XENON 지포스 GTX1050 Ti STORM X Nano D5 4GB,"303,440","303,440","300,150","290,500"
2071918,이엠텍 XENON 지포스 GTX770 JETSTREAM D5 4GB,"506,000","506,000","506,000","506,000"
12584576,이엠텍 XENON 지포스 RTX 3070 TURBO JET OC D6 8GB,"2,500,000","2,500,000","2,500,000","2,500,000"
14534291,이엠텍 XENON 지포스 RTX 3070 TURBO JET OC D6 8GB LHR,"1,304,240","1,304,000","1,303,760","1,303,580"
12265184,이엠텍 XENON 지포스 RTX 3080 TURBO JET OC D6X 10GB,"1,900,000","1,900,000","1,900,000","1,900,000"
15699749,이엠텍 XENON 지포스 RTX 3080 TURBO JET OC D6X 10GB LHR,"1,634,160","1,634,160","1,635,690","1,633,390"
16278695,이엠텍 XENON 지포스 RTX 3080 TURBO JET OC D6X 12GB LHR,"1,755,420","1,750,960","1,719,270","1,679,600"
12294263,이엠텍 XENON 지포스 RTX 3090 TURBO JET OC D6X 24GB,"2,945,300","2,926,820","2,892,790","2,887,990"
11837131,이엠텍 지포스 GT710 D3 1GB LP,"200,000","200,000","200,000","200,000"
11001336,이엠텍 지포스 GTX 1650 STORM X Dual MINI OC D6 4GB,"377,990","377,750","377,990","376,500"
11032536,이엠텍 지포스 GTX 1650 SUPER MIRACLE D6 4GB,"1,000,000","1,000,000","1,000,000","1,000,000"
14221598,이엠텍 지포스 GTX 1660 STORM X Dual BASIC OC D5 6GB,"1,320,000","1,394,570","1,364,880","1,334,880"
10090653,이엠텍 지포스 GTX 1660 SUPER MIRACLE D6 6GB,"1,319,940","1,319,880","1,319,640","1,319,520"
13462442,이엠텍 지포스 GTX 1660 SUPER STORM X Dual BASIC OC D6 6GB,"559,000","505,000","558,880","526,230"
10078713,이엠텍 지포스 GTX 1660 SUPER STORM X Dual D6 6GB,"2,000,000","2,000,000","2,000,000","2,000,000"
9790980,이엠텍 지포스 GTX 1660 SUPER STORM X Dual OC D6 6GB,"977,000","977,000","977,000","977,000"
15422960,이엠텍 지포스 GTX 1660 Ti STORM X Dual BASIC OC D6 6GB,"561,990","561,990","560,790","560,790"
15941003,이엠텍 지포스 RTX 2060 STORM X Dual BASIC D6 12GB,"688,380","688,140","670,150","670,150"
13391444,이엠텍 지포스 RTX 2060 STORM X Dual BASIC D6 6GB,"747,940","747,700","747,640","735,000"
14157626,이엠텍 지포스 RTX 2060 STORM X Dual BASIC OC D6 6GB,"890,000","890,000","882,800","882,800"
7455784,이엠텍 지포스 RTX 2060 STORM X Dual D6 6GB,"1,600,000","1,600,000","1,600,000","1,600,000"
7038919,이엠텍 지포스 RTX 2060 STORM X Dual OC D6 6GB,"1,499,990","1,499,990","1,499,990","1,499,990"
13474406,이엠텍 지포스 RTX 2060 SUPER STORM X Dual BASIC D6 8GB,"788,140","787,960","787,310","767,590"
16291658,이엠텍 지포스 RTX 3050 STORM X Dual OC D6 8GB,"537,900","537,660","537,420","539,000"
13718564,이엠텍 지포스 RTX 3060 MIRACLE D6 12GB,"1,800,000","1,800,000","1,800,000","1,800,000"
13463144,이엠텍 지포스 RTX 3060 STORM X Dual OC D6 12GB,"863,500","866,860","862,300","851,260"
15314987,이엠텍 지포스 RTX 3060 STORM X Dual OC D6 12GB 디아블로2 레저렉션,"975,000","975,000","955,000","944,000"
12822206,이엠텍 지포스 RTX 3060 Ti BLACK EDITION OC D6 8GB,"3,000,000","3,000,000","3,000,000","3,000,000"
12822224,이엠텍 지포스 RTX 3060 Ti STORM X Dual OC D6 8GB,"976,830","976,840","938,880","930,860"
12574376,이엠텍 지포스 RTX 3070 BLACK EDITION OC D6 8GB,"2,770,000","2,770,000","2,770,000","2,770,000"
14534075,이엠텍 지포스 RTX 3070 BLACK EDITION OC D6 8GB LHR,"1,250,000","1,250,000","1,250,000","1,390,000"
14406062,이엠텍 지포스 RTX 3070 Ti BLACK EDITION D6X 8GB,"1,193,940","1,192,060","1,191,780","1,152,920"
15308354,이엠텍 지포스 RTX 3070 Ti STORM DARK D6X 8GB 디아블로2 레저렉션,"1,759,330","1,759,330","1,759,330","1,759,330"
12183518,이엠텍 지포스 RTX 3080 BLACK EDITION OC D6X 10GB,"4,000,000","4,000,000","4,000,000","4,000,000"
14578316,이엠텍 지포스 RTX 3080 BLACK EDITION OC D6X 10GB LHR,"1,626,400","1,626,400","1,626,400","1,582,000"
16231571,이엠텍 지포스 RTX 3080 BLACK EDITION OC D6X 12GB LHR,"1,633,440","1,629,980","1,626,630","1,626,150"
14281406,이엠텍 지포스 RTX 3080 Ti BLACK EDITION D6X 12GB,"1,808,150","1,808,140","1,803,420","1,803,300"
13078220,이엠텍 지포스 RTX 3090 BLACK EDITION D6X 24GB,"3,502,400","3,502,400","3,502,400","3,502,400"
12183533,이엠텍 지포스 RTX 3090 BLACK EDITION OC D6X 24GB,"2,884,580","2,881,700","2,869,940","2,869,890"
16364321,지포스 G210 D3 512MB (중고),"8,990","8,990","8,990","8,990"
16364171,지포스 GT610 D3 1GB (중고),"20,990","20,990","20,990","20,990"
6641779,지포스 GTX1060 D5 3GB (중고),0,0,"214,400","214,170"
11979008,지포스 RTX 2070 D6 8GB (중고),0,0,0,"693,490"
16319510,지포스 RTX 3060 D6 12GB (중고),"1,173,840","1,173,610","1,173,420","1,173,190"
16319558,지포스 RTX 3060 Ti D6 8GB (중고),"1,927,560","1,927,310","1,927,070","1,927,020"
16319603,지포스 RTX 3070 D6 8GB (중고),"1,080,000","1,080,000","1,080,000","1,080,000"
16512887,지포스 RTX 3070 Ti D6X 8GB (중고),0,0,"1,179,150","1,179,150"
16362338,지포스 RTX 3080 D6X 10GB (중고),"1,930,000","1,930,000","1,930,000","1,930,000"
